{"type": "FeatureCollection", "crs": {"type": "name", "properties": {"name": "urn:ogc:def:crs:OGC:1.3:CRS84"}}, "features": [{"type": "Feature", "properties": {"ID_0": 105, "ISO": "IND", "NAME_0": "India", "ID_1": 3, "NAME_1": "Arunachal Pradesh", "NL_NAME_1": null, "VARNAME_1": "Agence de la Frontire du Nord-Est(French-obsolete)|North East Frontier Agency", "TYPE_1": "State", "ENGTYPE_1": "State"}, "geometry": {"type": "Polygon", "coordinates": [[[96.1577758789063, 29.383100509643555], [96.16380310058594, 29.37668037414562], [96.17524719238281, 29.364530563354606], [96.18032073974615, 29.355501174927042], [96.18578338623064, 29.344480514526424], [96.185111999512, 29.33909988403326], [96.18308258056658, 29.309251785278377], [96.18840026855463, 29.30463027954113], [96.19719696044939, 29.29810333251953], [96.20323944091825, 29.293619155883846], [96.20754241943365, 29.281770706176758], [96.21005249023443, 29.274860382080192], [96.22619628906267, 29.25980949401867], [96.2341690063476, 29.24345970153803], [96.24356842041033, 29.235122680664006], [96.2508392333985, 29.233238220214844], [96.26571655273443, 29.23655128479021], [96.26613616943365, 29.236520767211914], [96.28279876709013, 29.235330581665153], [96.29299926757818, 29.235788345337085], [96.29347229003935, 29.236349105835075], [96.31260681152361, 29.25909996032709], [96.32015991210966, 29.26165008544922], [96.34533691406278, 29.26735115051281], [96.35074615478533, 29.271890640259016], [96.35838317871111, 29.28154182434082], [96.36315155029314, 29.285631179809798], [96.36902618408197, 29.286300659179688], [96.37497711181658, 29.28372955322277], [96.37548828125028, 29.283197402954215], [96.37576293945312, 29.282917022705078], [96.38208770751959, 29.276380538940657], [96.38754272460938, 29.263820648193303], [96.39280700683605, 29.256500244140625], [96.39176940917986, 29.24617195129406], [96.38867187499994, 29.236652374267805], [96.387710571289, 29.233711242675838], [96.3802108764649, 29.22657966613764], [96.3713684082033, 29.218030929565487], [96.36935424804699, 29.21379852294922], [96.36633300781278, 29.207460403442496], [96.36302947998053, 29.198400497436637], [96.35849761962919, 29.181629180908203], [96.34635925292986, 29.171030044555778], [96.33255767822294, 29.16953086853033], [96.31004333496122, 29.168500900268498], [96.30764007568376, 29.168390274048136], [96.30641174316418, 29.167940139770735], [96.29058074951183, 29.162147521972713], [96.27246093750011, 29.160680770873967], [96.26670074462896, 29.161090850830135], [96.26020050048834, 29.160160064697493], [96.25551605224638, 29.154170989990234], [96.24890136718767, 29.150171279907283], [96.2387771606447, 29.148487091064453], [96.23808288574224, 29.148370742797965], [96.22776031494146, 29.146379470825423], [96.21749877929693, 29.138099670410156], [96.21508789062528, 29.133251190185604], [96.20868682861334, 29.12071037292486], [96.20503234863298, 29.11444091796875], [96.20033264160162, 29.10593032836914], [96.18562316894537, 29.09461975097662], [96.17980957031244, 29.092100143432674], [96.16950225830107, 29.08763122558605], [96.16316986083996, 29.08673858642578], [96.15554046630871, 29.0856609344483], [96.1242065429688, 29.080669403076286], [96.11450195312506, 29.077602386474666], [96.13671112060541, 29.064470291137695], [96.15039062500011, 29.053140640258846], [96.16084289550787, 29.036510467529297], [96.16520690917974, 29.020109176635685], [96.16883087158209, 29.01288032531761], [96.17561340332026, 29.0034694671632], [96.18022918701189, 28.999410629272518], [96.18485260009771, 28.98811912536638], [96.18454742431669, 28.977779388427734], [96.18044281005876, 28.968540191650504], [96.16220092773443, 28.959680557251033], [96.15516662597685, 28.955602645874137], [96.15406036376947, 28.94651031494152], [96.15033721923834, 28.943130493164062], [96.14524841308622, 28.937488555908203], [96.1553421020509, 28.928329467773665], [96.16297912597668, 28.92206001281744], [96.16557312011719, 28.914039611816463], [96.1665267944336, 28.905929565429688], [96.17472839355469, 28.904260635375977], [96.1859970092774, 28.912010192871037], [96.20465087890642, 28.919160842895508], [96.21546936035185, 28.923299789428768], [96.22814941406256, 28.92933082580589], [96.24829864501953, 28.942840576171932], [96.25565338134771, 28.95925140380865], [96.26065063476591, 28.9651393890382], [96.26819610595709, 28.97129058837902], [96.28186798095703, 28.983690261841048], [96.28659057617216, 28.99201965332037], [96.293701171875, 28.998729705810547], [96.301078796387, 29.002241134643555], [96.30912780761713, 29.005590438842887], [96.3141174316408, 29.00847816467308], [96.32153320312494, 29.012769699096907], [96.33728790283209, 29.02452087402355], [96.34139251709001, 29.02790069580101], [96.34670257568354, 29.032268524169865], [96.35740661621094, 29.034240722656364], [96.3687362670899, 29.034950256347884], [96.38896179199224, 29.034141540527344], [96.40441131591803, 29.035360336303825], [96.42086791992216, 29.037000656128157], [96.435791015625, 29.037588119506893], [96.43855285644537, 29.038520812988452], [96.44979858398443, 29.042310714721737], [96.4500122070313, 29.04239273071289], [96.4588928222658, 29.045829772949446], [96.46492767334013, 29.05226707458519], [96.46658325195318, 29.054027557373047], [96.46943664550787, 29.055677413940487], [96.47715759277372, 29.060140609741325], [96.4798583984375, 29.061203002929688], [96.4916305541995, 29.06583976745617], [96.50031280517578, 29.070901870727653], [96.50815582275396, 29.073778152465934], [96.51862335205078, 29.078451156616325], [96.525199890137, 29.07928085327154], [96.51169586181635, 29.052610397338924], [96.50540924072266, 29.04189109802246], [96.49883270263678, 29.031330108642578], [96.4928131103515, 29.02033042907715], [96.488578796387, 29.010480880737532], [96.48425292968767, 29.005342483520508], [96.47740173339861, 28.99403953552246], [96.48116302490263, 28.982309341430664], [96.48138427734375, 28.98161315917997], [96.48153686523466, 28.981138229370174], [96.48432922363287, 28.97284126281744], [96.48752593994158, 28.96533966064476], [96.49324798584001, 28.962320327759016], [96.49366760253912, 28.962396621704386], [96.50076293945324, 28.96368980407715], [96.51335906982433, 28.97031974792492], [96.51882934570318, 28.970989227295036], [96.52121734619169, 28.965209960937784], [96.52263641357428, 28.955480575561523], [96.52366638183622, 28.948009490966797], [96.53029632568365, 28.936969757080078], [96.53547668457043, 28.93000030517578], [96.5379257202149, 28.923198699951172], [96.53872680664074, 28.920982360839787], [96.53687286376947, 28.909660339355526], [96.53607940673857, 28.897171020507812], [96.5374526977539, 28.88412094116228], [96.54225921630876, 28.879209518432788], [96.54686737060553, 28.874500274658317], [96.55265045166027, 28.864089965820426], [96.55319976806646, 28.863100051879883], [96.55381774902372, 28.862424850464038], [96.55976867675781, 28.855930328369197], [96.56285858154314, 28.84799003601097], [96.56697845459013, 28.841920852661303], [96.57585906982428, 28.830490112304915], [96.58425903320318, 28.82151985168457], [96.59514617919928, 28.81520080566412], [96.60383605957031, 28.80442047119169], [96.60838317871122, 28.798070907592887], [96.61123657226591, 28.790040969848803], [96.61599731445341, 28.77857971191412], [96.61551666259766, 28.764820098877067], [96.61361694335943, 28.75979804992687], [96.6094360351563, 28.753381729125977], [96.59815979003906, 28.738019943237248], [96.58593750000017, 28.721588134765682], [96.57232666015653, 28.714710235595703], [96.56001281738281, 28.71186256408697], [96.53222656250006, 28.711498260498047], [96.52720642089844, 28.7102184295656], [96.52236938476557, 28.708980560302678], [96.50802612304716, 28.701120376586914], [96.49841308593756, 28.69256973266596], [96.49057006835955, 28.688497543335018], [96.48432159423834, 28.68829917907715], [96.47274017334013, 28.688209533691463], [96.47054290771501, 28.684551239013786], [96.47425079345714, 28.680313110351562], [96.47499084472662, 28.67947006225586], [96.47840118408209, 28.672878265380973], [96.48393249511724, 28.665260314941406], [96.48681640625006, 28.65876960754389], [96.49114990234392, 28.650722503662337], [96.49159240722662, 28.64994812011713], [96.49516296386719, 28.64376068115257], [96.49405670166021, 28.638191223144588], [96.48423004150385, 28.631540298462085], [96.47289276123053, 28.622472763061523], [96.45825958251982, 28.613870620727596], [96.4444427490235, 28.605989456176758], [96.43936920166044, 28.600811004638956], [96.43502807617188, 28.596990585327205], [96.42807006835943, 28.587141036987248], [96.42250061035162, 28.585029602050838], [96.41507720947271, 28.5884304046632], [96.40735626220697, 28.594432830810604], [96.40091705322283, 28.59431076049816], [96.39994049072266, 28.590440750122184], [96.40615081787115, 28.577890396118107], [96.4067001342774, 28.571500778198185], [96.40660858154297, 28.56404113769537], [96.40077209472662, 28.562370300293082], [96.39421844482422, 28.56269836425804], [96.38636779785185, 28.563659667968807], [96.37079620361345, 28.56415176391613], [96.36797332763678, 28.563531875610465], [96.35460662841803, 28.56059074401867], [96.34324645996122, 28.55105972290039], [96.33481597900396, 28.538530349731502], [96.32567596435558, 28.534009933471737], [96.3243026733399, 28.53034019470215], [96.3311386108399, 28.526599884033317], [96.33220672607416, 28.526073455810547], [96.34210205078153, 28.52120018005388], [96.35299682617182, 28.514900207519474], [96.36091613769537, 28.509729385376033], [96.36660766601562, 28.504728317261026], [96.37171173095703, 28.49677085876465], [96.37296295166021, 28.487039566040096], [96.36965942382812, 28.482906341552848], [96.36695861816423, 28.479530334472884], [96.3413696289062, 28.470020294189453], [96.33506011962919, 28.462779998779297], [96.3238601684572, 28.45504951477062], [96.30963897705084, 28.445699691772518], [96.29712677001953, 28.439140319824332], [96.28476715087908, 28.43077087402372], [96.27448272705078, 28.424011230468807], [96.26596069335943, 28.41704940795904], [96.26377105712908, 28.413379669189453], [96.26740264892595, 28.41020965576172], [96.27291107177734, 28.40944862365734], [96.27699279785162, 28.408880233764705], [96.28782653808611, 28.40870857238764], [96.29926300048845, 28.406650543213004], [96.30464172363287, 28.404720306396598], [96.30809783935553, 28.4003524780274], [96.31030273437517, 28.397569656372298], [96.31532287597662, 28.388420104980582], [96.31987762451172, 28.386159896850756], [96.33051300048828, 28.38777923584007], [96.36184692382818, 28.39375114440918], [96.37094116210938, 28.394300460815543], [96.37484741210943, 28.38726997375511], [96.38001251220709, 28.364091873168945], [96.39215087890642, 28.362649917602766], [96.39940643310564, 28.344499588012695], [96.41271209716797, 28.346731185913313], [96.4228591918947, 28.35097122192377], [96.42698669433622, 28.36343002319336], [96.428726196289, 28.372510910034293], [96.429931640625, 28.38105010986328], [96.43051910400396, 28.38609123230009], [96.43199920654314, 28.39173126220703], [96.4391479492188, 28.401029586791992], [96.44698333740246, 28.407171249389705], [96.45382690429693, 28.415649414062557], [96.45826721191435, 28.419221878051758], [96.46972656249994, 28.422809600830135], [96.47998809814482, 28.424610137939453], [96.49672698974615, 28.423559188842773], [96.5062866210938, 28.420061111450423], [96.51026153564459, 28.41830825805664], [96.52014160156267, 28.423339843750114], [96.53385925292986, 28.434640884399528], [96.55113220214872, 28.442222595214957], [96.55953216552763, 28.45302963256836], [96.57958984374994, 28.463092803955192], [96.59866333007807, 28.466230392456055], [96.62142181396501, 28.464401245117188], [96.63918304443365, 28.464130401611328], [96.66008758544916, 28.466350555420036], [96.66456604003912, 28.46577072143583], [96.67539978027361, 28.456760406494197], [96.68144989013666, 28.451202392578068], [96.68734741210966, 28.44828033447277], [96.70619964599638, 28.437469482421818], [96.71687316894543, 28.432949066162223], [96.73398590087896, 28.430789947509993], [96.73996734619169, 28.42723274230957], [96.7510528564456, 28.421712875366268], [96.7574920654298, 28.415430068969727], [96.76316070556646, 28.40421867370617], [96.76732635498064, 28.3896999359132], [96.7706832885745, 28.380760192871207], [96.77437591552751, 28.374071121215877], [96.78257751464861, 28.37038993835472], [96.79708862304705, 28.370500564575252], [96.81156921386736, 28.368101119995345], [96.8264770507813, 28.36720275878912], [96.85221862792969, 28.368360519409293], [96.86248779296892, 28.37830924987793], [96.86956787109392, 28.38084030151373], [96.88001251220703, 28.382789611816406], [96.8939514160158, 28.386140823364315], [96.89866638183622, 28.385900497436808], [96.90419006347685, 28.379909515380973], [96.91028594970732, 28.37140083312994], [96.91996002197271, 28.363349914550838], [96.91977691650396, 28.359220504760685], [96.92089843750006, 28.352188110351847], [96.92590332031256, 28.345029830932674], [96.94229125976568, 28.342060089111328], [96.95276641845709, 28.33995056152355], [96.96193695068365, 28.332029342651424], [96.97406005859392, 28.323690414428825], [96.97973632812528, 28.322280883789062], [96.9869918823245, 28.322191238403377], [96.99649810791044, 28.316230773925838], [97.00428771972662, 28.318380355835245], [97.02268981933594, 28.326259613037166], [97.02715301513678, 28.330060958862305], [97.03636932373075, 28.33867263793968], [97.04135131835966, 28.34921073913597], [97.04532623291044, 28.35411071777338], [97.05181884765653, 28.358068466186467], [97.06111145019537, 28.358320236206055], [97.06613159179716, 28.359510421753157], [97.0792999267581, 28.365089416504134], [97.09256744384771, 28.36969184875494], [97.09491729736357, 28.368772506713867], [97.09825134277361, 28.367471694946403], [97.1041870117188, 28.362981796264762], [97.11279296875006, 28.358909606933594], [97.12095642089861, 28.357988357543945], [97.1259384155274, 28.356220245361555], [97.1298065185548, 28.35140991210949], [97.1389923095706, 28.34436988830572], [97.1519927978515, 28.3340301513673], [97.15880584716808, 28.326940536499137], [97.16536712646501, 28.31301116943382], [97.16937255859392, 28.3022518157959], [97.17391967773432, 28.299060821533317], [97.17800140380865, 28.297300338745174], [97.1830368041995, 28.29632186889671], [97.19259643554716, 28.294401168823242], [97.2027359008789, 28.29560089111328], [97.21402740478533, 28.29905128479004], [97.22424316406278, 28.299890518188533], [97.22801971435553, 28.294452667236442], [97.2341918945312, 28.280790328979606], [97.24124145507841, 28.27513122558622], [97.25443267822266, 28.276468276977596], [97.26812744140653, 28.278261184692383], [97.28206634521479, 28.276260375976676], [97.29257202148438, 28.270639419555664], [97.30632781982439, 28.263967514038143], [97.30766296386736, 28.25810050964367], [97.31304168701178, 28.251831054687614], [97.32202911376959, 28.25188064575218], [97.327377319336, 28.250820159912223], [97.33377075195312, 28.247779846191634], [97.34171295166027, 28.242170333862305], [97.34950256347662, 28.23581314086931], [97.35135650634783, 28.234300613403548], [97.35688781738298, 28.233200073242188], [97.36499023437511, 28.23159027099615], [97.37465667724615, 28.225601196289062], [97.37700653076183, 28.22341918945324], [97.38124847412104, 28.219469070434684], [97.3896789550783, 28.212360382080078], [97.40056610107439, 28.200500488281307], [97.40042114257818, 28.193510055541992], [97.39222717285162, 28.19120025634777], [97.38719177246111, 28.194509506225643], [97.3822326660158, 28.196550369262752], [97.37201690673834, 28.20039939880371], [97.36357116699236, 28.196468353271428], [97.36177825927763, 28.19315910339361], [97.35923004150396, 28.188449859619254], [97.35183715820341, 28.181539535522518], [97.3412704467774, 28.172250747680835], [97.33080291748053, 28.162971496582145], [97.32705688476591, 28.154310226440543], [97.32469940185553, 28.148229598999137], [97.32670593261713, 28.1416397094726], [97.33170318603533, 28.135721206665153], [97.33495330810564, 28.13126945495634], [97.33507537841825, 28.13110542297386], [97.34002685546903, 28.124549865722713], [97.33901214599615, 28.119541168212947], [97.3272171020509, 28.109460830688477], [97.31748199462896, 28.100996017456055], [97.31694030761747, 28.10051918029785], [97.31021118164068, 28.093250274658317], [97.30811309814459, 28.085727691650447], [97.30774688720709, 28.077100753784464], [97.31179046630888, 28.069950103759822], [97.31886291503935, 28.067060470581225], [97.33167266845703, 28.065362930297965], [97.34532928466803, 28.066591262817383], [97.34980010986328, 28.06698989868164], [97.35675811767584, 28.067609786987305], [97.36604309082048, 28.06809806823742], [97.373519897461, 28.070238113403377], [97.37399291992216, 28.062591552734602], [97.36797332763678, 28.05242919921875], [97.37706756591797, 28.03909111022955], [97.38218688964872, 28.04018974304205], [97.38976287841803, 28.037389755249137], [97.39856719970732, 28.03411102294939], [97.40561676025402, 28.030048370361385], [97.41156005859403, 28.027271270752237], [97.41516113281278, 28.024080276489315], [97.41394805908209, 28.019239425659407], [97.4116287231447, 28.015140533447266], [97.40222167968778, 28.013019561767578], [97.40142822265653, 28.012941360473576], [97.39121246337908, 28.011930465698242], [97.38883972167997, 28.006200790405273], [97.38330841064482, 27.993671417236442], [97.3827667236331, 27.992450714111328], [97.37806701660173, 27.98615074157715], [97.37815093994152, 27.981790542602653], [97.37821960449219, 27.97850036621105], [97.37854003906278, 27.96321105957054], [97.37561798095709, 27.944389343261832], [97.38268280029303, 27.936109542846793], [97.3876571655274, 27.930730819702376], [97.38768768310558, 27.926599502563477], [97.38107299804688, 27.92111968994152], [97.37856292724638, 27.918010711669922], [97.37979125976562, 27.912588119506893], [97.38755035400385, 27.9036808013916], [97.38902282714855, 27.89637947082548], [97.3784790039063, 27.893110275268725], [97.37135314941406, 27.886930465698356], [97.36479949951183, 27.885129928588924], [97.3500061035158, 27.891338348388672], [97.34352111816423, 27.89406013488781], [97.33557891845709, 27.893169403076286], [97.32116699218744, 27.889511108398438], [97.32285308837919, 27.903419494628906], [97.3239364624024, 27.9118595123291], [97.32216644287126, 27.916200637817496], [97.31474304199236, 27.925191879272518], [97.30870819091803, 27.92996025085455], [97.30174255371111, 27.92708015441906], [97.28810882568365, 27.921779632568473], [97.28074645996094, 27.91954994201666], [97.25647735595732, 27.909530639648438], [97.2472000122072, 27.903909683227596], [97.24124145507841, 27.89545059204113], [97.23677062988287, 27.889938354492244], [97.22647094726568, 27.882160186767578], [97.22049713134783, 27.877389907836914], [97.21244049072294, 27.871999740600813], [97.20256042480486, 27.86440277099632], [97.19560241699224, 27.85639953613304], [97.19543457031278, 27.85623550415039], [97.1936111450197, 27.855201721191577], [97.19185638427729, 27.8527507781983], [97.18949127197271, 27.85045051574707], [97.18791961669928, 27.847600936889705], [97.18698120117193, 27.845899581909293], [97.18183135986334, 27.841751098632926], [97.1805267333985, 27.841161727905558], [97.17444610595714, 27.838422775268782], [97.16780853271513, 27.83625984191906], [97.16867828369146, 27.830860137939453], [97.16397094726591, 27.826770782470817], [97.16287994384766, 27.824607849121207], [97.16034698486357, 27.82259178161644], [97.15225982666021, 27.81920051574724], [97.14428710937506, 27.81696128845209], [97.13735198974626, 27.815061569213867], [97.13394165039068, 27.806470870971623], [97.12787628173834, 27.801071166992244], [97.12428283691418, 27.7985000610351], [97.11489105224615, 27.795932769775334], [97.10246276855469, 27.793420791625977], [97.09839630126947, 27.78857040405279], [97.09963989257818, 27.7844047546389], [97.100112915039, 27.78280258178711], [97.10476684570318, 27.775188446045092], [97.10119628906261, 27.767230987549055], [97.09807586669922, 27.757280349731502], [97.096420288086, 27.749929428100813], [97.09142303466803, 27.748460769653377], [97.08628082275396, 27.750410079956055], [97.0823516845706, 27.751899719238338], [97.06754302978533, 27.759721755981502], [97.06201171875017, 27.757450103759936], [97.05655670166021, 27.752029418945312], [97.04808044433611, 27.749338150024357], [97.03736114501947, 27.75216102600109], [97.02857208251982, 27.749120712280273], [97.01574707031261, 27.740631103515852], [97.01322174072271, 27.735361099243278], [97.01032257080095, 27.72550010681175], [97.00550079345697, 27.715490341186467], [97.00322723388672, 27.710470199585075], [97.00145721435575, 27.708200454711914], [96.99720764160162, 27.70273971557623], [96.98883819580084, 27.6968994140625], [96.98484802246105, 27.69099044799816], [96.98255920410168, 27.679769515991325], [96.97830200195318, 27.671873092651367], [96.97760009765636, 27.67192268371582], [96.95865631103521, 27.674280166626033], [96.94876861572271, 27.671428680420092], [96.94232177734386, 27.66744995117216], [96.93887329101568, 27.66073989868164], [96.93522644042974, 27.65983963012718], [96.92896270751964, 27.656032562256087], [96.92700958251959, 27.641901016235465], [96.92556762695341, 27.640201568603743], [96.92030334472673, 27.632671356201172], [96.91944885253935, 27.63145065307623], [96.91308593750006, 27.62748908996582], [96.91208648681658, 27.627231597900618], [96.90058135986357, 27.624269485473803], [96.89758300781267, 27.620801925659407], [96.89778137207048, 27.618141174316463], [96.89910125732439, 27.60045814514166], [96.899223327637, 27.59362983703619], [96.90299987792974, 27.58989906311035], [96.91011810302763, 27.589921951293945], [96.91403198242193, 27.5884304046632], [96.91409301757824, 27.584392547607536], [96.91324615478533, 27.576301574706974], [96.91422271728521, 27.56729125976574], [96.91542816162121, 27.560449600219783], [96.91580963134777, 27.55828285217285], [96.9203491210938, 27.555620193481445], [96.92453765869146, 27.55125999450678], [96.92864990234375, 27.54231071472168], [96.93363952636736, 27.53722000122076], [96.9376831054688, 27.530059814453352], [96.9363861083985, 27.52325057983404], [96.93350219726568, 27.515710830688477], [96.93081665039068, 27.511880874633732], [96.92572021484386, 27.50304031372076], [96.921859741211, 27.499366760253963], [96.92076873779308, 27.49722099304205], [96.91385650634771, 27.488412857055607], [96.91365051269537, 27.48786926269537], [96.9112167358399, 27.481521606445312], [96.91081237792974, 27.474599838256836], [96.91092681884783, 27.468019485473633], [96.91184997558588, 27.462709426879883], [96.9175567626956, 27.458860397339095], [96.92592620849638, 27.456449508667276], [96.93334197998053, 27.45051193237299], [96.937026977539, 27.439590454101733], [96.94139099121122, 27.426950454712028], [96.94889068603533, 27.420940399169865], [96.96552276611334, 27.415359497070312], [96.96893310546892, 27.401821136474723], [96.9755401611331, 27.39600181579584], [96.96900939941412, 27.386270523071346], [96.9717407226562, 27.378950119018782], [96.97696685791021, 27.376750946044922], [96.98197937011724, 27.373710632324332], [96.98504638671886, 27.362609863281307], [96.98954010009783, 27.3585205078125], [96.99746704101591, 27.355100631714095], [96.99842834472685, 27.350868225097656], [97.00026702880865, 27.33996009826666], [97.00334167480474, 27.329940795898494], [97.0095520019533, 27.325649261474666], [97.01686859130865, 27.320079803466797], [97.04032897949224, 27.30785942077648], [97.04358673095709, 27.289751052856502], [97.05164337158232, 27.286502838134766], [97.0566711425783, 27.28564071655279], [97.05885314941418, 27.276798248291186], [97.06331634521484, 27.272249221801815], [97.06851196289062, 27.267520904541072], [97.0736694335938, 27.26188087463379], [97.08184051513689, 27.25386810302757], [97.08937072753918, 27.25082015991211], [97.0940780639649, 27.247890472412223], [97.09597015380876, 27.2412109375], [97.09514617919916, 27.2214298248291], [97.10050201416016, 27.214979171753214], [97.10804748535162, 27.21310043334961], [97.11669921874994, 27.209220886230526], [97.12023925781256, 27.20458984375], [97.12390136718761, 27.199871063232536], [97.12568664550781, 27.192388534545955], [97.12729644775396, 27.185171127319393], [97.13359069824224, 27.180959701538313], [97.1403121948245, 27.177469253540153], [97.14991760253923, 27.178340911865234], [97.15289306640636, 27.16841125488304], [97.15599822998041, 27.16217994689964], [97.16720581054716, 27.155479431152457], [97.17215728759777, 27.14435958862333], [97.1717376708985, 27.13681030273449], [97.16625213623075, 27.132560729980696], [97.16590118408232, 27.1322917938233], [97.15590667724615, 27.126380920410156], [97.15236663818354, 27.11967086791998], [97.15011596679705, 27.111520767211857], [97.1469345092774, 27.104032516479492], [97.14643096923857, 27.102840423583984], [97.139945983887, 27.101289749145508], [97.13098907470732, 27.103740692138786], [97.12233734130865, 27.11202049255371], [97.11469268798834, 27.119930267334098], [97.10855865478533, 27.121259689331282], [97.09921264648455, 27.118570327758903], [97.0892562866211, 27.113840103149414], [97.08428192138666, 27.11194992065424], [97.07910156250028, 27.109979629516886], [97.07151794433594, 27.109170913696346], [97.06301879882818, 27.111082077026367], [97.06268310546903, 27.111160278320312], [97.05889892578153, 27.114070892333984], [97.05258178710966, 27.118930816650618], [97.04791259765625, 27.123741149902344], [97.04553985595732, 27.126819610595817], [97.04199981689453, 27.131269454955998], [97.03501129150402, 27.137109756469727], [97.03022003173834, 27.141740798950252], [97.02099609375017, 27.145450592041072], [97.01315307617188, 27.146881103515682], [97.00681304931669, 27.14982986450218], [96.99900054931669, 27.153949737548828], [96.9925613403322, 27.16122055053711], [96.98465728759777, 27.16670989990257], [96.97351074218767, 27.171052932739258], [96.96372985839838, 27.17259025573736], [96.9552612304688, 27.17368125915533], [96.9446792602539, 27.174051284790153], [96.92801666259777, 27.175132751464957], [96.91841125488287, 27.175489425659293], [96.90273284912126, 27.18077850341797], [96.89689636230474, 27.183361053466854], [96.88297271728521, 27.1905193328858], [96.8756332397461, 27.193559646606445], [96.86622619628935, 27.19968986511242], [96.8640213012697, 27.20690155029297], [96.863578796387, 27.21220016479515], [96.86337280273466, 27.219240188598746], [96.86625671386747, 27.223619461059684], [96.87409973144531, 27.2266902923584], [96.88031768798834, 27.230770111084098], [96.88520050048845, 27.232599258422965], [96.89000701904303, 27.236869812011776], [96.89140319824247, 27.240909576416016], [96.89269256591803, 27.247631072998047], [96.8870391845706, 27.254730224609375], [96.88790893554693, 27.25938987731945], [96.88877868652338, 27.263599395751953], [96.88510131835949, 27.26795959472662], [96.87507629394548, 27.267160415649357], [96.86622619628935, 27.26905059814453], [96.86171722412126, 27.272510528564567], [96.85566711425787, 27.28030967712408], [96.85378265380865, 27.290670394897575], [96.85177612304682, 27.300411224365234], [96.84974670410162, 27.306280136108626], [96.83625793457037, 27.31054115295416], [96.83125305175787, 27.314640045166072], [96.82486724853544, 27.320470809936467], [96.82160186767607, 27.32444953918457], [96.81710052490251, 27.32954025268566], [96.81275939941412, 27.33641815185547], [96.80863189697294, 27.344921112060604], [96.80584716796892, 27.35042953491211], [96.80236053466825, 27.354431152343864], [96.79483032226568, 27.356479644775334], [96.78531646728521, 27.3588104248048], [96.7796020507813, 27.362100601196403], [96.77295684814482, 27.364959716796818], [96.75979614257841, 27.363290786743107], [96.75419616699224, 27.362770080566634], [96.74775695800787, 27.36403083801281], [96.74069213867193, 27.364459991455192], [96.72844696044928, 27.372390747070426], [96.72251892089844, 27.376951217651367], [96.7125473022461, 27.380729675293026], [96.70876312255876, 27.375190734863338], [96.70638275146496, 27.371160507202262], [96.69909667968756, 27.365560531616268], [96.69374084472662, 27.365518569946346], [96.6831665039062, 27.368940353393555], [96.67619323730474, 27.37089920043951], [96.67015838623075, 27.37230110168457], [96.66084289550776, 27.3713893890382], [96.65603637695341, 27.368921279907454], [96.64611816406278, 27.36783027648937], [96.63913726806658, 27.369239807128963], [96.63037109375017, 27.371829986572493], [96.62048339843756, 27.37281990051281], [96.61254119873058, 27.369369506835938], [96.61077117919928, 27.367307662964095], [96.608940124512, 27.3651828765872], [96.60260772705084, 27.360717773437614], [96.60251617431658, 27.36065101623535], [96.59829711914062, 27.356451034545955], [96.59793853759783, 27.351499557495174], [96.59901428222685, 27.348924636840877], [96.60080718994158, 27.344631195068644], [96.59720611572266, 27.343008041381836], [96.59632110595714, 27.342609405517578], [96.59166717529314, 27.340850830078352], [96.58592224121111, 27.33683967590332], [96.57991790771496, 27.333650588989485], [96.57543945312517, 27.329191207885856], [96.56598663330084, 27.32666015625], [96.56182861328153, 27.325252532958984], [96.5562133789063, 27.320619583130053], [96.55046081542986, 27.31472015380882], [96.54527282714844, 27.309722900390682], [96.53759765625028, 27.30429840087902], [96.53074645996122, 27.298049926757812], [96.52233123779325, 27.293970108032454], [96.51703643798822, 27.300579071045036], [96.51181030273443, 27.30405044555664], [96.50538635253935, 27.307600021362532], [96.50003051757841, 27.309360504150334], [96.49402618408209, 27.306261062622013], [96.48603057861334, 27.30523109436058], [96.47917938232428, 27.308080673217717], [96.47074890136719, 27.312461853027457], [96.46666717529325, 27.311050415039062], [96.46158599853533, 27.30911064147955], [96.45250701904308, 27.309801101684798], [96.44613647460955, 27.310300827026424], [96.43976593017607, 27.310359954833984], [96.4334869384765, 27.30994033813471], [96.4249572753908, 27.306140899658203], [96.4160919189456, 27.29989242553711], [96.40862274169928, 27.299949645996094], [96.40173339843756, 27.29856109619152], [96.39157104492205, 27.29458045959484], [96.38279724121111, 27.297519683838175], [96.37370300292974, 27.298931121826172], [96.36412048339861, 27.300161361694563], [96.36151885986334, 27.29405975341814], [96.35788726806646, 27.291658401489315], [96.35520172119146, 27.289882659912223], [96.34807586669939, 27.28846168518072], [96.34771728515642, 27.288391113281477], [96.3411865234375, 27.291580200195483], [96.33574676513678, 27.29594039916998], [96.32039642333984, 27.29801940917963], [96.31083679199247, 27.302040100097656], [96.3033065795899, 27.29922294616722], [96.29042816162138, 27.29407119750988], [96.28217315673834, 27.286020278930778], [96.27865600585955, 27.279382705688477], [96.26743316650396, 27.27783966064453], [96.25421142578125, 27.280981063842887], [96.2413864135745, 27.28429031372093], [96.2343292236331, 27.2848796844483], [96.22709655761747, 27.280599594116325], [96.21810913085966, 27.26958084106451], [96.20585632324224, 27.266130447387923], [96.19632720947271, 27.265190124512003], [96.19406890869152, 27.263452529907454], [96.19187927246111, 27.261770248413086], [96.18520355224626, 27.25663375854515], [96.18209838867182, 27.254249572754134], [96.18116760253906, 27.254261016845703], [96.16368865966803, 27.254480361938704], [96.15040588378935, 27.24950981140148], [96.11450195312506, 27.23331069946306], [96.09902191162115, 27.231409072876204], [96.09213256835955, 27.226671218872184], [96.08731079101557, 27.218599319458065], [96.08638763427751, 27.217050552368335], [96.08515930175793, 27.2167778015139], [96.06897735595732, 27.213190078735295], [96.05728149414068, 27.202791213989485], [96.03643035888689, 27.196050643920955], [96.02979278564459, 27.187789916992188], [96.02700042724638, 27.179018020629996], [96.02298736572294, 27.166389465332315], [96.01693725585938, 27.1547908782959], [96.00431823730497, 27.140441894531364], [96.00325012207048, 27.13933181762718], [95.9895858764649, 27.125190734863565], [95.97918701171892, 27.110729217529524], [95.97389221191412, 27.1020126342774], [95.97193908691423, 27.098791122436637], [95.96306610107428, 27.081979751586914], [95.95712280273443, 27.06822013854986], [95.94596862792963, 27.059709548950195], [95.94027709960955, 27.055772781372184], [95.93624877929682, 27.052991867065487], [95.92318725585943, 27.048900604248104], [95.91580963134794, 27.045320510864542], [95.90923309326178, 27.040300369262923], [95.90068817138678, 27.03178024291998], [95.88918304443376, 27.027851104736328], [95.87713623046875, 27.020498275757006], [95.86747741699224, 27.02234077453619], [95.8577728271485, 27.022359848022404], [95.83796691894543, 27.015310287475586], [95.82798004150396, 27.018051147460938], [95.81529998779325, 27.022220611572493], [95.80793762207048, 27.020450592041186], [95.80486297607439, 27.011999130249137], [95.77964782714838, 26.989990234375], [95.77294158935575, 26.982530593872184], [95.77172851562506, 26.978641510009766], [95.76705932617182, 26.972890853881893], [95.76087951660162, 26.963989257812614], [95.76158142089861, 26.95926094055187], [95.76368713378923, 26.944980621338118], [95.76056671142607, 26.942010879516772], [95.75673675537138, 26.940219879150447], [95.75254821777372, 26.93023109436058], [95.75454711914068, 26.925001144409407], [95.75724792480474, 26.920400619506893], [95.75813293457048, 26.91489982604986], [95.75499725341808, 26.9078884124757], [95.74507904052746, 26.90089988708496], [95.73596191406278, 26.892709732055778], [95.73081207275419, 26.887491226196346], [95.72113037109392, 26.883630752563477], [95.7124786376956, 26.884307861328068], [95.7115631103515, 26.884380340576286], [95.71141815185564, 26.884429931640682], [95.70349121093761, 26.887189865112305], [95.69859313964838, 26.89521026611328], [95.69227600097685, 26.899919509887923], [95.68128967285173, 26.90497970581066], [95.67336273193371, 26.910221099853516], [95.668197631836, 26.908340454101506], [95.66295623779314, 26.90492057800293], [95.6577758789062, 26.898080825805778], [95.65534210205095, 26.892950057983626], [95.65414428710932, 26.890451431274528], [95.65099334716803, 26.88384819030773], [95.6464462280274, 26.882879257202262], [95.64562225341814, 26.882915496826172], [95.64221954345709, 26.88306045532238], [95.63675689697294, 26.879289627075252], [95.6341323852539, 26.873260498046875], [95.63478851318365, 26.86768913269043], [95.6349182128908, 26.866579055786246], [95.63355255126947, 26.855140686035156], [95.63223266601562, 26.849479675293026], [95.62812042236334, 26.84384918212902], [95.6276931762697, 26.84325981140131], [95.6220321655274, 26.837232589721737], [95.6179809570313, 26.829851150512695], [95.61151885986334, 26.821212768554688], [95.599105834961, 26.82221984863287], [95.59226226806646, 26.823030471801815], [95.58473205566406, 26.822771072387695], [95.5747528076173, 26.82567024230957], [95.56851196289057, 26.829910278320426], [95.56562042236357, 26.83378982543951], [95.56269836425787, 26.837209701538086], [95.55475616455107, 26.839569091796932], [95.54567718505876, 26.837860107421932], [95.5327758789063, 26.831209182739258], [95.53024291992193, 26.826791763305664], [95.52500152587919, 26.819948196411133], [95.52147674560553, 26.816675186157227], [95.52025604248041, 26.815540313720817], [95.51480102539068, 26.8131999969483], [95.50650787353544, 26.796630859375], [95.50215148925781, 26.782739639282227], [95.49590301513672, 26.771940231323242], [95.48914337158232, 26.76167106628435], [95.48348999023455, 26.75498962402338], [95.47956085205084, 26.75365829467796], [95.47585296630876, 26.752399444580362], [95.46566009521513, 26.750410079956055], [95.461410522461, 26.746000289916992], [95.45848083496111, 26.73771095275879], [95.45453643798834, 26.73293876647955], [95.4541625976563, 26.73247909545904], [95.4534378051759, 26.73201751709007], [95.4462966918947, 26.72743988037132], [95.44196319580084, 26.722841262817383], [95.4397583007812, 26.717979431152457], [95.43733215332048, 26.71446037292492], [95.4354858398438, 26.708238601684627], [95.43238830566406, 26.70355987548828], [95.42885589599638, 26.700040817260742], [95.42330932617199, 26.696712493896598], [95.40643310546892, 26.696620941162166], [95.3946380615235, 26.691020965576172], [95.38356781005865, 26.688060760498274], [95.37814331054716, 26.683349609375057], [95.37470245361357, 26.68125343322754], [95.37151336669939, 26.679309844970817], [95.36586761474615, 26.677589416503906], [95.36543273925798, 26.677570343017805], [95.35581207275419, 26.67712974548334], [95.34664916992216, 26.677940368652287], [95.32441711425798, 26.66908264160179], [95.317886352539, 26.66683959960949], [95.31479644775419, 26.663867950439567], [95.30841064453125, 26.6577205657959], [95.30258178710966, 26.656021118164062], [95.29992675781278, 26.657888412475586], [95.29927062988287, 26.658348083496094], [95.29313659667986, 26.66123008728033], [95.28288269042974, 26.662849426269645], [95.27202606201178, 26.662820816040266], [95.26597595214872, 26.6678791046142], [95.26204681396501, 26.673650741577262], [95.26165771484392, 26.681489944458065], [95.26003265380871, 26.686351776123104], [95.25652313232439, 26.689319610595703], [95.25078582763689, 26.692390441894645], [95.2439575195313, 26.693901062011832], [95.24044036865229, 26.691640853881836], [95.23763275146501, 26.686290740966797], [95.23597717285162, 26.688230514526367], [95.23596954345709, 26.69152069091797], [95.23369598388678, 26.697099685668945], [95.23610687255876, 26.7122097015382], [95.22965240478521, 26.71688270568859], [95.2282028198245, 26.723848342895565], [95.21614074707037, 26.735319137573242], [95.21685028076189, 26.7413005828858], [95.22097778320341, 26.7474308013916], [95.22136688232416, 26.75152015686058], [95.21926116943388, 26.75555038452154], [95.22010040283203, 26.75982093811035], [95.22408294677751, 26.76172256469738], [95.22920227050781, 26.768470764160213], [95.23317718505888, 26.771930694580078], [95.23330688476568, 26.773719787597656], [95.23163604736357, 26.777692794799975], [95.23467254638683, 26.780349731445426], [95.24253845214838, 26.78451156616228], [95.24491882324224, 26.787330627441634], [95.24172210693371, 26.78693008422863], [95.24025726318354, 26.789171218872184], [95.23501586914068, 26.789289474487305], [95.22747039794916, 26.792341232299805], [95.22157287597656, 26.793540954589844], [95.2151184082033, 26.79837989807129], [95.206840515137, 26.811691284179858], [95.2035522460938, 26.82131958007824], [95.20258331298834, 26.828750610351676], [95.20056152343778, 26.83288955688505], [95.19904327392607, 26.839929580688477], [95.20050811767584, 26.842878341674748], [95.20641326904303, 26.846281051635856], [95.20860290527344, 26.850719451904354], [95.20423889160173, 26.848939895629883], [95.1977081298831, 26.851539611816406], [95.19732666015653, 26.849391937255916], [95.195610046387, 26.849620819091854], [95.19304656982428, 26.851169586181754], [95.1857681274414, 26.859630584716797], [95.18450164794933, 26.864830017089957], [95.20642852783209, 26.877870559692326], [95.21135711669928, 26.88173294067377], [95.21285247802734, 26.885602951049748], [95.21782684326178, 26.88686943054205], [95.22992706298857, 26.88566970825201], [95.23385620117193, 26.89084053039545], [95.23132324218767, 26.89834976196289], [95.23377227783197, 26.905902862548942], [95.23410034179699, 26.909650802612305], [95.2320861816408, 26.914831161499194], [95.23195648193365, 26.917890548706055], [95.23396301269526, 26.9187526702882], [95.23396301269526, 26.920600891113452], [95.23184967041044, 26.9261417388916], [95.2293090820313, 26.930631637573242], [95.22556304931635, 26.934429168701342], [95.21705627441412, 26.934200286865234], [95.21444702148449, 26.936950683593693], [95.21219635009794, 26.94334983825695], [95.20923614501959, 26.956670761108455], [95.21341705322283, 26.958789825439396], [95.20851135253912, 26.960729598999308], [95.20675659179693, 26.962591171264705], [95.20883941650408, 26.965351104736385], [95.21366882324224, 26.968120574951456], [95.2150421142581, 26.970371246338004], [95.20877075195341, 26.975080490112305], [95.20655822753906, 26.978820800781477], [95.2052230834961, 26.98217010498047], [95.20996093750017, 26.982629776000977], [95.20775604248053, 26.98470115661644], [95.20043945312517, 26.985559463501204], [95.19519805908232, 26.989990234375], [95.19626617431646, 26.99781036376953], [95.19982147216791, 26.999359130859375], [95.20008087158209, 27.00622940063488], [95.1976165771485, 27.015689849853516], [95.19785308837902, 27.019840240478516], [95.19579315185575, 27.03250122070324], [95.1955184936524, 27.042949676513672], [95.19845581054716, 27.044429779052678], [95.20094299316435, 27.042329788208008], [95.20379638671903, 27.04300117492687], [95.20768737792986, 27.034780502319336], [95.21380615234375, 27.03347969055187], [95.21969604492205, 27.03679084777832], [95.22263336181646, 27.040891647338867], [95.2259826660158, 27.042259216308594], [95.22946929931646, 27.04017066955595], [95.23214721679693, 27.042921066284293], [95.23091125488276, 27.045709609985465], [95.23471832275385, 27.043579101562443], [95.2378768920899, 27.04322052001953], [95.24371337890642, 27.034160614013672], [95.24822998046903, 27.030252456665323], [95.25219726562506, 27.031919479370117], [95.26071929931658, 27.037250518798828], [95.25994873046892, 27.038972854614315], [95.26262664794939, 27.0410099029541], [95.26669311523443, 27.04043960571289], [95.2709732055664, 27.04507064819336], [95.27762603759794, 27.049770355224553], [95.27944946289068, 27.05391120910656], [95.27783203124994, 27.056768417358455], [95.2879180908206, 27.06632041931175], [95.29662322998053, 27.072851181030387], [95.30967712402338, 27.081130981445597], [95.31317901611328, 27.086740493774414], [95.3232727050783, 27.089570999145792], [95.33510589599626, 27.095920562744254], [95.34860229492188, 27.104761123657454], [95.36647033691418, 27.112850189209098], [95.3712692260745, 27.111400604248047], [95.37066650390636, 27.11014938354515], [95.3677825927735, 27.10971069335949], [95.36830139160156, 27.107362747192383], [95.37365722656256, 27.107999801635685], [95.37267303466814, 27.10167121887207], [95.37697601318388, 27.102180480957202], [95.38546752929688, 27.105091094970646], [95.38611602783214, 27.111709594726562], [95.39614868164062, 27.114469528198356], [95.4063110351563, 27.118320465087947], [95.42027282714872, 27.13078117370611], [95.42919158935553, 27.134050369262695], [95.44098663330084, 27.132810592651367], [95.44557952880865, 27.134290695190543], [95.44713592529303, 27.138330459594954], [95.45075225830084, 27.138839721679744], [95.45339965820318, 27.135879516601676], [95.45778656005865, 27.135641098022575], [95.46106719970714, 27.140220642089957], [95.46367645263678, 27.15036010742199], [95.46585083007841, 27.154800415039062], [95.46507263183605, 27.157609939575252], [95.4633178710938, 27.159540176391715], [95.4598999023438, 27.160419464111328], [95.45870971679688, 27.163288116455078], [95.46383666992205, 27.16702079772955], [95.46800994873047, 27.172290802001953], [95.46366882324219, 27.182121276855526], [95.46711730957037, 27.18555068969738], [95.46864318847662, 27.190500259399414], [95.46581268310553, 27.197429656982422], [95.46205139160185, 27.203010559082315], [95.45890045166016, 27.2095699310305], [95.45970916748053, 27.2134304046632], [95.46942901611334, 27.218259811401367], [95.47067260742188, 27.22321128845215], [95.47389984130854, 27.22364997863781], [95.47451019287126, 27.226869583129996], [95.48055267334013, 27.232339859008846], [95.48722839355497, 27.24603080749523], [95.49099731445318, 27.248699188232536], [95.50627899169933, 27.254619598388615], [95.51064300537115, 27.25897979736328], [95.51088714599638, 27.26626968383789], [95.51618194580084, 27.268630981445426], [95.52046203613281, 27.26374053955078], [95.525932312012, 27.266260147094897], [95.52971649169928, 27.269069671630973], [95.5348129272461, 27.270620346069393], [95.55416107177763, 27.259340286254826], [95.55613708496111, 27.25436973571783], [95.56326293945318, 27.252502441406307], [95.57446289062517, 27.251060485839957], [95.57830047607422, 27.247140884399357], [95.57788085937517, 27.24215126037609], [95.59008789062517, 27.229520797729492], [95.5991668701173, 27.229610443115348], [95.60735321044928, 27.231372833251953], [95.61914062500006, 27.236551284790266], [95.6341323852539, 27.239810943603516], [95.63700103759766, 27.236909866333065], [95.67920684814459, 27.25391960144043], [95.67939758300787, 27.25616264343273], [95.68441772460949, 27.25741004943859], [95.69542694091803, 27.258148193359318], [95.70188140869158, 27.255640029907454], [95.71549224853521, 27.25909996032715], [95.72107696533232, 27.25760078430187], [95.72548675537104, 27.259229660034464], [95.73188018798834, 27.266540527343693], [95.73638916015642, 27.266750335693587], [95.73992919921886, 27.269889831543196], [95.75701141357439, 27.274351119995117], [95.78468322753912, 27.27913093566906], [95.79080200195318, 27.285459518432674], [95.80075836181646, 27.288700103759822], [95.80628967285162, 27.29174041748047], [95.80650329589872, 27.28801155090332], [95.80848693847673, 27.285440444946403], [95.81019592285173, 27.28092002868658], [95.83793640136724, 27.2870712280274], [95.85022735595697, 27.29314994812023], [95.86046600341808, 27.29421043395996], [95.86192321777344, 27.290029525756893], [95.86064147949224, 27.283420562744084], [95.86084747314464, 27.279792785644588], [95.86544036865263, 27.2766819000247], [95.87238311767595, 27.266910552978572], [95.87760162353521, 27.267408370971793], [95.88243103027372, 27.266941070556868], [95.88765716552751, 27.263320922851562], [95.89396667480469, 27.26301193237299], [95.89810943603516, 27.26431083679222], [95.90116119384766, 27.276388168335075], [95.90428924560553, 27.27985954284668], [95.90453338623058, 27.286239624023608], [95.90238952636724, 27.287830352783203], [95.90643310546886, 27.29187965393089], [95.9122924804688, 27.293140411377067], [95.91874694824236, 27.29922294616722], [95.94056701660162, 27.309589385986328], [95.9632186889649, 27.317068099975586], [95.96556854248058, 27.321662902831974], [95.96260833740251, 27.324331283569336], [95.96785736083996, 27.324569702148438], [95.96903228759794, 27.32840919494629], [95.96871185302751, 27.331830978393782], [95.97804260253923, 27.332691192626953], [95.98420715332037, 27.33434104919445], [95.97228240966825, 27.334629058837947], [95.97001647949219, 27.336980819702376], [95.97421264648438, 27.33936119079584], [95.97734069824224, 27.342300415039062], [95.9936828613283, 27.3514404296875], [95.99487304687506, 27.36024093627941], [95.99697113037115, 27.363479614257812], [96.00211334228516, 27.364128112793026], [96.00314331054699, 27.364459991455192], [96.01319885253912, 27.36403083801281], [96.01835632324224, 27.367900848388956], [96.02091217041044, 27.371259689331225], [96.01494598388678, 27.37545967102062], [96.01056671142584, 27.381282806396484], [96.00836944580095, 27.387210845947266], [96.00205230712885, 27.393499374389762], [96.00006866455084, 27.397569656372184], [96.00100708007818, 27.40347290039091], [95.99459075927763, 27.412359237671012], [95.99093627929699, 27.41457176208496], [95.99122619628923, 27.419399261474894], [95.98945617675776, 27.421720504760856], [95.97952270507841, 27.421850204468], [95.97807312011736, 27.425331115722884], [95.98092651367205, 27.426122665405558], [95.98023223876959, 27.43021965026861], [95.97782897949213, 27.432291030883903], [95.97778320312528, 27.43549919128418], [95.9732971191408, 27.43675041198736], [95.97177886962908, 27.430370330810604], [95.96803283691412, 27.424119949341105], [95.96703338623053, 27.436660766601847], [95.96357727050798, 27.43548011779791], [95.96105194091797, 27.4287109375], [95.95729064941406, 27.432880401611555], [95.95297241210949, 27.43328094482422], [95.95052337646513, 27.43724060058605], [95.95350646972662, 27.440771102905387], [95.95307159423845, 27.443450927734602], [95.9498901367188, 27.445020675659123], [95.94300079345709, 27.446390151977596], [95.93327331542974, 27.446687698364258], [95.91684722900408, 27.443159103393555], [95.91117095947271, 27.439960479736442], [95.90796661376964, 27.432640075683707], [95.9061279296875, 27.4232692718507], [95.90010070800787, 27.411331176757812], [95.89305877685553, 27.406040191650504], [95.89187622070318, 27.409780502319336], [95.89425659179716, 27.414382934570312], [95.89437866210943, 27.41828918457054], [95.89002990722668, 27.426410675048885], [95.88941955566412, 27.431629180908146], [95.89037322998053, 27.43967056274414], [95.888656616211, 27.444070816040266], [95.88259124755871, 27.444080352783203], [95.87577056884794, 27.435358047485465], [95.8649063110351, 27.429012298583984], [95.86324310302751, 27.424858093261662], [95.86422729492193, 27.421318054199276], [95.86666870117205, 27.419210433960018], [95.86733245849621, 27.417150497436637], [95.85795593261724, 27.420680999755916], [95.8576126098634, 27.424819946289176], [95.85573577880888, 27.427669525146655], [95.84934234619146, 27.43032073974615], [95.84947204589844, 27.43490982055664], [95.85291290283203, 27.444759368896598], [95.85517120361357, 27.447370529174805], [95.85955810546903, 27.449052810669002], [95.86379241943376, 27.45203018188471], [95.8594589233399, 27.46261024475109], [95.8611679077149, 27.466299057007063], [95.8660659790039, 27.469022750854606], [95.87625885009771, 27.47110939025896], [95.87843322753935, 27.475601196289062], [95.88125610351574, 27.487421035766715], [95.87915802001964, 27.4926700592041], [95.87905120849626, 27.4991912841798], [95.88046264648443, 27.50110054016136], [95.88604736328153, 27.50356292724615], [95.88964080810553, 27.50616836547863], [95.88710784912115, 27.511270523071403], [95.8817977905274, 27.515090942382812], [95.87847900390642, 27.519830703735465], [95.88080596923828, 27.52251052856468], [95.87992095947277, 27.529790878295955], [95.88143920898443, 27.545831680297795], [95.88133239746094, 27.55323028564453], [95.8736190795899, 27.551170349121264], [95.86701965332031, 27.55109977722168], [95.86235809326178, 27.552600860595874], [95.85209655761747, 27.565650939941406], [95.84601593017607, 27.56799125671398], [95.839897155762, 27.566610336303768], [95.83628845214872, 27.571178436279354], [95.8319320678711, 27.578889846801758], [95.82772827148438, 27.581750869750977], [95.82124328613281, 27.58172035217285], [95.819808959961, 27.590280532836914], [95.82025909423857, 27.595571517944336], [95.82419586181646, 27.603010177612305], [95.82087707519548, 27.60472106933588], [95.8168258666995, 27.60543823242199], [95.80960845947266, 27.60527038574247], [95.79802703857422, 27.607830047607536], [95.79606628417969, 27.61819076538086], [95.79429626464872, 27.62236976623535], [95.7871170043947, 27.62340927124046], [95.7850418090822, 27.627399444580135], [95.78734588623047, 27.632299423217887], [95.79741668701189, 27.635890960693473], [95.79734039306652, 27.63956069946289], [95.79959106445318, 27.642969131469727], [95.80145263671892, 27.649009704589844], [95.79485321044933, 27.652799606323242], [95.78623199462896, 27.65566062927246], [95.7792205810548, 27.660539627075252], [95.77784729003912, 27.666259765625057], [95.77847290039091, 27.67234992980957], [95.78044891357439, 27.67918968200695], [95.78549194335943, 27.683259963989485], [95.79453277587885, 27.684190750122127], [95.79647064209001, 27.688060760498104], [95.79312896728521, 27.692270278930778], [95.77876281738281, 27.694391250610636], [95.77455139160173, 27.696701049804858], [95.7726669311524, 27.699951171875], [95.77336120605463, 27.705350875854606], [95.77262115478533, 27.711320877075252], [95.77052307128923, 27.715999603271598], [95.77039337158209, 27.72002983093273], [95.76304626464872, 27.72266006469738], [95.75871276855486, 27.726680755615348], [95.75821685791021, 27.731109619140682], [95.76267242431635, 27.732931137085018], [95.7718811035158, 27.734510421753043], [95.78479766845697, 27.739780426025447], [95.78777313232428, 27.74205017089838], [95.78053283691412, 27.758220672607422], [95.78882598876953, 27.765052795410213], [95.79538726806646, 27.77263069152832], [95.80094909667974, 27.776861190796012], [95.80636596679688, 27.783580780029467], [95.8075790405274, 27.789949417114542], [95.8113174438476, 27.793720245361385], [95.82312774658232, 27.809249877929688], [95.8289413452149, 27.813659667968807], [95.83497619628906, 27.815771102905387], [95.84336853027344, 27.821470260620174], [95.84599304199247, 27.83010101318365], [95.85209655761747, 27.834110260009766], [95.86633300781256, 27.838460922241325], [95.87372589111345, 27.83980178833002], [95.87657165527361, 27.84177017211914], [95.89209747314459, 27.85704040527372], [95.89422607421886, 27.86096000671398], [95.89502716064482, 27.867221832275504], [95.89763641357428, 27.867469787597884], [95.90055847167997, 27.866680145263786], [95.90722656250028, 27.868640899658203], [95.90618133544928, 27.877229690551985], [95.91137695312506, 27.873018264770565], [95.91409301757841, 27.87465095520014], [95.91291809082043, 27.878139495849553], [95.9140014648438, 27.88084983825678], [95.91866302490263, 27.882780075073242], [95.92262268066412, 27.886180877685547], [95.92127990722662, 27.8904705047608], [95.92375183105474, 27.89033126831066], [95.9273529052735, 27.88726043701172], [95.9285507202149, 27.890529632568303], [95.92392730712896, 27.895999908447322], [95.92501068115234, 27.900941848754996], [95.92864227294939, 27.902851104736555], [95.93833160400419, 27.90327072143566], [95.93931579589844, 27.909820556640682], [95.94351196289062, 27.912639617920206], [95.95249176025408, 27.922819137573185], [95.95529937744169, 27.92682075500511], [95.95381164550781, 27.930240631103516], [95.95754241943365, 27.93288040161127], [95.95755004882824, 27.93708038330101], [95.95234680175787, 27.937179565429688], [95.95155334472673, 27.93917083740257], [95.95231628417986, 27.94184112548851], [95.96520996093778, 27.95263290405296], [95.97746276855469, 27.968500137329045], [95.95688629150408, 27.969129562378043], [95.82588195800787, 27.977371215820426], [95.60674285888678, 27.95776939392107], [95.5969467163086, 27.951129913330192], [95.58866119384771, 27.94162940979004], [95.58053588867188, 27.94356155395502], [95.57121276855486, 27.942380905151595], [95.56626129150408, 27.931591033935717], [95.56504821777372, 27.922519683838004], [95.54380035400396, 27.913459777832145], [95.54206848144537, 27.910741806030387], [95.5443420410158, 27.905782699585075], [95.54353332519531, 27.90232276916504], [95.53302001953153, 27.90043067932129], [95.52622985839844, 27.897899627685604], [95.5159530639649, 27.881788253784464], [95.3843383789063, 27.84202194213873], [95.31655883789062, 27.871129989623967], [95.30847167968756, 27.86782073974615], [95.29254913330095, 27.864990234375227], [95.23654174804693, 27.848350524902344], [95.1948623657226, 27.834449768066463], [95.05182647705078, 27.790229797363338], [95.04886627197271, 27.786460876464957], [95.0387573242188, 27.77773094177246], [95.03121948242188, 27.77477073669445], [95.01914978027372, 27.772499084472713], [94.99787902832048, 27.776550292969034], [94.98703765869146, 27.77085113525385], [94.93003082275396, 27.75673103332531], [94.88394165039091, 27.742059707641715], [94.86086273193388, 27.739479064941634], [94.8660278320312, 27.73624038696289], [94.86071777343767, 27.73338127136242], [94.85357666015636, 27.73162078857422], [94.84879302978521, 27.710681915283203], [94.8393859863283, 27.70354080200201], [94.82126617431658, 27.696220397949332], [94.81803131103516, 27.696840286254996], [94.80021667480497, 27.69709014892578], [94.79757690429688, 27.698932647705135], [94.7953491210938, 27.69807815551752], [94.79405975341803, 27.693220138549975], [94.79099273681646, 27.68885040283203], [94.77645111083984, 27.68337821960455], [94.77216339111357, 27.683969497680835], [94.76693725585943, 27.680139541625977], [94.76432037353527, 27.674560546875], [94.75955963134794, 27.668439865112305], [94.75592041015636, 27.666519165039006], [94.74266815185564, 27.66342163085949], [94.73703002929693, 27.665649414062557], [94.72767639160162, 27.66786003112793], [94.72554016113287, 27.670339584350586], [94.720703125, 27.66999053955078], [94.71663665771496, 27.661649703979606], [94.71306610107416, 27.66026115417486], [94.6980819702149, 27.667100906372184], [94.68940734863276, 27.66719055175804], [94.6838760375976, 27.663339614868164], [94.68650817871122, 27.65714263916027], [94.68699645996094, 27.65331077575678], [94.68251037597685, 27.64958953857439], [94.67574310302734, 27.650651931762923], [94.66911315917974, 27.65027809143072], [94.66464233398455, 27.64785957336437], [94.64842224121094, 27.642070770263672], [94.64521789550798, 27.636539459228516], [94.63979339599638, 27.63096046447754], [94.6344528198245, 27.628770828247184], [94.63069152832048, 27.6282901763916], [94.62497711181658, 27.63011932373047], [94.61406707763666, 27.62574005126953], [94.60938262939459, 27.622631072998104], [94.60408020019537, 27.623100280761776], [94.60060882568365, 27.621931076050032], [94.59577178955078, 27.62146949768089], [94.59146881103521, 27.622810363769645], [94.58629608154303, 27.620109558105582], [94.58185577392578, 27.616680145263672], [94.57353210449224, 27.606969833374023], [94.56947326660173, 27.606351852417106], [94.5638961791995, 27.60696029663103], [94.55612182617205, 27.60323905944847], [94.55171203613281, 27.604049682617415], [94.5464172363283, 27.603532791137923], [94.53659057617216, 27.596990585327262], [94.53173065185564, 27.596929550170955], [94.52628326416027, 27.59576988220215], [94.51566314697266, 27.584730148315487], [94.5094070434572, 27.584070205688704], [94.50022888183611, 27.57731056213379], [94.49096679687506, 27.575492858886832], [94.48310852050787, 27.577201843261832], [94.47915649414068, 27.576990127563533], [94.46930694580072, 27.56401252746582], [94.45973968505888, 27.557710647583008], [94.45622253417974, 27.562902450561467], [94.45346832275385, 27.570940017700252], [94.44960784912121, 27.5750408172608], [94.44238281250028, 27.579460144043196], [94.43605041503912, 27.584421157836914], [94.43058776855463, 27.596460342407283], [94.43103790283209, 27.603080749511776], [94.42092895507818, 27.601341247558594], [94.40318298339844, 27.58719062805187], [94.39482879638678, 27.588779449463004], [94.38759613037115, 27.589279174804688], [94.38437652587902, 27.586460113525504], [94.38043212890625, 27.58509063720703], [94.37583923339838, 27.58457756042486], [94.37230682373053, 27.579269409179915], [94.36749267578142, 27.5767498016358], [94.36219787597662, 27.580230712890682], [94.355697631836, 27.577381134033203], [94.34884643554693, 27.57945060729992], [94.34507751464855, 27.584590911865178], [94.340576171875, 27.583440780639762], [94.33814239501953, 27.58103942871105], [94.32905578613293, 27.58839035034208], [94.32373809814482, 27.587169647217024], [94.31970977783214, 27.59005165100109], [94.31240844726568, 27.589651107788256], [94.3083572387697, 27.5955810546875], [94.30164337158197, 27.59988021850586], [94.29801940917963, 27.60427093505865], [94.29289245605469, 27.600360870361385], [94.28848266601557, 27.594511032104606], [94.2876586914063, 27.591791152954045], [94.27603149414074, 27.593349456787394], [94.2752075195313, 27.597400665283203], [94.27245330810575, 27.60346984863287], [94.26188659667974, 27.61009979248047], [94.2540893554688, 27.61370086669922], [94.25710296630865, 27.61911964416521], [94.26222229003923, 27.624519348144645], [94.26716613769548, 27.62786293029785], [94.26670837402372, 27.632560729980412], [94.26278686523455, 27.636020660400447], [94.25907135009794, 27.63701820373535], [94.25598907470709, 27.636552810669002], [94.25222778320341, 27.640930175781364], [94.25006866455084, 27.63972091674799], [94.2472686767581, 27.635810852050724], [94.24507141113287, 27.635869979858626], [94.23507690429682, 27.632511138916016], [94.2259597778322, 27.617990493774414], [94.21743774414068, 27.609001159668026], [94.21111297607422, 27.610841751098746], [94.21350860595732, 27.6044216156007], [94.22292327880876, 27.600740432739542], [94.22505187988287, 27.598510742187557], [94.22531127929716, 27.595239639282227], [94.22144317626959, 27.58791160583496], [94.22547912597662, 27.581058502197322], [94.22647857666044, 27.57563018798851], [94.23414611816406, 27.571460723876953], [94.24060058593778, 27.57035064697277], [94.2565002441408, 27.557428359985465], [94.25573730468767, 27.550760269165153], [94.2568664550783, 27.540500640869254], [94.26251220703153, 27.527429580688704], [94.25972747802751, 27.52349090576172], [94.25905609130871, 27.522600173950195], [94.22167205810558, 27.507030487060547], [94.21540069580107, 27.503139495849723], [94.2123260498048, 27.49794960021967], [94.21065521240263, 27.497903823852653], [94.19522857666016, 27.49745941162115], [94.19124603271501, 27.49632072448742], [94.18689727783209, 27.49081039428711], [94.17471313476568, 27.484071731567383], [94.16793060302763, 27.48418807983421], [94.16422271728521, 27.480989456176758], [94.15721130371105, 27.47804832458496], [94.1587371826173, 27.47000122070324], [94.16020202636724, 27.466470718383903], [94.15445709228533, 27.460460662841797], [94.14080810546886, 27.44845962524431], [94.13585662841825, 27.445859909057674], [94.12333679199236, 27.434980392456055], [94.11708068847656, 27.430971145629996], [94.10652160644526, 27.41805076599144], [94.09992218017584, 27.413919448852596], [94.09329986572271, 27.410940170288086], [94.08634948730486, 27.404560089111328], [94.07244873046875, 27.383012771606502], [94.06864929199224, 27.37440109252924], [94.06314849853521, 27.368911743164176], [94.06092834472685, 27.36355972290039], [94.05483245849604, 27.36283111572277], [94.04831695556669, 27.358749389648494], [94.04164123535185, 27.353290557861328], [94.03008270263689, 27.347991943359318], [94.0258331298831, 27.34770011901867], [94.00978851318388, 27.338890075683594], [94.00000762939459, 27.334709167480526], [94.00068664550781, 27.330139160156307], [93.99780273437494, 27.32785987854004], [93.99603271484386, 27.327882766723633], [93.99018096923822, 27.324649810791016], [93.98567199707037, 27.320579528808594], [93.98094940185553, 27.31376838684082], [93.97267150878923, 27.308340072631893], [93.95652008056646, 27.29475975036621], [93.93891143798845, 27.273279190063477], [93.93390655517572, 27.268341064453182], [93.91889953613298, 27.257141113281364], [93.9010467529298, 27.241540908813533], [93.89298248291021, 27.230970382690543], [93.89097595214872, 27.230180740356445], [93.88561248779325, 27.22438240051281], [93.86744689941412, 27.19884109497093], [93.85746002197283, 27.191101074218807], [93.84716796875017, 27.17978096008312], [93.8398818969726, 27.17345809936529], [93.83699798584013, 27.172079086303654], [93.82897949218778, 27.170642852783317], [93.82666015625011, 27.16937065124523], [93.81701660156267, 27.158241271972656], [93.80858612060575, 27.15175056457548], [93.80729675292986, 27.15014076232916], [93.80680847167974, 27.14720916748047], [93.80561065673828, 27.137790679931697], [93.80143737792974, 27.137910842895508], [93.79824066162121, 27.13716125488287], [93.79779815673834, 27.13600921630865], [93.79843139648449, 27.1343994140625], [93.80024719238298, 27.132629394531534], [93.80222320556646, 27.132860183715934], [93.80580902099615, 27.13475036621088], [93.80818939209013, 27.13286972045904], [93.81350708007824, 27.132011413574276], [93.81423187255865, 27.1308212280274], [93.81385040283209, 27.128618240356502], [93.8113632202149, 27.12626838684082], [93.81315612792997, 27.123760223388956], [93.81495666503906, 27.122608184814567], [93.81910705566406, 27.12290191650419], [93.82195281982416, 27.12203025817894], [93.82549285888678, 27.11934089660639], [93.82723236083996, 27.111940383911133], [93.82663726806646, 27.09938049316429], [93.83132171630876, 27.09243965148937], [93.8330307006836, 27.087610244751033], [93.83621215820341, 27.086479187011832], [93.83436584472656, 27.082849502563533], [93.83476257324236, 27.082050323486328], [93.83674621582037, 27.07821273803711], [93.8350219726563, 27.074991226196346], [93.83209991455095, 27.072868347168196], [93.82901000976557, 27.072122573852596], [93.82824707031244, 27.0689506530764], [93.82710266113276, 27.068849563598803], [93.82549285888678, 27.072122573852596], [93.82457733154325, 27.072170257568416], [93.82287597656278, 27.068321228027457], [93.8187866210938, 27.064931869506836], [93.81571197509783, 27.065450668335075], [93.81288146972662, 27.070680618286246], [93.81018829345703, 27.068140029907454], [93.80854797363293, 27.062570571899414], [93.80488586425787, 27.061349868774528], [93.80213165283203, 27.0617618560791], [93.79942321777372, 27.066871643066406], [93.7987670898438, 27.069681167602596], [93.79805755615246, 27.07094192504877], [93.79709625244152, 27.070882797241268], [93.79399871826178, 27.057729721069393], [93.79119110107433, 27.054569244384766], [93.78742218017572, 27.05422973632824], [93.78613281250017, 27.055370330810547], [93.7851104736331, 27.058359146118335], [93.78321075439482, 27.067190170288086], [93.78227233886713, 27.066900253296126], [93.78116607666033, 27.06081962585455], [93.7791366577149, 27.058290481567667], [93.7791595458985, 27.053342819213924], [93.77794647216814, 27.05277061462408], [93.77543640136736, 27.056219100952376], [93.77368164062528, 27.06236076354992], [93.77239990234392, 27.062301635742188], [93.7717895507812, 27.055519104003963], [93.7709579467774, 27.054550170898665], [93.77007293701166, 27.05558013916027], [93.7681961059572, 27.055519104003963], [93.76847839355474, 27.043291091919116], [93.74642944335938, 27.032409667968807], [93.74257659912138, 27.029712677002067], [93.73388671875017, 27.027231216430664], [93.71893310546903, 27.01922035217285], [93.70556640625028, 27.00832939147955], [93.7044982910158, 27.00656127929699], [93.70568084716803, 27.003681182861328], [93.70095062255865, 26.997102737426758], [93.69828033447271, 26.994791030883732], [93.69655609130865, 26.99237823486351], [93.67578125000006, 26.97107124328619], [93.65511322021501, 26.966478347778548], [93.64016723632841, 26.964780807495117], [93.62449645996122, 26.96421051025419], [93.59583282470709, 26.955181121826172], [93.58422088623053, 26.95264816284191], [93.57079315185564, 26.95412254333513], [93.54548645019537, 26.95174026489252], [93.5258407592774, 26.948631286621094], [93.48935699462908, 26.93852996826189], [93.486831665039, 26.94309043884283], [93.4802932739259, 26.94017982482916], [93.46810913085966, 26.938890457153605], [93.46383666992193, 26.94354057312023], [93.44786834716808, 26.95415115356451], [93.4366607666015, 26.95609092712425], [93.39073181152361, 26.960029602050724], [93.37423706054699, 26.960380554199332], [93.34793853759794, 26.96324157714855], [93.26685333251964, 26.956001281738395], [93.22238922119146, 26.949140548706055], [93.1842803955081, 26.938739776611442], [93.1089630126956, 26.927280426025504], [93.09187316894548, 26.915540695190373], [93.07636260986322, 26.919940948486328], [93.06884002685553, 26.924209594726562], [93.06017303466797, 26.921180725097656], [93.03820800781278, 26.917881011963118], [93.01937103271501, 26.916830062866325], [92.99743652343767, 26.930349349975643], [92.99579620361334, 26.930320739746094], [92.99375915527372, 26.931787490844783], [92.98668670654325, 26.933830261230526], [92.98271942138666, 26.93593978881836], [92.980697631836, 26.93562126159685], [92.9729766845706, 26.94082069396967], [92.96161651611334, 26.945880889892578], [92.95136260986334, 26.948909759521484], [92.9327697753908, 26.95693969726574], [92.92640686035185, 26.96066093444847], [92.92166137695341, 26.96190834045433], [92.91777038574224, 26.96424102783203], [92.91494750976574, 26.969760894775618], [92.9166793823245, 26.98465156555187], [92.89977264404314, 26.9962615966798], [92.89028930664068, 26.999820709228516], [92.88751983642607, 27.00022125244152], [92.88337707519548, 27.00234031677246], [92.87243652343778, 27.00769996643072], [92.83658599853544, 27.013549804687727], [92.82441711425781, 27.01848030090332], [92.78527069091825, 27.03067970275879], [92.76909637451166, 27.033041000366154], [92.72750854492182, 27.028400421142692], [92.71367645263678, 27.02609062194847], [92.70231628417997, 27.02758026123047], [92.68238830566412, 27.031740188598746], [92.65892791748053, 27.03852081298851], [92.65702056884771, 27.037590026855526], [92.65048980712908, 27.02477836608898], [92.6390991210938, 27.01853942871105], [92.64463043212896, 27.010040283203125], [92.64420318603533, 27.002510070800895], [92.64530944824213, 26.995611190796012], [92.6454620361331, 26.987449645996207], [92.58521270751982, 26.961862564086914], [92.55361175537126, 26.95907020568859], [92.53176116943371, 26.96330070495611], [92.51544189453142, 26.964420318603743], [92.50502014160162, 26.966770172119254], [92.49063873291016, 26.96473121643072], [92.48375701904291, 26.964740753173828], [92.466293334961, 26.963060379028377], [92.45957183837908, 26.96331024169922], [92.44616699218778, 26.96063995361328], [92.44216918945307, 26.95502281188959], [92.42576599121088, 26.943468093872355], [92.41188812255876, 26.94419097900402], [92.39975738525396, 26.926271438598746], [92.36728668212896, 26.931550979614315], [92.36443328857428, 26.932699203491325], [92.35305023193371, 26.935569763183707], [92.34677886962919, 26.933460235595703], [92.32005310058605, 26.928380966186523], [92.30285644531256, 26.924209594726562], [92.30374908447283, 26.909540176391545], [92.30053710937506, 26.908140182495117], [92.29007720947271, 26.905460357666072], [92.28148651123053, 26.904148101806868], [92.27639007568388, 26.90246963500988], [92.26786804199236, 26.905082702637003], [92.26510620117193, 26.90760040283203], [92.26123046875, 26.90876960754389], [92.25456237792974, 26.912229537963924], [92.2093505859375, 26.896890640258903], [92.19484710693376, 26.891000747680778], [92.17716979980474, 26.892480850219954], [92.16882324218778, 26.891910552978516], [92.16239929199236, 26.892660140991154], [92.14792633056658, 26.89088821411127], [92.12953948974638, 26.89071273803711], [92.12419128417997, 26.88976097106945], [92.12036895751982, 26.890300750732706], [92.10788726806646, 26.89381980895996], [92.10817718505888, 26.894128799438477], [92.10779571533232, 26.899623870849723], [92.108871459961, 26.907411575317496], [92.11360168457031, 26.91954040527355], [92.11706542968756, 26.93241691589361], [92.11476898193365, 26.942199707031477], [92.11194610595709, 26.949369430541992], [92.11738586425798, 26.96021842956543], [92.1132431030274, 26.975730895996094], [92.10410308837896, 26.97772026062006], [92.10212707519548, 26.983001708984432], [92.10246276855497, 26.990093231201172], [92.10328674316423, 27.007749557495174], [92.0972518920899, 27.009517669677848], [92.08818054199219, 27.016992568969783], [92.07980346679705, 27.02060890197754], [92.07875061035162, 27.03277015686035], [92.07663726806646, 27.039848327636776], [92.0706176757812, 27.04540824890148], [92.06395721435547, 27.05220985412592], [92.05368041992205, 27.0521621704101], [92.04490661621111, 27.051969528198413], [92.04183959960938, 27.060386657714844], [92.03374481201178, 27.064815521240348], [92.03620910644537, 27.070190429687727], [92.03293609619146, 27.074811935424748], [92.02777862548834, 27.078580856323356], [92.02795410156267, 27.0802059173584], [92.02842712402372, 27.084560394287166], [92.02752685546875, 27.097177505493278], [92.02249145507818, 27.108156204223633], [92.02220153808611, 27.114919662475586], [92.02820587158209, 27.12345123291027], [92.03096008300781, 27.130380630493278], [92.03441619873064, 27.1325302124024], [92.03647613525385, 27.13843536376953], [92.03057861328125, 27.14715194702171], [92.02844238281278, 27.15070533752447], [92.0242996215822, 27.154233932495174], [92.02337646484392, 27.162334442138672], [92.02522277832026, 27.17176055908203], [92.03539276123064, 27.17678070068365], [92.04100799560558, 27.181320190429688], [92.04399871826178, 27.182222366333065], [92.05104827880865, 27.184345245361555], [92.0562362670899, 27.18959045410179], [92.05725860595732, 27.20308113098139], [92.06275177001964, 27.209600448608512], [92.0667343139649, 27.2149276733399], [92.06964874267607, 27.22364044189453], [92.06832885742182, 27.234180450439567], [92.06604766845697, 27.239459991455305], [92.0657806396485, 27.24496078491211], [92.06147003173822, 27.2476615905764], [92.0524291992188, 27.251789093017578], [92.04967498779314, 27.256595611572266], [92.03992462158203, 27.261802673339844], [92.03959655761719, 27.26667213439947], [92.04885101318388, 27.271570205688477], [92.0700225830081, 27.277360916137752], [92.07273864746094, 27.276847839355412], [92.07817077636724, 27.27581977844244], [92.08313751220709, 27.272050857544002], [92.09503936767572, 27.273040771484375], [92.1016235351563, 27.269109725952262], [92.10987854003935, 27.273981094360465], [92.11010742187494, 27.273950576782454], [92.11030578613281, 27.27392387390148], [92.11515808105474, 27.27329063415533], [92.11902618408232, 27.275890350342024], [92.11978912353544, 27.280698776245174], [92.12061309814453, 27.287570953369254], [92.11734008789091, 27.292825698852766], [92.10706329345703, 27.29901123046875], [92.10263061523466, 27.301446914672965], [92.0779876708985, 27.31028938293457], [92.06715393066435, 27.318267822265625], [92.05879211425776, 27.327199935913256], [92.06020355224615, 27.34528541564964], [92.05684661865263, 27.34900283813488], [92.04839324951178, 27.3582897186281], [92.04637908935575, 27.36836051940918], [92.04605865478533, 27.379259109497184], [92.04989624023438, 27.390090942382926], [92.05447387695312, 27.400117874145508], [92.05294799804688, 27.4041423797608], [92.04730987548857, 27.40656280517578], [92.04207611083984, 27.412839889526538], [92.04393005371094, 27.4253444671632], [92.04275512695341, 27.430999755859375], [92.03875732421903, 27.436510086059684], [92.03295898437506, 27.437465667724666], [92.02391815185564, 27.44159126281761], [92.0191879272461, 27.447620391845817], [92.01674652099615, 27.45804023742687], [92.01980590820318, 27.468120574951172], [92.01876068115234, 27.47974586486839], [92.01117706298828, 27.481830596923828], [91.99673461914068, 27.477352142334098], [91.98912811279308, 27.474288940429688], [91.98221588134771, 27.467649459838924], [91.979057312012, 27.464960098266545], [91.9730834960938, 27.464998245239258], [91.96543121337896, 27.46681022644043], [91.9546508789062, 27.461425781250114], [91.9494018554688, 27.46084976196289], [91.93937683105497, 27.46063041687023], [91.9318466186524, 27.464960098266545], [91.92273712158209, 27.471349716186467], [91.90896606445318, 27.471210479736555], [91.89850616455084, 27.46827125549322], [91.8909683227539, 27.47323989868164], [91.87223815917997, 27.4728298187257], [91.86302947998053, 27.482070922851506], [91.84913635253935, 27.48255157470726], [91.83960723876982, 27.475740432739485], [91.8284759521485, 27.46898078918457], [91.82820129394526, 27.46900558471674], [91.82800292968744, 27.469022750854606], [91.81790924072266, 27.46989822387701], [91.8094100952149, 27.472600936889876], [91.78864288330084, 27.469209671020508], [91.77381134033232, 27.46451568603527], [91.77115631103544, 27.464975357055664], [91.77099609375, 27.465003967285384], [91.76278686523438, 27.466428756713867], [91.75659179687506, 27.473312377929688], [91.74980163574213, 27.47423171997076], [91.74188995361334, 27.473863601684684], [91.7332763671875, 27.470230102539347], [91.72001647949247, 27.47035980224632], [91.7138290405274, 27.473632812500114], [91.71263122558594, 27.482990264892578], [91.71063995361334, 27.491249084472656], [91.69995117187506, 27.495500564575195], [91.69008636474638, 27.5027503967288], [91.68361663818354, 27.502410888671932], [91.67986297607439, 27.499879837036133], [91.67444610595732, 27.49441909790039], [91.66748809814459, 27.49082946777372], [91.6610870361331, 27.486661911010742], [91.66042327880865, 27.486230850219954], [91.65323638916027, 27.48298072814964], [91.64740753173845, 27.48472976684576], [91.64625549316406, 27.492008209228743], [91.644096374512, 27.49899291992199], [91.6388778686524, 27.50365066528326], [91.62818908691412, 27.508081436157227], [91.62052154541033, 27.51330375671381], [91.61595916748064, 27.522390365600643], [91.6092529296875, 27.541627883911076], [91.60545349121111, 27.54369354248047], [91.60215759277372, 27.541469573974894], [91.60195922851591, 27.541336059570426], [91.60116577148449, 27.540800094604492], [91.59442138671875, 27.539552688598633], [91.59144592285168, 27.543800354003963], [91.58149719238287, 27.562320709228516], [91.56678009033209, 27.5750408172608], [91.56200408935553, 27.584209442138615], [91.57681274414057, 27.599559783935604], [91.57612609863287, 27.60831069946289], [91.57106781005888, 27.612859725952262], [91.57096862792974, 27.612949371337947], [91.56314849853521, 27.61997985839838], [91.55773925781244, 27.633466720580998], [91.56683349609386, 27.6524658203125], [91.58972930908214, 27.67181587219261], [91.59020996093767, 27.67904281616211], [91.59180450439459, 27.683231353759766], [91.59848785400396, 27.686561584472656], [91.5963745117188, 27.69256401062023], [91.60248565673834, 27.694972991943473], [91.61006164550781, 27.692901611328125], [91.61453247070341, 27.695989608764762], [91.61605834960966, 27.70198631286621], [91.62374114990234, 27.70597076416027], [91.6233520507812, 27.715339660644474], [91.62909698486345, 27.731821060180664], [91.62961578369169, 27.74699020385748], [91.6364135742188, 27.753107070922965], [91.64002227783209, 27.757991790771484], [91.63959503173845, 27.765199661254883], [91.63114166259794, 27.771570205688704], [91.63014221191412, 27.777418136596793], [91.63037109375028, 27.782920837402344], [91.6295776367188, 27.794099807739315], [91.62815856933611, 27.800830841064567], [91.61926269531256, 27.80828094482439], [91.61510467529325, 27.81124496459961], [91.59882354736334, 27.820852279663143], [91.58415222167974, 27.818773269653263], [91.5780105590822, 27.81391716003418], [91.57295989990263, 27.812711715698356], [91.56546783447271, 27.81531524658203], [91.5604858398438, 27.821409225463867], [91.5560913085938, 27.831325531006087], [91.54579162597662, 27.846851348876896], [91.54389190673834, 27.85555458068859], [91.55252075195318, 27.858572006225586], [91.55875396728516, 27.8516902923584], [91.56440734863276, 27.85272979736328], [91.56973266601591, 27.860719680786246], [91.57711791992193, 27.861999511719034], [91.58443450927729, 27.856225967407283], [91.59408569335943, 27.862062454223576], [91.59928131103544, 27.85930824279808], [91.60737609863298, 27.85400009155279], [91.6149215698245, 27.856891632080135], [91.62160491943388, 27.857692718505973], [91.62658691406244, 27.8558292388916], [91.62725067138678, 27.855579376220817], [91.63185119628912, 27.855058670044116], [91.63776397705084, 27.854509353637752], [91.64185333251947, 27.854129791259766], [91.65406036376947, 27.85706138610857], [91.66195678710943, 27.85824012756359], [91.66932678222656, 27.856710433960018], [91.67959594726591, 27.844139099121264], [91.68952941894526, 27.829139709472713], [91.69412231445312, 27.822130203247127], [91.70221710205084, 27.816820144653434], [91.7095718383789, 27.813289642333928], [91.72115325927763, 27.81049919128418], [91.7462768554688, 27.803350448608455], [91.75813293457037, 27.801298141479776], [91.77112579345732, 27.801240921020508], [91.77870178222662, 27.80306053161621], [91.78859710693365, 27.804639816284237], [91.79907226562517, 27.808221817016715], [91.80412292480497, 27.8088893890382], [91.81051635742205, 27.80298995971674], [91.81527709960955, 27.80337905883789], [91.82421112060547, 27.810350418090934], [91.8279495239259, 27.80755043029785], [91.8289031982423, 27.79667091369629], [91.83136749267584, 27.788951873779354], [91.83348846435558, 27.779888153076456], [91.84519958496111, 27.77565956115717], [91.84886932373053, 27.768249511718807], [91.85119628906256, 27.765060424804744], [91.85291290283209, 27.759330749511776], [91.85759735107439, 27.742290496826286], [91.86052703857428, 27.736932754516715], [91.87043762207037, 27.73446083068842], [91.87330627441412, 27.730470657348633], [91.87577819824224, 27.72600936889654], [91.878646850586, 27.721839904785156], [91.88844299316435, 27.72424125671415], [91.90225982666033, 27.72706985473627], [91.90281677246111, 27.727001190185604], [91.90837860107428, 27.726310729980696], [91.91500854492205, 27.718160629272404], [91.91876220703153, 27.715101242065373], [91.93402099609403, 27.721569061279297], [91.94506072998058, 27.728691101074162], [91.94659423828136, 27.73217773437517], [91.94982147216803, 27.739530563354492], [91.95558929443388, 27.750669479370174], [91.96105957031256, 27.75097084045433], [91.96582794189459, 27.751440048218], [91.97287750244146, 27.759901046753043], [91.97894287109375, 27.76473045349121], [91.98385620117188, 27.76999092102068], [91.99497222900396, 27.768419265747013], [92.00028991699236, 27.767469406128157], [92.0107421875, 27.76473045349121], [92.0377731323245, 27.75720024108898], [92.04863739013683, 27.756990432739258], [92.05539703369158, 27.759130477905387], [92.06762695312517, 27.76786994934082], [92.08457183837908, 27.77977943420433], [92.09922027587919, 27.793380737304688], [92.1199569702149, 27.810600280761776], [92.13889312744169, 27.824462890625], [92.15609741210955, 27.83702087402355], [92.170883178711, 27.842912673950423], [92.18934631347662, 27.852050781250114], [92.20028686523466, 27.85707283020031], [92.21039581298857, 27.85898971557623], [92.2341918945313, 27.86264991760254], [92.23680877685564, 27.862838745117188], [92.24627685546903, 27.86351966857916], [92.25515747070318, 27.862169265747298], [92.26402282714838, 27.857931137085075], [92.26737976074224, 27.853939056396484], [92.27110290527344, 27.84464263916044], [92.27741241455095, 27.82518959045416], [92.2846908569336, 27.80755996704096], [92.30738830566406, 27.779239654541243], [92.31595611572283, 27.778240203857592], [92.32892608642595, 27.78354835510254], [92.35028076171892, 27.790660858154354], [92.364242553711, 27.79363822937023], [92.36962890625006, 27.793302536010685], [92.37470245361345, 27.793670654296932], [92.37983703613298, 27.795019149780217], [92.38295745849615, 27.81557083129877], [92.3979797363283, 27.82047080993658], [92.40686035156278, 27.822088241577433], [92.41385650634771, 27.823040008544922], [92.42736816406256, 27.812009811401367], [92.4438095092774, 27.800781250000114], [92.45493316650419, 27.803262710571403], [92.45948791503935, 27.807580947875977], [92.46703338623047, 27.81521987915039], [92.47672271728533, 27.821529388427734], [92.48455810546892, 27.828639984131087], [92.4925079345706, 27.836820602416992], [92.50132751464861, 27.841501235961914], [92.51509094238298, 27.84021949768072], [92.52636718750006, 27.831130981445312], [92.534477233887, 27.824331283569393], [92.54389953613281, 27.817470550537223], [92.55425262451178, 27.818298339843864], [92.56069183349615, 27.82104110717779], [92.56529998779303, 27.827350616455192], [92.57624053955107, 27.84181022644043], [92.58574676513683, 27.856870651245288], [92.60507202148438, 27.877508163452205], [92.62036132812517, 27.884468078613395], [92.631591796875, 27.88729095459007], [92.65157318115263, 27.892971038818473], [92.6692123413086, 27.90013122558605], [92.67415618896501, 27.9060001373291], [92.68636322021501, 27.919481277465763], [92.70125579833984, 27.933809280395508], [92.713851928711, 27.949279785156477], [92.7297973632812, 27.971920013427848], [92.73316192626959, 27.977930068969783], [92.73948669433622, 27.98941040039091], [92.73352050781256, 27.99570846557623], [92.72779083251959, 28.001480102539062], [92.72208404541021, 28.014474868774414], [92.72126007080095, 28.016340255737305], [92.70954132080107, 28.033279418945597], [92.70246887207043, 28.04084014892601], [92.69542694091825, 28.048370361328068], [92.68125152587896, 28.058578491211165], [92.66293334960943, 28.062770843505803], [92.6611633300783, 28.067701339721737], [92.6672592163086, 28.078268051147404], [92.67311859130888, 28.096700668335018], [92.67763519287115, 28.110374450683594], [92.68016052246105, 28.1180095672608], [92.68490600585943, 28.12342453002924], [92.68698883056646, 28.12579917907715], [92.69415283203125, 28.129825592041243], [92.6957626342774, 28.130729675293082], [92.70458221435575, 28.136568069458008], [92.72090148925781, 28.144979476928825], [92.736557006836, 28.151550292968693], [92.73785400390642, 28.152465820312614], [92.74424743652355, 28.156972885131893], [92.75833129882818, 28.166900634765682], [92.75953674316435, 28.167724609375114], [92.78302764892578, 28.183740615844954], [92.79963684082048, 28.202230453491325], [92.80754852294928, 28.204078674316463], [92.81617736816435, 28.201620101928825], [92.81932067871094, 28.19741058349615], [92.81768035888683, 28.18431091308605], [92.81861877441412, 28.181596755981616], [92.82126617431646, 28.173919677734546], [92.826469421387, 28.172035217285213], [92.83010101318388, 28.17295646667486], [92.83937835693365, 28.1792049407959], [92.83960723876964, 28.17935943603527], [92.84729003906244, 28.18282127380371], [92.85260009765653, 28.1852321624757], [92.87275695800787, 28.194389343261946], [92.89525604248053, 28.204610824585018], [92.90532684326189, 28.21524047851591], [92.91294860839861, 28.23501968383789], [92.92288970947266, 28.242580413818473], [92.927719116211, 28.244138717651424], [92.93347167968778, 28.245990753173885], [92.94172668457031, 28.24864959716797], [92.95552062988287, 28.258329391479492], [92.96452331542974, 28.261810302734375], [92.97447204589872, 28.259620666504134], [92.98596191406244, 28.251310348510913], [92.986869812012, 28.24249076843256], [92.98999023437517, 28.23442268371582], [92.99465942382818, 28.230260848999308], [93.00035858154303, 28.230791091918945], [93.00994873046903, 28.239870071411246], [93.02033996582048, 28.252298355102653], [93.03378295898449, 28.263130187988224], [93.03289031982422, 28.266830444335994], [93.02565765380876, 28.286640167236442], [93.02393341064453, 28.292766571045036], [93.02262115478533, 28.297405242919922], [93.0219116210938, 28.299930572509822], [93.02366638183605, 28.303199768066406], [93.02497863769537, 28.303276062011776], [93.03224182128912, 28.303699493408203], [93.04592132568365, 28.302499771118164], [93.04624938964844, 28.302471160888786], [93.06167602539057, 28.306930541992244], [93.06266021728533, 28.307151794433707], [93.06916809082048, 28.308614730835075], [93.07203674316423, 28.30925941467308], [93.08711242675781, 28.306221008301065], [93.09535217285162, 28.30707931518583], [93.11068725585966, 28.314790725708235], [93.11213684082037, 28.315521240234432], [93.12478637695341, 28.326799392700423], [93.12906646728533, 28.326490402221737], [93.13646697998047, 28.324890136718864], [93.15496826171875, 28.3184814453125], [93.17978668212908, 28.31721115112299], [93.19375610351568, 28.318040847778377], [93.20693206787115, 28.32327079772972], [93.21897888183605, 28.333730697631893], [93.21988677978521, 28.335510253906307], [93.22145843505871, 28.33856964111351], [93.2227401733399, 28.341068267822266], [93.2202987670899, 28.355489730835018], [93.21927642822283, 28.361499786376953], [93.22225952148466, 28.377941131591854], [93.23152160644537, 28.400711059570312], [93.22586822509794, 28.408300399780273], [93.21605682373053, 28.413669586181754], [93.20461273193365, 28.419279098511026], [93.19036865234386, 28.426019668579215], [93.18106842041044, 28.432741165161076], [93.18266296386736, 28.439990997314567], [93.19033813476568, 28.444150924682617], [93.2008819580081, 28.448991775512695], [93.20754241943371, 28.452228546142862], [93.21357727050787, 28.45816993713379], [93.22245025634794, 28.470279693603743], [93.22905731201178, 28.477951049804858], [93.23530578613298, 28.48273086547863], [93.2363891601562, 28.483242034912337], [93.25395965576172, 28.49155044555664], [93.26286315917997, 28.496900558471793], [93.26963043212908, 28.501140594482422], [93.27591705322283, 28.50482940673828], [93.27934265136736, 28.51379013061529], [93.2816467285158, 28.521230697631893], [93.28890991210938, 28.54341125488287], [93.29743957519531, 28.557588577270735], [93.30526733398438, 28.5662593841555], [93.30333709716791, 28.576871871948242], [93.29753875732428, 28.592029571533317], [93.29987335205107, 28.59955024719261], [93.30639648437494, 28.600982666015625], [93.31137084960938, 28.603750228881836], [93.31958007812517, 28.607009887695597], [93.32763671875006, 28.608289718628043], [93.32987976074236, 28.615631103515625], [93.33096313476591, 28.623479843139876], [93.33230590820341, 28.633680343627873], [93.33550262451178, 28.638179779052848], [93.33690643310541, 28.640159606933707], [93.34191894531267, 28.64011955261242], [93.3508605957033, 28.638891220092773], [93.36177062988281, 28.640829086303768], [93.36971282958979, 28.64454078674322], [93.38967895507818, 28.649469375610522], [93.39539337158209, 28.650356292724666], [93.40518188476591, 28.651870727539062], [93.41184234619169, 28.65290069580101], [93.42980194091791, 28.662309646606673], [93.43714141845709, 28.669134140014762], [93.43746948242205, 28.669439315795955], [93.44132995605474, 28.672559738159293], [93.44567108154314, 28.676040649414176], [93.45674896240251, 28.668420791626033], [93.46256256103544, 28.657030105591105], [93.46675872802763, 28.652120590210018], [93.4741973876956, 28.653650283813477], [93.47550201416021, 28.662309646606673], [93.4791793823245, 28.67498016357439], [93.48359680175781, 28.680091857910156], [93.48556518554693, 28.68110275268566], [93.49111938476568, 28.683961868286133], [93.49550628662115, 28.68402290344244], [93.50086975097662, 28.682092666625977], [93.50920867919922, 28.67984008789074], [93.51199340820341, 28.678028106689567], [93.51843261718761, 28.673830032348576], [93.51893615722656, 28.671495437622184], [93.5202026367187, 28.66564178466797], [93.52446746826172, 28.661279678344727], [93.53383636474615, 28.658849716186637], [93.56127166748064, 28.659610748291016], [93.60698699951166, 28.655878067016715], [93.62008666992193, 28.657730102539176], [93.63487243652361, 28.661020278930778], [93.63887023925798, 28.661909103393498], [93.65364074707037, 28.666839599609602], [93.66942596435547, 28.671960830688477], [93.68551635742199, 28.679340362548885], [93.69964599609403, 28.679929733276424], [93.71382141113281, 28.683860778808707], [93.7250289916995, 28.688219070434627], [93.73156738281267, 28.689279556274357], [93.74364471435553, 28.684627532958984], [93.74732971191435, 28.68321037292486], [93.76127624511747, 28.67460823059082], [93.771713256836, 28.67003631591797], [93.77517700195341, 28.668518066406307], [93.78528594970732, 28.67140960693382], [93.79736328125, 28.680271148681868], [93.8187866210938, 28.694890975952433], [93.83555603027344, 28.70452117919922], [93.84403991699247, 28.70738983154297], [93.84966278076189, 28.70699119567871], [93.85787200927734, 28.705802917480582], [93.86527252197283, 28.70371246337919], [93.9041290283206, 28.67666053771984], [93.91960144042963, 28.670379638671875], [93.92613220214861, 28.67180061340332], [93.93456268310553, 28.67709922790533], [93.94352722167974, 28.6891708374024], [93.95697021484403, 28.704679489135742], [93.96028900146501, 28.713060379028377], [93.96253967285156, 28.71871185302757], [93.96555328369169, 28.723239898681754], [93.96511077880865, 28.74299049377464], [93.96850585937506, 28.751382827759016], [93.97763061523455, 28.759300231933594], [93.99035644531278, 28.765630722046012], [93.99809265136724, 28.771640777588118], [94.00142669677729, 28.775539398193303], [94.00163269042969, 28.78428077697754], [93.99841308593767, 28.788040161132756], [93.98526763916033, 28.798290252685717], [93.98557281494169, 28.80677032470703], [93.98680114746111, 28.80787849426281], [93.99997711181646, 28.819770812988338], [93.99800109863276, 28.831119537353572], [93.99491119384794, 28.841369628906307], [94.00285339355474, 28.8470211029055], [94.01480865478533, 28.851181030273438], [94.01792144775396, 28.85164260864252], [94.03006744384783, 28.85345077514654], [94.03420257568388, 28.8609619140625], [94.04399871826189, 28.873830795288086], [94.05694580078125, 28.886428833007926], [94.0581130981447, 28.887559890747298], [94.06653594970703, 28.89608955383318], [94.07884216308622, 28.90582084655773], [94.09416198730486, 28.915130615234375], [94.12046813964844, 28.930280685424748], [94.13648986816406, 28.940391540527457], [94.15513610839872, 28.95476150512701], [94.15692138671892, 28.959369659423942], [94.15831756591803, 28.97406005859375], [94.16677093505888, 28.981161117553825], [94.17294311523455, 28.991821289062557], [94.1717758178711, 29.00316810607916], [94.171928405762, 29.007001876831225], [94.17195892333984, 29.007762908935774], [94.17520904541016, 29.020490646362248], [94.17945861816412, 29.028551101684684], [94.18498992919928, 29.039121627807674], [94.19198608398438, 29.048799514770792], [94.19899749755888, 29.060108184814567], [94.20577239990234, 29.069351196289347], [94.21469116210938, 29.08408927917486], [94.2247161865235, 29.09000968933111], [94.23307800292974, 29.096281051635742], [94.23805999755865, 29.100458145141715], [94.24579620361345, 29.107980728149414], [94.25768280029303, 29.116790771484432], [94.26889038085955, 29.127128601074332], [94.27755737304699, 29.135391235351562], [94.28772735595697, 29.14814949035656], [94.29235076904314, 29.149620056152457], [94.29757690429693, 29.150550842285213], [94.3074569702149, 29.150880813598633], [94.31155395507841, 29.150598526001033], [94.31846618652361, 29.150119781494254], [94.33132934570318, 29.15028953552269], [94.35016632080084, 29.15020942688011], [94.35692596435575, 29.152589797973633], [94.35778045654314, 29.15317344665533], [94.35824584960949, 29.15349197387718], [94.36370086669922, 29.1572208404541], [94.3676300048831, 29.166339874267862], [94.37008666992216, 29.181760787964095], [94.37227630615251, 29.19022941589384], [94.37684631347673, 29.194501876831055], [94.39707946777344, 29.203830718994197], [94.39952850341814, 29.20496940612793], [94.4138793945313, 29.21269035339361], [94.4257431030274, 29.223560333252237], [94.4311828613283, 29.22682189941429], [94.43389129638672, 29.226459503173828], [94.44146728515625, 29.2254390716555], [94.45465850830095, 29.223970413208008], [94.46694946289068, 29.221679687500227], [94.47006988525385, 29.220903396606445], [94.47869873046892, 29.218759536743107], [94.4944610595706, 29.216672897339095], [94.50297546386724, 29.21690177917492], [94.51400756835943, 29.217201232910156], [94.53306579589861, 29.218719482421818], [94.54580688476562, 29.223270416259822], [94.55789947509771, 29.228910446167106], [94.55995178222673, 29.23148345947277], [94.56739807128923, 29.24082946777355], [94.57208251953153, 29.25057029724138], [94.57264709472685, 29.25649070739746], [94.57344818115229, 29.26490020751953], [94.57389068603516, 29.27517127990734], [94.57775878906256, 29.28076934814453], [94.58383178710943, 29.28269004821783], [94.58895874023438, 29.286300659179688], [94.59388732910173, 29.28984069824247], [94.60536956787115, 29.296989440918026], [94.61071014404303, 29.301162719726733], [94.61900329589872, 29.312799453735295], [94.62108612060575, 29.32253074646019], [94.62370300292974, 29.336771011352653], [94.62354278564459, 29.345590591430778], [94.62815856933622, 29.348590850830135], [94.64145660400396, 29.34692001342779], [94.6495513916015, 29.341922760009822], [94.66597747802751, 29.331779479980582], [94.67724609375017, 29.327840805053768], [94.68158721923822, 29.323801040649528], [94.69095611572266, 29.316711425781364], [94.69461822509783, 29.313940048218], [94.70445251464872, 29.307750701904297], [94.71105194091803, 29.304340362548885], [94.7158660888673, 29.300132751464957], [94.73070526123053, 29.287160873413086], [94.7366333007813, 29.28198051452648], [94.74822235107422, 29.266258239746264], [94.76653289794922, 29.25279045105009], [94.77738189697283, 29.241119384765682], [94.78276824951178, 29.233190536499023], [94.79084014892607, 29.226190567016715], [94.79538726806646, 29.2187309265139], [94.79789733886747, 29.20998954772972], [94.79653167724615, 29.19549942016613], [94.79286956787115, 29.18036079406744], [94.79292297363293, 29.169740676879826], [94.79798889160173, 29.164609909057845], [94.80948638916021, 29.166709899902344], [94.82028961181658, 29.170959472656307], [94.83261871337919, 29.17674255371105], [94.8402633666995, 29.18016052246105], [94.84658813476562, 29.182991027832145], [94.85244750976591, 29.18371963500971], [94.87180328369158, 29.184289932251147], [94.88115692138689, 29.181789398193644], [94.89263153076178, 29.176040649414233], [94.90695953369146, 29.166521072387695], [94.91880035400396, 29.16230010986328], [94.9268264770509, 29.162759780883846], [94.93824005126959, 29.16097831726097], [94.93939971923834, 29.16094207763672], [94.9568862915039, 29.16037178039562], [94.9676895141601, 29.159751892089957], [94.9709777832033, 29.15624046325695], [94.98159790039091, 29.14995002746582], [94.98654937744169, 29.146709442138615], [94.99510192871105, 29.140960693359375], [95.00498199462896, 29.135749816894474], [95.0111618041995, 29.13340759277355], [95.02279663085966, 29.130620956420955], [95.0256729125976, 29.1335906982423], [95.01822662353544, 29.142959594726676], [95.01040649414091, 29.15185928344721], [95.00421905517584, 29.15771102905279], [94.99195861816423, 29.165819168090877], [94.98668670654303, 29.173538208007812], [94.99749755859392, 29.173011779785213], [95.0049133300783, 29.1704998016358], [95.01088714599615, 29.167079925537223], [95.02027130126959, 29.16114997863781], [95.02339172363276, 29.159801483154354], [95.02922821044928, 29.157279968262003], [95.0397415161134, 29.152421951293945], [95.05368041992216, 29.15018463134777], [95.05433654785173, 29.150079727173136], [95.06555938720703, 29.14793014526373], [95.07810974121122, 29.145601272583065], [95.09211730957031, 29.1443576812747], [95.0983963012697, 29.143800735473576], [95.10251617431669, 29.140108108520565], [95.10888671875017, 29.129020690918082], [95.11353302001959, 29.12120056152355], [95.12175750732433, 29.116250991821516], [95.14592742919928, 29.115610122680664], [95.15487670898443, 29.11334991455101], [95.17752075195312, 29.10857963562023], [95.19664764404303, 29.10758018493675], [95.20289611816423, 29.107856750488395], [95.21362304687506, 29.108333587646598], [95.21671295166021, 29.108470916748274], [95.24047851562517, 29.110710144043082], [95.25076293945312, 29.109880447387695], [95.247856140137, 29.093772888183707], [95.2513732910158, 29.0857391357423], [95.25057983398455, 29.081357955932617], [95.24971008300787, 29.076580047607422], [95.2501068115235, 29.068571090698242], [95.2575073242188, 29.06197929382347], [95.2665557861331, 29.057649612426758], [95.27237701416021, 29.058612823486328], [95.27787780761736, 29.059530258178768], [95.286186218262, 29.062219619751147], [95.29750061035173, 29.063190460205078], [95.30274963378912, 29.06291961669922], [95.30870819091825, 29.059310913086108], [95.31826782226557, 29.05507087707531], [95.33112335205084, 29.051450729370117], [95.34548950195324, 29.046110153198242], [95.37387084960943, 29.04129028320324], [95.38463592529291, 29.038040161132926], [95.39996337890625, 29.035400390625284], [95.41013336181646, 29.034120559692496], [95.41651153564453, 29.038160324096737], [95.42154693603521, 29.04121017456066], [95.42935943603521, 29.041280746459904], [95.43871307373053, 29.037202835083008], [95.44742584228533, 29.036012649536246], [95.45433807373053, 29.03699111938488], [95.45926666259783, 29.043100357055607], [95.46485900878912, 29.054611206054744], [95.47020721435553, 29.06089973449707], [95.47402954101568, 29.065929412841854], [95.48298645019537, 29.07113075256342], [95.485893249512, 29.07625007629406], [95.48908996582037, 29.089740753173828], [95.491928100586, 29.109180450439453], [95.49186706542986, 29.123680114746207], [95.49498748779303, 29.135299682617244], [95.49633026123053, 29.140310287475586], [95.50353240966797, 29.14299011230463], [95.51381683349626, 29.138919830322266], [95.52778625488287, 29.13474273681652], [95.53827667236334, 29.130569458007926], [95.54680633544939, 29.128650665283203], [95.5465621948245, 29.14575004577648], [95.5470809936524, 29.15133285522461], [95.54679870605486, 29.158710479736612], [95.54630279541021, 29.16806983947754], [95.54531860351568, 29.180580139160156], [95.54505157470697, 29.181751251220817], [95.54155731201183, 29.196979522705305], [95.5371780395509, 29.208242416381836], [95.53771972656256, 29.21400070190441], [95.54502868652372, 29.215589523315543], [95.56035614013689, 29.21653175354004], [95.57971954345732, 29.217372894287166], [95.5858001708985, 29.21799278259283], [95.58560943603521, 29.22816085815424], [95.58763122558611, 29.242372512817496], [95.59303283691412, 29.254230499267692], [95.59873199462896, 29.261861801147518], [95.60510253906278, 29.262470245361612], [95.62062072753923, 29.25494956970215], [95.63121795654325, 29.24904823303234], [95.6380233764649, 29.249839782714844], [95.64288330078153, 29.256029129028377], [95.65228271484392, 29.260490417480412], [95.6602325439456, 29.26522827148449], [95.67323303222656, 29.271099090576172], [95.68315124511719, 29.277280807495117], [95.69225311279325, 29.28652191162132], [95.69734191894537, 29.294588088989485], [95.70189666748047, 29.300420761108455], [95.70633697509771, 29.300680160522404], [95.71517181396513, 29.29829978942894], [95.72705078125017, 29.302469253540153], [95.74349975585943, 29.316249847412223], [95.74540710449224, 29.329120635986328], [95.76509857177746, 29.344591140747184], [95.77294921875028, 29.351840972900447], [95.77762603759771, 29.356399536132926], [95.78309631347656, 29.356380462646655], [95.78695678710955, 29.347360610961914], [95.79102325439459, 29.337898254394645], [95.79648590087908, 29.33633041381836], [95.80256652832048, 29.339372634887695], [95.80349731445307, 29.340074539184513], [95.81008148193365, 29.345069885253963], [95.81925201416021, 29.35205078125], [95.8268127441408, 29.355710983276595], [95.84030151367182, 29.353742599487305], [95.84825897216808, 29.358659744262752], [95.85894012451183, 29.36750984191906], [95.87523651123064, 29.38558006286621], [95.88085174560553, 29.391490936279297], [95.88931274414091, 29.391361236572322], [95.89926910400408, 29.389753341674748], [95.90959167480486, 29.388090133667163], [95.93537902832037, 29.384250640869197], [95.95710754394537, 29.382667541504134], [95.96589660644537, 29.38739013671875], [95.97796630859386, 29.400449752807617], [95.98719024658203, 29.40687179565424], [95.99318695068365, 29.410440444946403], [96.00248718261736, 29.412071228027457], [96.01452636718756, 29.421350479125977], [96.02555084228533, 29.433429718017578], [96.03472137451189, 29.442989349365234], [96.04406738281267, 29.450469970703125], [96.05560302734403, 29.458410263061637], [96.06945037841803, 29.462272644043082], [96.08053588867193, 29.46334457397461], [96.08718872070318, 29.461610794067383], [96.09281921386747, 29.456430435180664], [96.10118103027355, 29.445310592651538], [96.11319732666027, 29.427509307861328], [96.12394714355469, 29.417619705200423], [96.13923645019548, 29.407791137695312], [96.1499862670899, 29.399259567260856], [96.1577758789063, 29.383100509643555]]]}}, {"type": "Feature", "properties": {"ID_0": 105, "ISO": "IND", "NAME_0": "India", "ID_1": 4, "NAME_1": "Assam", "NL_NAME_1": null, "VARNAME_1": null, "TYPE_1": "State", "ENGTYPE_1": "State"}, "geometry": {"type": "MultiPolygon", "coordinates": [[[[89.87145233154291, 25.53729820251459], [89.8711776733399, 25.53695106506376], [89.87565612792969, 25.528528213501204], [89.87032318115251, 25.5214900970459], [89.87384796142584, 25.51356124877941], [89.87558746337902, 25.50547027587902], [89.88004302978516, 25.495599746704215], [89.87995910644537, 25.488639831543026], [89.87175750732428, 25.478900909424], [89.8687133789063, 25.476360321045036], [89.86402893066423, 25.47286033630371], [89.8595733642581, 25.47339057922369], [89.85511016845703, 25.476049423217887], [89.8554763793947, 25.479562759399528], [89.85553741455084, 25.48280143737793], [89.85482025146513, 25.484739303588924], [89.85513305664068, 25.48843002319353], [89.85810089111322, 25.48986053466814], [89.85962677001947, 25.491428375244254], [89.85987854003906, 25.494619369506836], [89.85903167724638, 25.496379852295206], [89.85800933837896, 25.4985027313233], [89.85791778564453, 25.500440597534293], [89.86096954345703, 25.502782821655444], [89.86300659179716, 25.504680633544922], [89.86411285400396, 25.510229110717944], [89.86395263671886, 25.514440536499023], [89.86337280273443, 25.517459869384766], [89.86192321777344, 25.520610809326286], [89.8592071533206, 25.527360916137923], [89.85826873779325, 25.530109405517635], [89.85787200927763, 25.53266906738304], [89.85778045654297, 25.534830093383846], [89.85856628417974, 25.536520004272404], [89.86084747314459, 25.538021087646655], [89.86532592773466, 25.539609909057617], [89.87145233154291, 25.53729820251459]]], [[[89.87145233154291, 25.53729820251459], [89.87094879150396, 25.538642883300895], [89.87320709228533, 25.540090560913143], [89.87394714355486, 25.54193687438965], [89.87455749511736, 25.54156112670904], [89.87145233154291, 25.53729820251459]]], [[[95.95231628417986, 27.94184112548851], [95.95155334472673, 27.93917083740257], [95.95234680175787, 27.937179565429688], [95.95755004882824, 27.93708038330101], [95.95754241943365, 27.93288040161127], [95.95381164550781, 27.930240631103516], [95.95529937744169, 27.92682075500511], [95.95249176025408, 27.922819137573185], [95.94351196289062, 27.912639617920206], [95.93931579589844, 27.909820556640682], [95.93833160400419, 27.90327072143566], [95.92864227294939, 27.902851104736555], [95.92501068115234, 27.900941848754996], [95.92392730712896, 27.895999908447322], [95.9285507202149, 27.890529632568303], [95.9273529052735, 27.88726043701172], [95.92375183105474, 27.89033126831066], [95.92127990722662, 27.8904705047608], [95.92262268066412, 27.886180877685547], [95.91866302490263, 27.882780075073242], [95.9140014648438, 27.88084983825678], [95.91291809082043, 27.878139495849553], [95.91409301757841, 27.87465095520014], [95.91137695312506, 27.873018264770565], [95.90618133544928, 27.877229690551985], [95.90722656250028, 27.868640899658203], [95.90055847167997, 27.866680145263786], [95.89763641357428, 27.867469787597884], [95.89502716064482, 27.867221832275504], [95.89422607421886, 27.86096000671398], [95.89209747314459, 27.85704040527372], [95.87657165527361, 27.84177017211914], [95.87372589111345, 27.83980178833002], [95.86633300781256, 27.838460922241325], [95.85209655761747, 27.834110260009766], [95.84599304199247, 27.83010101318365], [95.84336853027344, 27.821470260620174], [95.83497619628906, 27.815771102905387], [95.8289413452149, 27.813659667968807], [95.82312774658232, 27.809249877929688], [95.8113174438476, 27.793720245361385], [95.8075790405274, 27.789949417114542], [95.80636596679688, 27.783580780029467], [95.80094909667974, 27.776861190796012], [95.79538726806646, 27.77263069152832], [95.78882598876953, 27.765052795410213], [95.78053283691412, 27.758220672607422], [95.78777313232428, 27.74205017089838], [95.78479766845697, 27.739780426025447], [95.7718811035158, 27.734510421753043], [95.76267242431635, 27.732931137085018], [95.75821685791021, 27.731109619140682], [95.75871276855486, 27.726680755615348], [95.76304626464872, 27.72266006469738], [95.77039337158209, 27.72002983093273], [95.77052307128923, 27.715999603271598], [95.77262115478533, 27.711320877075252], [95.77336120605463, 27.705350875854606], [95.7726669311524, 27.699951171875], [95.77455139160173, 27.696701049804858], [95.77876281738281, 27.694391250610636], [95.79312896728521, 27.692270278930778], [95.79647064209001, 27.688060760498104], [95.79453277587885, 27.684190750122127], [95.78549194335943, 27.683259963989485], [95.78044891357439, 27.67918968200695], [95.77847290039091, 27.67234992980957], [95.77784729003912, 27.666259765625057], [95.7792205810548, 27.660539627075252], [95.78623199462896, 27.65566062927246], [95.79485321044933, 27.652799606323242], [95.80145263671892, 27.649009704589844], [95.79959106445318, 27.642969131469727], [95.79734039306652, 27.63956069946289], [95.79741668701189, 27.635890960693473], [95.78734588623047, 27.632299423217887], [95.7850418090822, 27.627399444580135], [95.7871170043947, 27.62340927124046], [95.79429626464872, 27.62236976623535], [95.79606628417969, 27.61819076538086], [95.79802703857422, 27.607830047607536], [95.80960845947266, 27.60527038574247], [95.8168258666995, 27.60543823242199], [95.82087707519548, 27.60472106933588], [95.82419586181646, 27.603010177612305], [95.82025909423857, 27.595571517944336], [95.819808959961, 27.590280532836914], [95.82124328613281, 27.58172035217285], [95.82772827148438, 27.581750869750977], [95.8319320678711, 27.578889846801758], [95.83628845214872, 27.571178436279354], [95.839897155762, 27.566610336303768], [95.84601593017607, 27.56799125671398], [95.85209655761747, 27.565650939941406], [95.86235809326178, 27.552600860595874], [95.86701965332031, 27.55109977722168], [95.8736190795899, 27.551170349121264], [95.88133239746094, 27.55323028564453], [95.88143920898443, 27.545831680297795], [95.87992095947277, 27.529790878295955], [95.88080596923828, 27.52251052856468], [95.87847900390642, 27.519830703735465], [95.8817977905274, 27.515090942382812], [95.88710784912115, 27.511270523071403], [95.88964080810553, 27.50616836547863], [95.88604736328153, 27.50356292724615], [95.88046264648443, 27.50110054016136], [95.87905120849626, 27.4991912841798], [95.87915802001964, 27.4926700592041], [95.88125610351574, 27.487421035766715], [95.87843322753935, 27.475601196289062], [95.87625885009771, 27.47110939025896], [95.8660659790039, 27.469022750854606], [95.8611679077149, 27.466299057007063], [95.8594589233399, 27.46261024475109], [95.86379241943376, 27.45203018188471], [95.85955810546903, 27.449052810669002], [95.85517120361357, 27.447370529174805], [95.85291290283203, 27.444759368896598], [95.84947204589844, 27.43490982055664], [95.84934234619146, 27.43032073974615], [95.85573577880888, 27.427669525146655], [95.8576126098634, 27.424819946289176], [95.85795593261724, 27.420680999755916], [95.86733245849621, 27.417150497436637], [95.86666870117205, 27.419210433960018], [95.86422729492193, 27.421318054199276], [95.86324310302751, 27.424858093261662], [95.8649063110351, 27.429012298583984], [95.87577056884794, 27.435358047485465], [95.88259124755871, 27.444080352783203], [95.888656616211, 27.444070816040266], [95.89037322998053, 27.43967056274414], [95.88941955566412, 27.431629180908146], [95.89002990722668, 27.426410675048885], [95.89437866210943, 27.41828918457054], [95.89425659179716, 27.414382934570312], [95.89187622070318, 27.409780502319336], [95.89305877685553, 27.406040191650504], [95.90010070800787, 27.411331176757812], [95.9061279296875, 27.4232692718507], [95.90796661376964, 27.432640075683707], [95.91117095947271, 27.439960479736442], [95.91684722900408, 27.443159103393555], [95.93327331542974, 27.446687698364258], [95.94300079345709, 27.446390151977596], [95.9498901367188, 27.445020675659123], [95.95307159423845, 27.443450927734602], [95.95350646972662, 27.440771102905387], [95.95052337646513, 27.43724060058605], [95.95297241210949, 27.43328094482422], [95.95729064941406, 27.432880401611555], [95.96105194091797, 27.4287109375], [95.96357727050798, 27.43548011779791], [95.96703338623053, 27.436660766601847], [95.96803283691412, 27.424119949341105], [95.97177886962908, 27.430370330810604], [95.9732971191408, 27.43675041198736], [95.97778320312528, 27.43549919128418], [95.97782897949213, 27.432291030883903], [95.98023223876959, 27.43021965026861], [95.98092651367205, 27.426122665405558], [95.97807312011736, 27.425331115722884], [95.97952270507841, 27.421850204468], [95.98945617675776, 27.421720504760856], [95.99122619628923, 27.419399261474894], [95.99093627929699, 27.41457176208496], [95.99459075927763, 27.412359237671012], [96.00100708007818, 27.40347290039091], [96.00006866455084, 27.397569656372184], [96.00205230712885, 27.393499374389762], [96.00836944580095, 27.387210845947266], [96.01056671142584, 27.381282806396484], [96.01494598388678, 27.37545967102062], [96.02091217041044, 27.371259689331225], [96.01835632324224, 27.367900848388956], [96.01319885253912, 27.36403083801281], [96.00314331054699, 27.364459991455192], [96.00211334228516, 27.364128112793026], [95.99697113037115, 27.363479614257812], [95.99487304687506, 27.36024093627941], [95.9936828613283, 27.3514404296875], [95.97734069824224, 27.342300415039062], [95.97421264648438, 27.33936119079584], [95.97001647949219, 27.336980819702376], [95.97228240966825, 27.334629058837947], [95.98420715332037, 27.33434104919445], [95.97804260253923, 27.332691192626953], [95.96871185302751, 27.331830978393782], [95.96903228759794, 27.32840919494629], [95.96785736083996, 27.324569702148438], [95.96260833740251, 27.324331283569336], [95.96556854248058, 27.321662902831974], [95.9632186889649, 27.317068099975586], [95.94056701660162, 27.309589385986328], [95.91874694824236, 27.29922294616722], [95.9122924804688, 27.293140411377067], [95.90643310546886, 27.29187965393089], [95.90238952636724, 27.287830352783203], [95.90453338623058, 27.286239624023608], [95.90428924560553, 27.27985954284668], [95.90116119384766, 27.276388168335075], [95.89810943603516, 27.26431083679222], [95.89396667480469, 27.26301193237299], [95.88765716552751, 27.263320922851562], [95.88243103027372, 27.266941070556868], [95.87760162353521, 27.267408370971793], [95.87238311767595, 27.266910552978572], [95.86544036865263, 27.2766819000247], [95.86084747314464, 27.279792785644588], [95.86064147949224, 27.283420562744084], [95.86192321777344, 27.290029525756893], [95.86046600341808, 27.29421043395996], [95.85022735595697, 27.29314994812023], [95.83793640136724, 27.2870712280274], [95.81019592285173, 27.28092002868658], [95.80848693847673, 27.285440444946403], [95.80650329589872, 27.28801155090332], [95.80628967285162, 27.29174041748047], [95.80075836181646, 27.288700103759822], [95.79080200195318, 27.285459518432674], [95.78468322753912, 27.27913093566906], [95.75701141357439, 27.274351119995117], [95.73992919921886, 27.269889831543196], [95.73638916015642, 27.266750335693587], [95.73188018798834, 27.266540527343693], [95.72548675537104, 27.259229660034464], [95.72107696533232, 27.25760078430187], [95.71549224853521, 27.25909996032715], [95.70188140869158, 27.255640029907454], [95.69542694091803, 27.258148193359318], [95.68441772460949, 27.25741004943859], [95.67939758300787, 27.25616264343273], [95.67920684814459, 27.25391960144043], [95.63700103759766, 27.236909866333065], [95.6341323852539, 27.239810943603516], [95.61914062500006, 27.236551284790266], [95.60735321044928, 27.231372833251953], [95.5991668701173, 27.229610443115348], [95.59008789062517, 27.229520797729492], [95.57788085937517, 27.24215126037609], [95.57830047607422, 27.247140884399357], [95.57446289062517, 27.251060485839957], [95.56326293945318, 27.252502441406307], [95.55613708496111, 27.25436973571783], [95.55416107177763, 27.259340286254826], [95.5348129272461, 27.270620346069393], [95.52971649169928, 27.269069671630973], [95.525932312012, 27.266260147094897], [95.52046203613281, 27.26374053955078], [95.51618194580084, 27.268630981445426], [95.51088714599638, 27.26626968383789], [95.51064300537115, 27.25897979736328], [95.50627899169933, 27.254619598388615], [95.49099731445318, 27.248699188232536], [95.48722839355497, 27.24603080749523], [95.48055267334013, 27.232339859008846], [95.47451019287126, 27.226869583129996], [95.47389984130854, 27.22364997863781], [95.47067260742188, 27.22321128845215], [95.46942901611334, 27.218259811401367], [95.45970916748053, 27.2134304046632], [95.45890045166016, 27.2095699310305], [95.46205139160185, 27.203010559082315], [95.46581268310553, 27.197429656982422], [95.46864318847662, 27.190500259399414], [95.46711730957037, 27.18555068969738], [95.46366882324219, 27.182121276855526], [95.46800994873047, 27.172290802001953], [95.46383666992205, 27.16702079772955], [95.45870971679688, 27.163288116455078], [95.4598999023438, 27.160419464111328], [95.4633178710938, 27.159540176391715], [95.46507263183605, 27.157609939575252], [95.46585083007841, 27.154800415039062], [95.46367645263678, 27.15036010742199], [95.46106719970714, 27.140220642089957], [95.45778656005865, 27.135641098022575], [95.45339965820318, 27.135879516601676], [95.45075225830084, 27.138839721679744], [95.44713592529303, 27.138330459594954], [95.44557952880865, 27.134290695190543], [95.44098663330084, 27.132810592651367], [95.42919158935553, 27.134050369262695], [95.42027282714872, 27.13078117370611], [95.4063110351563, 27.118320465087947], [95.39614868164062, 27.114469528198356], [95.38611602783214, 27.111709594726562], [95.38546752929688, 27.105091094970646], [95.37697601318388, 27.102180480957202], [95.37267303466814, 27.10167121887207], [95.37365722656256, 27.107999801635685], [95.36830139160156, 27.107362747192383], [95.3677825927735, 27.10971069335949], [95.37066650390636, 27.11014938354515], [95.3712692260745, 27.111400604248047], [95.36647033691418, 27.112850189209098], [95.34860229492188, 27.104761123657454], [95.33510589599626, 27.095920562744254], [95.3232727050783, 27.089570999145792], [95.31317901611328, 27.086740493774414], [95.30967712402338, 27.081130981445597], [95.29662322998053, 27.072851181030387], [95.2879180908206, 27.06632041931175], [95.27783203124994, 27.056768417358455], [95.27944946289068, 27.05391120910656], [95.27762603759794, 27.049770355224553], [95.2709732055664, 27.04507064819336], [95.26669311523443, 27.04043960571289], [95.26262664794939, 27.0410099029541], [95.25994873046892, 27.038972854614315], [95.26071929931658, 27.037250518798828], [95.25219726562506, 27.031919479370117], [95.24822998046903, 27.030252456665323], [95.24371337890642, 27.034160614013672], [95.2378768920899, 27.04322052001953], [95.23471832275385, 27.043579101562443], [95.23091125488276, 27.045709609985465], [95.23214721679693, 27.042921066284293], [95.22946929931646, 27.04017066955595], [95.2259826660158, 27.042259216308594], [95.22263336181646, 27.040891647338867], [95.21969604492205, 27.03679084777832], [95.21380615234375, 27.03347969055187], [95.20768737792986, 27.034780502319336], [95.20379638671903, 27.04300117492687], [95.20094299316435, 27.042329788208008], [95.19845581054716, 27.044429779052678], [95.1955184936524, 27.042949676513672], [95.1545028686524, 27.006040573120174], [95.14948272705078, 26.999839782714957], [95.14276123046903, 26.99830055236822], [95.13698577880865, 26.99357986450201], [95.1263809204101, 26.986909866333065], [95.11694335937506, 26.9836807250976], [95.11350250244146, 26.97758102417015], [95.1132202148437, 26.972320556640682], [95.11004638671875, 26.966909408569336], [95.08686065673857, 26.952741622924748], [95.06533813476591, 26.94819068908697], [95.05464935302763, 26.94087982177757], [95.03804779052763, 26.938480377197493], [95.02855682373047, 26.932510375976676], [95.02134704589861, 26.925399780273494], [95.01657104492205, 26.924352645874023], [95.00579071044933, 26.924869537353516], [94.99946594238287, 26.92428970336914], [94.9930572509765, 26.926160812377987], [94.99118804931658, 26.922920227050838], [94.99205017089855, 26.918388366699276], [94.98944854736328, 26.917829513549748], [94.98567199707048, 26.918249130249023], [94.9796600341798, 26.92462158203125], [94.97425842285162, 26.927602767944336], [94.97067260742193, 26.92836189270031], [94.96794128417986, 26.931489944458008], [94.96676635742205, 26.936180114746207], [94.9641723632813, 26.94064140319847], [94.95728302001959, 26.94355010986351], [94.94709014892572, 26.940200805664006], [94.94122314453142, 26.939271926880167], [94.93855285644548, 26.937971115112532], [94.9336013793947, 26.938539505004883], [94.92816162109386, 26.952100753784237], [94.92376708984386, 26.950330734252987], [94.91799163818365, 26.94514274597168], [94.91385650634777, 26.94256973266613], [94.90882110595703, 26.94227027893072], [94.90129089355497, 26.940340042114485], [94.89447021484375, 26.93733024597168], [94.88622283935575, 26.932460784912223], [94.88154602050781, 26.926710128784407], [94.86963653564482, 26.91500854492199], [94.86862182617193, 26.909891128540153], [94.86531829834001, 26.906909942626896], [94.85900878906267, 26.893280029296818], [94.85334777832037, 26.885339736938477], [94.85153198242182, 26.881340026855526], [94.84584045410173, 26.876791000366325], [94.83878326416033, 26.87400054931652], [94.83645629882841, 26.868459701538086], [94.83226013183622, 26.862710952759016], [94.82628631591803, 26.85931015014654], [94.82108306884766, 26.854459762573356], [94.82173156738293, 26.849309921264762], [94.82109069824224, 26.844869613647518], [94.81669616699219, 26.84147071838379], [94.81540679931646, 26.83680915832531], [94.81507110595732, 26.83002090454113], [94.81305694580095, 26.824760437011832], [94.80918121337919, 26.8232803344726], [94.80671691894526, 26.821229934692326], [94.79664611816423, 26.818519592285156], [94.80161285400408, 26.8138103485108], [94.80535888671903, 26.81219100952154], [94.8022079467774, 26.80606079101574], [94.79496002197271, 26.803731918335075], [94.79078674316412, 26.801452636718977], [94.78563690185553, 26.79857063293457], [94.77308654785168, 26.79496192932129], [94.76906585693365, 26.791099548339844], [94.76832580566418, 26.783397674560604], [94.76235961914068, 26.779930114746207], [94.76003265380876, 26.776628494262695], [94.75934600830084, 26.7741374969483], [94.7563705444336, 26.7722682952882], [94.75409698486345, 26.774311065673942], [94.750717163086, 26.779670715332088], [94.74579620361334, 26.78214073181175], [94.74236297607428, 26.778640747070256], [94.74167633056635, 26.77357101440458], [94.73773193359375, 26.76885032653837], [94.73651123046903, 26.767410278320312], [94.73188018798834, 26.76400947570795], [94.71969604492216, 26.758039474487305], [94.71140289306658, 26.75282287597662], [94.69687652587908, 26.73969078063959], [94.6914825439456, 26.73575973510748], [94.68660736084001, 26.732589721679915], [94.66513824462902, 26.727760314941406], [94.65853881835955, 26.724800109863395], [94.65338897705095, 26.72363090515148], [94.64621734619146, 26.724510192871094], [94.64028930664068, 26.723970413208008], [94.63197326660185, 26.7196502685548], [94.62829589843756, 26.718629837036133], [94.62271881103516, 26.719530105590934], [94.62108612060575, 26.721170425415096], [94.62014770507841, 26.72673988342291], [94.61740112304693, 26.73055076599121], [94.61194610595732, 26.73265075683605], [94.61044311523432, 26.735860824585075], [94.61006164550776, 26.740102767944336], [94.60414886474604, 26.73928070068365], [94.59993743896513, 26.737720489502067], [94.59517669677763, 26.729890823364258], [94.59333038330095, 26.726131439208984], [94.60048675537138, 26.725259780883903], [94.60318756103544, 26.723810195923022], [94.60463714599615, 26.719852447509936], [94.60468292236357, 26.717210769653377], [94.60372161865246, 26.716171264648494], [94.59831237792974, 26.719940185546875], [94.59616851806658, 26.718179702758903], [94.59501647949219, 26.71236038208002], [94.5949325561524, 26.706550598144474], [94.59240722656256, 26.70273017883312], [94.58898162841803, 26.70244026184082], [94.5853881835938, 26.703310012817496], [94.58278656005854, 26.70557975769043], [94.57150268554716, 26.69622230529791], [94.574691772461, 26.691020965576172], [94.57086944580084, 26.690059661865234], [94.56608581542974, 26.689928054809627], [94.56295013427729, 26.690631866455078], [94.56233215332043, 26.693830490112532], [94.5647277832033, 26.70600128173828], [94.5634384155274, 26.707370758056754], [94.56112670898443, 26.708139419555664], [94.554672241211, 26.70844078063965], [94.55036926269526, 26.710170745849837], [94.54505920410173, 26.710901260376204], [94.54087066650408, 26.709632873535156], [94.52776336669928, 26.70128059387207], [94.5227279663086, 26.70436859130882], [94.52009582519548, 26.701450347900504], [94.5196762084961, 26.694601058960018], [94.51550292968767, 26.687299728393555], [94.50994873046875, 26.683429718017578], [94.5071411132813, 26.682979583740348], [94.50300598144543, 26.677690505981502], [94.49826812744169, 26.6737117767334], [94.49279785156267, 26.67225265502941], [94.4857482910158, 26.67370033264183], [94.46794128417997, 26.669820785522575], [94.46452331542997, 26.667510986328125], [94.46183013916044, 26.663160324096793], [94.45857238769543, 26.65534973144537], [94.46141815185553, 26.64809036254877], [94.46166229248075, 26.643840789795036], [94.4644622802735, 26.64036941528343], [94.46482086181646, 26.638710021972656], [94.4625015258789, 26.635459899902344], [94.45680999755865, 26.63664054870617], [94.45452117919928, 26.639020919799805], [94.43448638916021, 26.625379562378043], [94.40988159179693, 26.616439819335994], [94.40786743164091, 26.61433029174799], [94.40857696533209, 26.609790802001953], [94.40600585937517, 26.601930618286133], [94.41484832763678, 26.583280563354435], [94.41188049316435, 26.573400497436523], [94.40930938720709, 26.56899070739746], [94.40776062011719, 26.561428070068416], [94.41057586669922, 26.560598373413086], [94.41195678710938, 26.55845069885254], [94.40896606445318, 26.55713081359869], [94.40609741210943, 26.557380676269474], [94.40479278564482, 26.55523109436041], [94.4076385498048, 26.552400588989315], [94.40795135498047, 26.549711227416935], [94.40674591064447, 26.54825019836437], [94.40267944335949, 26.546861648559798], [94.40133666992193, 26.544080734252987], [94.40248107910162, 26.53880119323742], [94.39891815185541, 26.53454971313488], [94.39945220947294, 26.532320022583008], [94.39656066894537, 26.529731750488224], [94.39408874511724, 26.532640457153263], [94.39141082763678, 26.53282928466797], [94.37827301025402, 26.525260925293196], [94.37690734863287, 26.523170471191463], [94.37806701660162, 26.517160415649528], [94.37761688232439, 26.513120651245117], [94.3692474365235, 26.509990692138615], [94.36445617675798, 26.510330200195312], [94.3587493896485, 26.509141921997184], [94.35459136962896, 26.510280609131087], [94.35111236572266, 26.508621215820312], [94.35372161865229, 26.504810333252067], [94.3555297851563, 26.5034503936767], [94.35356140136736, 26.5021591186524], [94.35182189941406, 26.49920272827154], [94.35206604003906, 26.495750427246207], [94.34963226318365, 26.49284172058117], [94.34340667724638, 26.49003982543951], [94.33693695068354, 26.484819412231445], [94.33259582519548, 26.48502922058117], [94.3293228149414, 26.48384094238287], [94.32388305664068, 26.479379653930778], [94.32478332519548, 26.472209930420036], [94.32430267334013, 26.47070121765148], [94.31651306152372, 26.462930679321516], [94.31347656249994, 26.46500015258789], [94.31098175048857, 26.46606063842779], [94.30330657958996, 26.467260360717887], [94.29392242431646, 26.48074150085455], [94.29242706298834, 26.490030288696346], [94.29023742675798, 26.495969772338867], [94.28723907470709, 26.508520126342717], [94.2870712280274, 26.51496124267601], [94.28878784179693, 26.51831817626953], [94.28906249999994, 26.52517127990734], [94.28562164306635, 26.53409194946289], [94.28494262695318, 26.54029083251953], [94.28562164306635, 26.54656982421875], [94.28483581542997, 26.55536270141613], [94.28530883789062, 26.558240890503043], [94.28890991210955, 26.55990028381359], [94.28978729248075, 26.564109802246094], [94.2822875976563, 26.563539505004826], [94.27674102783209, 26.558839797973633], [94.26257324218767, 26.54394912719721], [94.25331878662115, 26.53252983093273], [94.25205230712885, 26.52773284912132], [94.24482727050781, 26.51692008972168], [94.23989105224626, 26.51143074035656], [94.22891998291027, 26.503261566162223], [94.22361755371122, 26.50057029724121], [94.21148681640642, 26.48984909057623], [94.20936584472673, 26.483722686767578], [94.20111846923857, 26.469900131225813], [94.18654632568365, 26.46051025390625], [94.17575836181635, 26.431800842285384], [94.17652130126947, 26.428070068359318], [94.17401123046903, 26.42089080810547], [94.1768417358399, 26.413410186767635], [94.17694091796892, 26.399560928344727], [94.17909240722662, 26.388721466064453], [94.17404937744135, 26.37782287597679], [94.17549133300787, 26.374450683593864], [94.17560577392595, 26.37175941467308], [94.17357635498053, 26.367578506469783], [94.16446685791044, 26.360120773315373], [94.16767120361334, 26.3533096313476], [94.16938018798834, 26.35406112670904], [94.17533874511747, 26.355131149292106], [94.17999267578142, 26.354120254516545], [94.1792831420899, 26.350839614868278], [94.17550659179693, 26.344219207763786], [94.17214965820312, 26.344409942627067], [94.16452026367188, 26.33934020996105], [94.15453338623058, 26.339981079101562], [94.14932250976568, 26.339080810546932], [94.14671325683605, 26.33542060852045], [94.1422424316408, 26.336040496826115], [94.14383697509771, 26.340200424194563], [94.14264678955084, 26.3421306610108], [94.1387710571289, 26.341552734375057], [94.13565826416027, 26.338218688964957], [94.12397003173834, 26.33591079711914], [94.11936950683594, 26.333700180053768], [94.11936187744158, 26.330490112304744], [94.1287231445313, 26.323249816894588], [94.11840820312517, 26.32271957397461], [94.11128997802729, 26.3260498046875], [94.1080474853515, 26.32640075683588], [94.10447692871111, 26.322040557861385], [94.10267639160185, 26.308691024780273], [94.09807586669933, 26.302940368652287], [94.0902862548831, 26.29713058471674], [94.08722686767607, 26.290420532226562], [94.08444213867205, 26.28860092163086], [94.08006286621111, 26.288810729980582], [94.07682037353533, 26.285200119018555], [94.0778198242188, 26.27535057067894], [94.07601928710938, 26.269239425659407], [94.0704727172851, 26.26003074645996], [94.0646362304688, 26.261770248413086], [94.05285644531256, 26.255790710449332], [94.04913330078125, 26.250211715698356], [94.04421997070312, 26.239969253540266], [94.04178619384771, 26.233890533447322], [94.0381698608399, 26.229511260986385], [94.0404663085938, 26.223510742187727], [94.03656005859392, 26.217710494995117], [94.03681945800787, 26.20972061157238], [94.03573608398466, 26.203189849853572], [94.03109741210943, 26.19939041137718], [94.02661895751953, 26.197149276733626], [94.021957397461, 26.191459655761776], [94.0130004882813, 26.186281204223633], [94.00876617431646, 26.18053054809576], [94.0048065185548, 26.17327117919922], [94.00389862060575, 26.169380187988395], [94.00434875488298, 26.164070129394645], [93.99965667724621, 26.158241271972656], [94.00290679931652, 26.15133857727062], [94.00636291503935, 26.14723968505865], [94.00522613525419, 26.14186096191412], [94.0030975341798, 26.13902091979992], [93.99965667724621, 26.136499404907227], [93.9962768554687, 26.13741111755371], [93.99320220947294, 26.137390136718693], [93.99075317382807, 26.133871078491325], [93.99326324462908, 26.1328182220459], [93.99830627441412, 26.130979537963924], [93.99832916259777, 26.129358291626033], [93.99661254882824, 26.128139495849553], [93.9964828491211, 26.122369766235295], [93.99282073974638, 26.120269775390625], [93.99124145507818, 26.11812019348156], [93.99495697021484, 26.115701675414982], [93.99986267089872, 26.11590957641613], [94.00213623046886, 26.114860534668082], [94.00216674804716, 26.1113796234132], [93.99957275390642, 26.10847091674816], [93.99413299560558, 26.10608863830572], [93.992172241211, 26.0978298187257], [93.99249267578142, 26.09278106689453], [93.99096679687517, 26.08949089050293], [93.9864273071289, 26.08830070495617], [93.98602294921892, 26.083568572998047], [93.98938751220732, 26.074119567871094], [93.99111938476591, 26.07263946533226], [93.98081207275419, 26.058631896972656], [93.97450256347685, 26.05216026306158], [93.97263336181635, 26.04496192932129], [93.96588897705084, 26.04240036010748], [93.96312713623064, 26.033351898193303], [93.96266174316418, 26.022159576416016], [93.9583816528322, 26.01189041137718], [93.95488739013666, 26.0073299407959], [93.95598602294933, 26.004570007324276], [93.95897674560553, 26.002458572387695], [93.96058654785185, 25.997009277343693], [93.95804595947271, 25.981571197509993], [93.9560089111331, 25.97418975830078], [93.96920776367188, 25.960840225219727], [93.97084808349615, 25.953260421753043], [93.97109222412138, 25.944852828979606], [93.98268127441418, 25.92626953125], [93.97939300537115, 25.919679641723633], [93.97197723388678, 25.917539596557674], [93.9691696166995, 25.911422729492188], [93.96075439453136, 25.90585517883312], [93.95983886718778, 25.90525054931652], [93.94835662841808, 25.901201248169002], [93.94019317626982, 25.900960922241268], [93.93463134765653, 25.89142990112299], [93.92385101318376, 25.889802932739315], [93.91590118408209, 25.887662887573185], [93.91382598876964, 25.88176918029808], [93.90184020996122, 25.87103080749523], [93.8986129760745, 25.863750457763786], [93.89340972900396, 25.864810943603572], [93.89161682128923, 25.85864067077648], [93.88854980468767, 25.85246086120611], [93.8827362060548, 25.845909118652457], [93.87362670898466, 25.850919723510742], [93.86872863769548, 25.855409622192383], [93.85170745849604, 25.862970352172795], [93.842338562012, 25.86260986328125], [93.83274078369146, 25.85625076293968], [93.82430267333984, 25.84709167480463], [93.82137298583979, 25.832401275634822], [93.81884002685558, 25.826229095458984], [93.81157684326178, 25.821269989013672], [93.80758666992199, 25.816337585449332], [93.79576110839855, 25.814350128173942], [93.7913208007813, 25.816030502319393], [93.79070281982439, 25.82080078125], [93.7887573242187, 25.826019287109602], [93.78734588623053, 25.827962875366154], [93.78452301025419, 25.83578109741211], [93.78259277343756, 25.838220596313477], [93.78108978271513, 25.84464073181158], [93.77982330322283, 25.84630966186529], [93.78380584716791, 25.84996032714838], [93.78296661376959, 25.851400375366325], [93.78359222412138, 25.853929519653377], [93.78147125244169, 25.859270095825252], [93.78528594970732, 25.863260269165266], [93.78578186035162, 25.866899490356502], [93.79181671142572, 25.869691848754883], [93.79064178466825, 25.87378120422369], [93.78827667236334, 25.87572097778326], [93.78745269775408, 25.878929138183707], [93.79145812988298, 25.890058517456282], [93.79184722900408, 25.894912719726676], [93.79514312744146, 25.898040771484375], [93.79573059082037, 25.90121078491211], [93.798110961914, 25.906288146972656], [93.79833221435564, 25.90969276428217], [93.79630279541021, 25.918191909790266], [93.79226684570318, 25.922519683837834], [93.79360961914068, 25.926040649414176], [93.793212890625, 25.930980682373047], [93.78861999511736, 25.932960510253906], [93.79326629638678, 25.936740875244368], [93.79141998291044, 25.94005012512207], [93.79067993164062, 25.944190979003906], [93.78940582275396, 25.946020126342887], [93.78659820556646, 25.94744110107422], [93.7891921997072, 25.94901084899908], [93.78942108154303, 25.95258140563965], [93.78660583496105, 25.954231262207145], [93.7851867675783, 25.958299636840934], [93.78028106689459, 25.960609436035156], [93.77881622314482, 25.963251113891715], [93.77301788330084, 25.966020584106445], [93.76954650878923, 25.95799064636236], [93.77025604248041, 25.95350074768072], [93.76841735839844, 25.95504951477062], [93.76278686523466, 25.954929351806754], [93.75885009765642, 25.948690414428825], [93.74941253662121, 25.94205093383789], [93.75202178955084, 25.939601898193587], [93.75184631347662, 25.936370849609375], [93.75009155273455, 25.937280654907283], [93.73645019531261, 25.930538177490178], [93.7289428710938, 25.92839813232422], [93.71650695800798, 25.92172050476097], [93.71250915527361, 25.922670364379826], [93.70506286621111, 25.921279907226506], [93.69767761230474, 25.917068481445426], [93.68768310546875, 25.909440994262752], [93.68582916259766, 25.9049396514892], [93.69090270996122, 25.88927078247076], [93.70643615722662, 25.85329055786127], [93.70548248291021, 25.848630905151367], [93.70237731933594, 25.846990585327262], [93.70363616943371, 25.849700927734432], [93.70359039306646, 25.853500366210994], [93.69785308837896, 25.851312637329215], [93.69377136230463, 25.84724998474121], [93.69053649902338, 25.847568511962834], [93.69201660156278, 25.844129562378043], [93.68250274658232, 25.840700149536133], [93.68287658691435, 25.835750579833928], [93.6780624389649, 25.828870773315543], [93.6725616455081, 25.828121185302678], [93.6695098876956, 25.82879257202171], [93.66860961914062, 25.824630737304688], [93.66082763671892, 25.824380874633846], [93.65673828125028, 25.826351165771598], [93.65235900878935, 25.82282066345209], [93.64849090576178, 25.823970794677734], [93.64435577392607, 25.81957054138178], [93.6409988403322, 25.81792068481468], [93.64029693603521, 25.81343078613304], [93.63611602783214, 25.81368064880371], [93.63405609130888, 25.809970855713004], [93.63334655761736, 25.805240631103516], [93.62899780273443, 25.80439949035656], [93.62979888916021, 25.799980163574162], [93.62753295898449, 25.7986297607423], [93.62695312500006, 25.791601181030273], [93.62381744384783, 25.790428161621207], [93.62113189697283, 25.785230636596793], [93.62355804443388, 25.78392028808605], [93.62232971191412, 25.779830932617188], [93.61141204834001, 25.77649116516119], [93.60807037353521, 25.776870727539176], [93.60571289062517, 25.77263069152832], [93.60556793212896, 25.76745986938471], [93.60275268554716, 25.77082061767578], [93.59834289550787, 25.768360137939567], [93.5937118530274, 25.764289855957145], [93.59266662597685, 25.7662410736084], [93.58822631835943, 25.768150329589844], [93.58712005615263, 25.76555061340332], [93.5871887207033, 25.7594509124757], [93.5837707519533, 25.75774955749523], [93.57324981689453, 25.760799407958984], [93.57382202148438, 25.759660720825195], [93.57341766357416, 25.756610870361328], [93.56925201416033, 25.755010604858455], [93.57006072998053, 25.751739501953125], [93.56548309326178, 25.74134063720726], [93.5619430541995, 25.74094963073742], [93.55626678466797, 25.741928100585994], [93.55692291259771, 25.737739562988338], [93.54988098144537, 25.732440948486385], [93.54669952392607, 25.734470367431584], [93.54483795166033, 25.726970672607536], [93.54619598388689, 25.7215194702149], [93.5497817993164, 25.718971252441406], [93.54881286621088, 25.714700698852596], [93.54592895507841, 25.710189819335938], [93.54441833496122, 25.705900192260685], [93.54355621337896, 25.701700210571346], [93.53797912597673, 25.703199386596793], [93.53149414062517, 25.69400596618658], [93.53057098388672, 25.69269943237299], [93.52855682373075, 25.69376945495611], [93.52593994140625, 25.699672698974666], [93.52272796630876, 25.69320106506359], [93.51683807373047, 25.68807029724144], [93.51938629150402, 25.685970306396598], [93.52028656005865, 25.683670043945312], [93.5101928710938, 25.671020507812614], [93.50829315185553, 25.66681098938011], [93.50208282470697, 25.662019729614315], [93.49991607666021, 25.65652084350586], [93.49394226074236, 25.655260086059513], [93.4901962280274, 25.65596961975109], [93.49072265625006, 25.653438568115234], [93.48721313476557, 25.650470733642635], [93.48359680175781, 25.651760101318416], [93.4833526611331, 25.645769119262695], [93.47593688964872, 25.647989273071403], [93.47477722167997, 25.644290924072266], [93.4685287475586, 25.643760681152287], [93.46556854248053, 25.644191741943473], [93.46070098876947, 25.64154815673828], [93.45713806152344, 25.640590667724723], [93.45860290527338, 25.638420104980412], [93.46121978759777, 25.636550903320312], [93.46195983886724, 25.633390426635856], [93.45935821533197, 25.63312911987316], [93.45198059082048, 25.637479782104492], [93.449935913086, 25.63493156433117], [93.44679260253906, 25.63881111145031], [93.4443969726563, 25.63804244995123], [93.44152069091803, 25.634780883789176], [93.43918609619158, 25.634399414062614], [93.43908691406261, 25.632339477539062], [93.43418121337885, 25.629869461059684], [93.43102264404303, 25.6292018890382], [93.42753601074236, 25.631458282470646], [93.4224700927735, 25.62226104736328], [93.41829681396496, 25.621059417724666], [93.41487121582043, 25.61664009094261], [93.41677856445324, 25.614889144897575], [93.41227722167986, 25.6136798858642], [93.40904998779314, 25.611690521240234], [93.40763854980497, 25.6094207763673], [93.40722656250006, 25.606491088867415], [93.40963745117205, 25.604101181030273], [93.40924835205095, 25.600410461425838], [93.40683746337896, 25.596479415893555], [93.400199890137, 25.596281051635742], [93.39005279541021, 25.59472084045416], [93.39063262939459, 25.589099884033317], [93.38240051269537, 25.58475112915039], [93.38311004638689, 25.58279991149908], [93.38503265380876, 25.581199645996037], [93.38474273681669, 25.577920913696516], [93.38269805908203, 25.576179504394588], [93.37648773193365, 25.57731056213379], [93.37683868408203, 25.57374000549322], [93.37599182128935, 25.571041107177734], [93.37342071533209, 25.569171905517635], [93.36943817138678, 25.570259094238338], [93.36515808105469, 25.569761276245117], [93.36598205566412, 25.563261032104492], [93.36418151855463, 25.560649871826286], [93.36070251464855, 25.56043815612793], [93.35439300537115, 25.565200805664062], [93.34831237792997, 25.563219070434627], [93.34546661376982, 25.561120986938533], [93.3412628173831, 25.554859161376953], [93.33338165283209, 25.549020767211857], [93.3317413330081, 25.546810150146484], [93.335746765137, 25.54541015625], [93.34039306640642, 25.53729057312006], [93.34458160400408, 25.536079406738338], [93.3492279052735, 25.538328170776424], [93.35234069824247, 25.537570953369254], [93.35016632080084, 25.533670425415266], [93.35417938232428, 25.53119087219261], [93.35756683349626, 25.52766990661644], [93.36004638671892, 25.52032279968256], [93.36472320556669, 25.516168594360465], [93.36682128906278, 25.51287269592291], [93.36502075195318, 25.510139465332088], [93.36689758300798, 25.507869720458928], [93.37114715576178, 25.505149841308594], [93.37181854248041, 25.50113105773937], [93.38304138183622, 25.497568130493164], [93.38636779785173, 25.49335098266613], [93.38710021972673, 25.49031066894537], [93.39050292968744, 25.485628128051815], [93.39131164550798, 25.48143005371105], [93.39103698730497, 25.478042602539062], [93.39190673828125, 25.474201202392635], [93.39041900634771, 25.469169616699276], [93.39591979980474, 25.464120864868278], [93.40291595458984, 25.459182739257812], [93.41710662841803, 25.452791213989315], [93.42201995849626, 25.454799652099723], [93.42751312255854, 25.455261230468807], [93.4349594116211, 25.45477294921875], [93.44359588623047, 25.450609207153263], [93.45687103271513, 25.44194984436041], [93.46186828613298, 25.4346981048584], [93.46514892578125, 25.42340278625494], [93.46540832519543, 25.415870666503906], [93.46325683593756, 25.41096115112316], [93.46718597412104, 25.40306091308588], [93.4739379882813, 25.393110275268555], [93.47728729248041, 25.38600921630865], [93.47821807861357, 25.379882812500057], [93.46626281738298, 25.36173057556175], [93.46231842041021, 25.358869552612532], [93.45374298095709, 25.348119735717773], [93.45188903808622, 25.344190597534237], [93.45790863037115, 25.340919494628906], [93.46193695068365, 25.336589813232365], [93.45796966552746, 25.330051422119254], [93.45670318603516, 25.325260162353572], [93.46312713623058, 25.319860458373967], [93.46797943115251, 25.313810348510742], [93.47402191162138, 25.309280395507812], [93.46559143066412, 25.299051284790096], [93.4599685668947, 25.294731140136662], [93.45197296142595, 25.294748306274528], [93.44481658935558, 25.292310714721737], [93.43863677978516, 25.286550521850643], [93.42642974853516, 25.28106117248535], [93.42331695556635, 25.277910232544002], [93.42330932617182, 25.27216148376459], [93.42070770263672, 25.266260147094954], [93.41205596923822, 25.263450622558537], [93.40634155273432, 25.264080047607536], [93.40357208251959, 25.263071060180778], [93.3945922851563, 25.250299453735465], [93.38871765136724, 25.245920181274528], [93.38710021972673, 25.242391586303825], [93.3876266479495, 25.232040405273438], [93.38551330566435, 25.22855758666998], [93.38479614257812, 25.225730895996094], [93.38198852539062, 25.223869323730696], [93.37950134277361, 25.220790863037223], [93.37808990478544, 25.216100692748967], [93.36958312988298, 25.208061218261776], [93.3705673217774, 25.203590393066406], [93.36853790283232, 25.200050354003963], [93.36222076416027, 25.195608139038143], [93.3608169555664, 25.19195938110363], [93.3530731201173, 25.1818008422851], [93.3491516113283, 25.166730880737305], [93.34735870361357, 25.163890838623274], [93.3488388061524, 25.15717124938965], [93.34855651855469, 25.15349006652832], [93.35101318359403, 25.144540786743164], [93.34686279296892, 25.13770103454584], [93.34889984130888, 25.134790420532227], [93.34607696533203, 25.129869461059627], [93.34704589843767, 25.127460479736555], [93.34921264648443, 25.125408172607536], [93.34644317626947, 25.125089645385856], [93.3443603515625, 25.121330261230582], [93.34435272216791, 25.116149902343864], [93.34046173095709, 25.114419937133846], [93.33917236328153, 25.106409072876033], [93.33577728271484, 25.095840454101562], [93.32950592041033, 25.09449958801264], [93.32363128662115, 25.091670989990348], [93.32234191894537, 25.088380813598746], [93.31272125244158, 25.077959060668945], [93.310791015625, 25.07262992858898], [93.30879211425787, 25.070592880249023], [93.30607604980469, 25.064420700073356], [93.30892944335955, 25.058521270751953], [93.304252624512, 25.056030273437727], [93.30459594726568, 25.047992706298942], [93.30245971679693, 25.048189163208008], [93.30240631103516, 25.05194091796875], [93.30008697509794, 25.052600860595703], [93.29933929443354, 25.050460815429688], [93.2969818115235, 25.04767036437994], [93.29189300537104, 25.047090530395565], [93.28687286376959, 25.046800613403434], [93.28449249267595, 25.051549911499023], [93.26818084716803, 25.049680709839095], [93.26779937744146, 25.048809051513672], [93.26946258544928, 25.04659080505371], [93.26835632324224, 25.044090270996037], [93.2629165649414, 25.041839599609375], [93.26391601562517, 25.03890991210949], [93.26380920410168, 25.03592109680187], [93.25984954833979, 25.032070159912166], [93.25560760498058, 25.028680801391715], [93.25836944580095, 25.025199890136832], [93.25778961181658, 25.021741867065373], [93.25382995605474, 25.021350860595703], [93.24884033203142, 25.018800735473633], [93.25171661376953, 25.016019821166935], [93.24916076660185, 25.01316070556652], [93.24669647216791, 25.004167556762752], [93.2469482421875, 25.00363159179699], [93.24746704101562, 25.00328063964838], [93.2480773925783, 25.003030776977596], [93.24868774414068, 25.00290107727062], [93.24935913085932, 25.002872467041016], [93.25, 25.00295066833519], [93.25064086914074, 25.00316047668457], [93.25121307373058, 25.003480911254996], [93.25181579589872, 25.00418090820324], [93.2534790039063, 25.006370544433594], [93.2552108764649, 25.004209518432617], [93.25533294677751, 25.003641128540096], [93.25580596923857, 25.003259658813533], [93.25646209716814, 25.003110885620117], [93.25710296630865, 25.003190994262695], [93.25768280029303, 25.003501892089844], [93.25800323486345, 25.004209518432617], [93.25990295410173, 25.006450653076172], [93.26245117187506, 25.00602912902832], [93.26332092285173, 25.004238128662337], [93.26143646240251, 25.000921249389762], [93.25711059570318, 25.000940322876033], [93.25567626953125, 25.00220108032238], [93.25562286376982, 24.999710083007812], [93.2570571899414, 24.998470306396484], [93.25695800781278, 24.99602127075201], [93.25525665283232, 24.992401123046818], [93.25202178955107, 24.988809585571403], [93.2532577514649, 24.986370086670036], [93.25302124023455, 24.98266029357916], [93.25152587890625, 24.98142051696783], [93.25432586669916, 24.978919982910156], [93.25287628173834, 24.9751491546632], [93.25290679931646, 24.972629547119254], [93.25871276855463, 24.9726505279541], [93.26323699951183, 24.966379165649414], [93.26332855224626, 24.963880538940487], [93.26058959960966, 24.958871841430778], [93.26082611083984, 24.95387077331543], [93.2624130249024, 24.951370239257926], [93.25950622558611, 24.95136070251459], [93.25354003906278, 24.95508956909191], [93.24923706054688, 24.955080032348576], [93.24938964843767, 24.95259284973139], [93.25092315673845, 24.950099945068416], [93.2511062622072, 24.94634819030773], [93.25411987304716, 24.942619323730412], [93.2498397827149, 24.94260025024414], [93.24693298339861, 24.943849563598633], [93.24407958984392, 24.94384002685547], [93.24131774902372, 24.941339492797795], [93.23998260498075, 24.9388427734375], [93.24003601074219, 24.93758010864252], [93.241439819336, 24.937589645385856], [93.24707794189447, 24.940099716186467], [93.2484970092774, 24.940099716186467], [93.24720001220709, 24.936340332031193], [93.24304962158232, 24.93132972717308], [93.24450683593756, 24.930080413818473], [93.25019836425787, 24.930080413818473], [93.2532577514649, 24.91883087158203], [93.25045776367199, 24.91506195068365], [93.24185943603521, 24.915040969848633], [93.24043273925798, 24.91628074645996], [93.23899078369146, 24.915029525757063], [93.24188995361357, 24.91127014160162], [93.24336242675787, 24.90750122070324], [93.24337768554693, 24.903741836547965], [93.2419509887697, 24.901220321655273], [93.23622131347656, 24.902450561523438], [93.23338317871111, 24.89869117736822], [93.23338317871111, 24.89491081237793], [93.2304916381836, 24.894901275634766], [93.23483276367216, 24.88989067077648], [93.23339080810564, 24.884849548339844], [93.22908782958996, 24.88484001159668], [93.22621917724615, 24.881069183349723], [93.22908782958996, 24.877300262451115], [93.22480773925798, 24.87478065490717], [93.22194671630876, 24.870992660522518], [93.21906280517595, 24.86972045898449], [93.2161865234375, 24.864690780639705], [93.21428680419922, 24.861949920654524], [93.21013641357422, 24.859041213989485], [93.20870208740263, 24.856531143188477], [93.20584106445341, 24.855260848999023], [93.20007324218756, 24.85775947570812], [93.19719696044928, 24.856491088867244], [93.19864654541016, 24.852729797363338], [93.20152282714861, 24.850219726562727], [93.20155334472656, 24.843940734863338], [93.19580078125017, 24.84644126892084], [93.1943817138673, 24.84391975402832], [93.19727325439482, 24.840160369873047], [93.19869995117193, 24.840160369873047], [93.2001266479495, 24.841430664062557], [93.20155334472656, 24.840171813964957], [93.19870758056646, 24.83638954162609], [93.19583129882812, 24.8376407623291], [93.194389343262, 24.8376407623291], [93.1929702758789, 24.83638191223156], [93.1929779052735, 24.833869934082145], [93.19728851318354, 24.833881378173828], [93.19300079345709, 24.826320648193473], [93.19159698486345, 24.8225612640382], [93.19590759277355, 24.816289901733512], [93.19877624511747, 24.815040588378906], [93.19735717773438, 24.811260223388786], [93.19449615478516, 24.808750152587947], [93.19307708740263, 24.806230545044002], [93.19020080566435, 24.806221008300895], [93.18589782714861, 24.804950714111385], [93.18158721923834, 24.80493927001953], [93.18017578125017, 24.802419662475586], [93.18017578125017, 24.798650741577205], [93.17875671386747, 24.796140670776367], [93.17729949951189, 24.79611968994152], [93.17587280273449, 24.797388076782227], [93.17442321777344, 24.803670883178825], [93.16867828369135, 24.80112838745123], [93.16581726074213, 24.798610687255916], [93.16153717041021, 24.797340393066406], [93.157241821289, 24.79231071472168], [93.15294647216803, 24.789779663085994], [93.15293121337896, 24.793539047241268], [93.15148162841825, 24.796051025390852], [93.1486129760745, 24.798561096191463], [93.144287109375, 24.79980087280279], [93.14285278320318, 24.80105972290039], [93.13994598388672, 24.804809570312557], [93.13706207275408, 24.81109046936035], [93.13134002685564, 24.806041717529354], [93.12700653076178, 24.808540344238224], [93.1212768554688, 24.808530807495117], [93.11984252929716, 24.811029434204215], [93.12269592285185, 24.814809799194336], [93.12267303466825, 24.819829940795955], [93.1197967529298, 24.81731033325201], [93.11122131347668, 24.812261581421012], [93.10978698730486, 24.809740066528263], [93.11270141601568, 24.802209854126204], [93.10845947265642, 24.79088020324707], [93.10558319091814, 24.788370132446232], [93.10562896728521, 24.78460121154785], [93.10706329345732, 24.783340454101676], [93.10132598876982, 24.77831077575695], [93.10280609130865, 24.77329063415533], [93.10566711425787, 24.769531250000057], [93.10427856445312, 24.763240814208928], [93.10002899169922, 24.754440307617188], [93.10003662109375, 24.75066947937023], [93.10147094726568, 24.74941062927246], [93.09864044189482, 24.744380950927734], [93.10150146484403, 24.74188041687023], [93.1029357910158, 24.743150711059684], [93.10292053222673, 24.74690055847168], [93.10579681396501, 24.74566078186035], [93.10724639892607, 24.741899490356445], [93.10441589355469, 24.73686981201172], [93.09725952148443, 24.73180961608881], [93.09729003906261, 24.728050231933537], [93.0944290161134, 24.72427940368658], [93.09298706054705, 24.72426033020031], [93.09443664550793, 24.720508575439396], [93.09303283691412, 24.715482711791992], [93.08878326416016, 24.709190368652344], [93.07869720459001, 24.714170455932674], [93.0758666992188, 24.710390090942383], [93.0802078247072, 24.704141616821346], [93.08306884765642, 24.701641082763615], [93.084526062012, 24.69787025451683], [93.09028625488276, 24.69286918640148], [93.09319305419939, 24.687852859497013], [93.09320068359392, 24.68408012390148], [93.09179687500028, 24.680320739746207], [93.09179687500028, 24.67781066894537], [93.093246459961, 24.676549911499023], [93.09754180908197, 24.677820205688533], [93.10182189941412, 24.680351257324332], [93.10469055175787, 24.679100036621094], [93.10470581054693, 24.675342559814453], [93.1033020019533, 24.671560287475586], [93.09903717041044, 24.666530609130803], [93.09763336181646, 24.662761688232422], [93.09765625000006, 24.659000396728572], [93.09626007080095, 24.656482696533203], [93.09628295898443, 24.652719497680778], [93.08912658691435, 24.652709960937443], [93.0862579345706, 24.65143966674816], [93.08484649658209, 24.64767074584961], [93.08930206298857, 24.63389015197754], [93.0893859863283, 24.627630233764762], [93.08220672607428, 24.627601623535156], [93.07935333251959, 24.62634086608881], [93.07942199707026, 24.621322631835994], [93.08233642578142, 24.61758041381836], [93.08673095703125, 24.613821029663086], [93.08676147460943, 24.611330032348746], [93.07678222656267, 24.60377120971691], [93.07538604736357, 24.600000381469783], [93.07541656494135, 24.59622955322277], [93.07981872558594, 24.592500686645508], [93.08854675292997, 24.59003067016613], [93.09866333007841, 24.591342926025504], [93.10444641113298, 24.587602615356502], [93.10675048828142, 24.583959579467887], [93.10697937011724, 24.58356094360346], [93.104476928711, 24.58257293701172], [93.09726715087896, 24.58254051208496], [93.09622955322283, 24.58022117614746], [93.087142944336, 24.571180343628043], [93.07845306396513, 24.57491111755371], [93.07122802734375, 24.576131820678825], [93.06111907958984, 24.574832916259766], [93.07269287109386, 24.56109046936041], [93.06553649902361, 24.54726982116705], [93.0612182617188, 24.554779052734602], [93.05268096923857, 24.544719696044922], [93.05130004882818, 24.537189483642692], [93.04846954345714, 24.530910491943473], [93.05282592773443, 24.524669647216797], [93.05282592773443, 24.519649505615348], [93.04141998291044, 24.514591217041016], [93.04001617431646, 24.510810852050724], [93.0443267822265, 24.50580024719261], [93.03576660156267, 24.4969482421875], [93.04572296142578, 24.481819152831974], [93.0485229492187, 24.475482940673828], [93.04825592041021, 24.463960647583008], [93.03790283203125, 24.461151123046932], [93.03674316406267, 24.443941116333008], [93.03215026855486, 24.428859710693473], [93.03932952880888, 24.417568206787166], [93.03916931152338, 24.411130905151424], [93.02921295166044, 24.40633964538597], [93.01599121093756, 24.40253067016613], [93.00889587402361, 24.40537071228033], [93.00644683837896, 24.411930084228516], [93.0004959106447, 24.40327072143566], [92.99804687500006, 24.40157127380394], [92.99534606933611, 24.401950836181754], [92.99192047119158, 24.405492782592773], [92.98832702636724, 24.40764999389654], [92.98542785644548, 24.407560348510685], [92.98026275634783, 24.409690856933707], [92.97564697265653, 24.4077606201173], [92.97083282470714, 24.4012126922608], [92.96032714843756, 24.395881652832088], [92.9581375122072, 24.398050308227596], [92.95469665527344, 24.40388107299816], [92.95388793945341, 24.404621124267692], [92.95124816894526, 24.404830932617244], [92.94415283203153, 24.401832580566463], [92.94055175781278, 24.401050567626953], [92.93855285644537, 24.399021148681697], [92.93773651123064, 24.396709442138672], [92.93570709228521, 24.395540237426815], [92.92765045166033, 24.398628234863395], [92.9253768920899, 24.40221977233881], [92.92366027832037, 24.402610778808707], [92.92259979248075, 24.40415954589855], [92.92339324951166, 24.405719757080305], [92.91153717041044, 24.41290092468256], [92.9093093872072, 24.403169631958065], [92.90573120117193, 24.399059295654354], [92.90587615966814, 24.39537048339855], [92.90516662597662, 24.39445114135748], [92.90097808837896, 24.39343070983898], [92.89636230468767, 24.394300460815487], [92.89438629150419, 24.395309448242244], [92.89173126220697, 24.401790618896428], [92.89077758789057, 24.40229034423828], [92.88800811767584, 24.401630401611328], [92.88424682617199, 24.40303993225109], [92.87819671630854, 24.39888954162592], [92.87386322021501, 24.39725112915039], [92.8717880249024, 24.397050857543945], [92.86289978027372, 24.399499893188477], [92.85906219482433, 24.39841079711914], [92.854476928711, 24.394001007080078], [92.85164642334013, 24.392370223999023], [92.84909057617193, 24.386131286621094], [92.84690856933588, 24.382299423218], [92.84427642822283, 24.37986946105957], [92.83962249755888, 24.380800247192383], [92.8327026367188, 24.376369476318416], [92.82898712158197, 24.37776947021507], [92.82816314697277, 24.379310607910213], [92.82826232910173, 24.38557815551752], [92.82541656494158, 24.388429641723633], [92.82504272460938, 24.390491485595817], [92.8265991210938, 24.393552780151595], [92.83167266845703, 24.399341583251953], [92.83136749267584, 24.400501251220703], [92.83032989501953, 24.40175056457514], [92.82479095458979, 24.4041805267334], [92.82112884521513, 24.406780242919922], [92.81832885742205, 24.41272926330589], [92.81645202636736, 24.412250518798942], [92.81114959716803, 24.413642883300838], [92.81140136718778, 24.415372848510856], [92.80944061279303, 24.41523170471197], [92.80887603759771, 24.416891098022575], [92.80948638916044, 24.419300079345817], [92.80715942382818, 24.419862747192326], [92.80370330810553, 24.418790817260856], [92.80079650878923, 24.419050216674805], [92.80004882812517, 24.421461105346793], [92.80381774902344, 24.421722412109318], [92.80425262451172, 24.422990798950195], [92.80284881591791, 24.427280426025447], [92.80031585693371, 24.431970596313533], [92.79778289794928, 24.43470954895031], [92.79390716552734, 24.444040298462028], [92.78987884521479, 24.45607948303234], [92.78624725341825, 24.463739395141545], [92.78437805175798, 24.47120285034191], [92.78222656250028, 24.47480010986328], [92.7791366577149, 24.486499786376953], [92.7651977539063, 24.520849227905387], [92.76451110839838, 24.51883125305187], [92.75918579101562, 24.51176071167015], [92.75364685058588, 24.507041931152344], [92.7545013427735, 24.501119613647518], [92.75132751464872, 24.49436950683605], [92.75077819824213, 24.491491317748967], [92.74884033203153, 24.488540649414062], [92.74360656738287, 24.474628448486442], [92.73053741455107, 24.452751159668026], [92.72376251220703, 24.435949325561637], [92.71813964843778, 24.41621971130371], [92.71511840820307, 24.414520263671875], [92.71411895751982, 24.41296005249046], [92.71420288085955, 24.410369873046932], [92.71508789062528, 24.40876960754406], [92.71412658691435, 24.407779693603516], [92.71421813964861, 24.405321121215934], [92.70742034912115, 24.392410278320312], [92.7074508666995, 24.387010574340934], [92.70343780517607, 24.383800506591854], [92.7041091918947, 24.376220703125057], [92.70240783691412, 24.375232696533317], [92.69827270507824, 24.374961853027457], [92.69687652587896, 24.37400054931652], [92.6950073242188, 24.369569778442383], [92.69325256347662, 24.367820739746094], [92.69420623779303, 24.364959716796875], [92.69391632080107, 24.36363029479986], [92.69177246093756, 24.362169265747127], [92.6916732788086, 24.356420516967887], [92.69066619873075, 24.354801177978572], [92.68799591064482, 24.352010726928825], [92.6840209960937, 24.34988975524908], [92.68379974365263, 24.347480773925895], [92.67964172363276, 24.347780227661076], [92.67478179931646, 24.349800109863395], [92.66699981689464, 24.345609664916992], [92.66525268554693, 24.345211029052734], [92.66410827636724, 24.346740722656364], [92.66323089599604, 24.343799591064567], [92.66224670410185, 24.34343910217285], [92.6607208251956, 24.345149993896428], [92.65847015380854, 24.34346008300787], [92.65751647949213, 24.343509674072322], [92.65759277343756, 24.34155082702648], [92.6564559936524, 24.33912086486822], [92.65239715576189, 24.335290908813704], [92.65203857421892, 24.332860946655273], [92.65184020996111, 24.330339431762752], [92.649398803711, 24.330820083618164], [92.64978027343756, 24.329221725463867], [92.64904022216803, 24.32875061035179], [92.64524841308605, 24.33180999755882], [92.64594268798828, 24.329231262206974], [92.64501190185553, 24.32767105102539], [92.64099121093756, 24.3287105560305], [92.63983917236328, 24.329730987548828], [92.63925933837908, 24.33175086975092], [92.63668823242216, 24.33269119262701], [92.63654327392578, 24.334238052368107], [92.638236999512, 24.334430694580192], [92.63771820068376, 24.335519790649528], [92.63590240478527, 24.335741043090934], [92.6306381225586, 24.333370208740234], [92.62616729736334, 24.334472656250227], [92.62428283691435, 24.332651138305778], [92.62335205078153, 24.33077049255371], [92.62310028076178, 24.320289611816406], [92.61943817138678, 24.311508178710938], [92.61963653564459, 24.30846023559576], [92.61802673339838, 24.304359436035213], [92.61830902099615, 24.299709320068473], [92.6167831420899, 24.291231155395735], [92.61723327636747, 24.289060592651424], [92.61905670166021, 24.28787040710455], [92.61940002441423, 24.286779403686637], [92.61904144287126, 24.28132057189947], [92.61682128906256, 24.275310516357536], [92.61576843261736, 24.270530700683594], [92.61550903320341, 24.263620376587028], [92.61308288574219, 24.255838394164982], [92.61158752441423, 24.25334930419922], [92.60795593261736, 24.250080108642805], [92.60595703125011, 24.24920082092285], [92.59596252441423, 24.24930953979515], [92.59356689453136, 24.24858856201172], [92.59140014648443, 24.245981216430664], [92.58801269531256, 24.244861602783203], [92.58184051513689, 24.245359420776595], [92.5645599365235, 24.250089645385742], [92.55893707275408, 24.24789047241211], [92.55063629150396, 24.24589920043951], [92.54882812500017, 24.243230819702205], [92.5470962524414, 24.23769950866705], [92.54693603515642, 24.234760284423828], [92.54778289794933, 24.231889724731502], [92.54738616943365, 24.22440910339367], [92.54574584960932, 24.219900131225586], [92.54223632812506, 24.21417808532715], [92.54242706298834, 24.21062088012701], [92.54147338867193, 24.206228256225643], [92.53726959228521, 24.20193099975586], [92.53639984130854, 24.199899673462028], [92.53781890869146, 24.196470260620117], [92.53147888183611, 24.183460235595703], [92.53346252441412, 24.18083190917963], [92.53289031982428, 24.180530548095817], [92.53151702880865, 24.177419662475586], [92.52990722656244, 24.176410675048828], [92.52966308593761, 24.174800872802848], [92.52539825439453, 24.172929763793945], [92.5217590332033, 24.172929763793945], [92.51759338378912, 24.17621040344261], [92.51512908935553, 24.175487518310604], [92.5135726928711, 24.17358016967779], [92.51479339599621, 24.170200347900504], [92.51373291015642, 24.169260025024414], [92.50863647460943, 24.169200897217024], [92.51200103759766, 24.16481971740734], [92.51283264160162, 24.162578582763786], [92.50953674316423, 24.162889480590877], [92.5067825317384, 24.16682052612299], [92.50488281250028, 24.16731071472168], [92.50325775146501, 24.166669845580998], [92.50245666503906, 24.16211128234869], [92.50013732910185, 24.16052055358898], [92.49475860595714, 24.159940719604606], [92.4880828857423, 24.16221809387207], [92.4858627319336, 24.162200927734375], [92.48493957519548, 24.161380767822493], [92.4849014282226, 24.15930938720703], [92.48396301269531, 24.158140182495117], [92.48264312744158, 24.15709114074707], [92.481185913086, 24.157079696655387], [92.4835586547851, 24.153930664062443], [92.48293304443371, 24.152719497680664], [92.48065948486357, 24.152299880981445], [92.48062896728521, 24.150110244751033], [92.47875213623075, 24.148710250854606], [92.48149871826189, 24.142940521240348], [92.48087310791044, 24.141321182251033], [92.47960662841814, 24.140899658203182], [92.47482299804705, 24.142910003662166], [92.47332000732439, 24.142030715942383], [92.4733505249024, 24.139961242675895], [92.4685897827149, 24.138000488281307], [92.4668273925783, 24.13504028320324], [92.46597290039091, 24.134750366210994], [92.46483612060575, 24.136631011963004], [92.46306610107428, 24.136369705200252], [92.45722198486357, 24.14350128173828], [92.45063018798828, 24.143690109253157], [92.4438858032226, 24.15309906005865], [92.44182586669939, 24.152851104736442], [92.43875885009766, 24.1512508392334], [92.43743133544939, 24.15135002136236], [92.43656921386724, 24.15242958068859], [92.43522644042974, 24.162578582763786], [92.43814086914091, 24.16913032531744], [92.43775177001982, 24.170499801635742], [92.43445587158209, 24.174140930175895], [92.43419647216814, 24.18138122558605], [92.43321228027338, 24.183269500732422], [92.42214965820307, 24.18852996826172], [92.41897583007818, 24.194360733032283], [92.41971588134783, 24.202470779418945], [92.41822052001959, 24.21091079711914], [92.42018127441418, 24.217889785766545], [92.4185180664062, 24.221649169921818], [92.42005157470697, 24.235202789306868], [92.42253112792963, 24.248170852661246], [92.42237854003923, 24.253110885620117], [92.41645050048845, 24.253429412841797], [92.40683746337902, 24.251939773559798], [92.39570617675787, 24.252529144287166], [92.37652587890653, 24.251310348510856], [92.3140716552735, 24.252601623535156], [92.31050109863287, 24.25134849548334], [92.30349731445341, 24.25269126892084], [92.29660797119169, 24.251729965209904], [92.29183197021513, 24.251270294189567], [92.28478240966825, 24.252040863037223], [92.25958251953136, 24.250419616699332], [92.240531921387, 24.250610351562614], [92.21285247802746, 24.24930953979515], [92.26407623291033, 24.362159729003963], [92.2681274414063, 24.367279052734602], [92.26757049560553, 24.37325096130371], [92.26825714111345, 24.374809265136662], [92.2722396850586, 24.377569198608512], [92.27249908447271, 24.379350662231673], [92.26988220214855, 24.382198333740234], [92.272689819336, 24.38619995117199], [92.27308654785162, 24.38845062255882], [92.27043151855474, 24.390951156616325], [92.2698364257813, 24.394851684570312], [92.26420593261747, 24.397581100463924], [92.26262664794928, 24.404819488525504], [92.263236999512, 24.408098220825195], [92.26271057128906, 24.409820556640852], [92.2593383789063, 24.413511276245117], [92.25595855712902, 24.41897964477539], [92.25747680664068, 24.432519912719727], [92.25650024414068, 24.436300277710018], [92.23919677734403, 24.44726753234869], [92.23602294921892, 24.450220108032227], [92.23593902587902, 24.45378112792963], [92.23509979248047, 24.456409454345703], [92.23230743408214, 24.45845031738304], [92.2310867309572, 24.460380554199276], [92.23117065429699, 24.465440750122184], [92.22889709472685, 24.471981048583928], [92.23029327392595, 24.48003959655756], [92.23384094238293, 24.484710693359375], [92.2394180297851, 24.489931106567383], [92.2366027832033, 24.492822647094783], [92.23635101318388, 24.494329452514762], [92.2354125976562, 24.496789932250977], [92.23501586914091, 24.49817085266136], [92.23461914062528, 24.499340057373104], [92.2342681884765, 24.500440597534293], [92.23099517822294, 24.50409126281761], [92.23114776611334, 24.50937843322754], [92.23136901855497, 24.519359588623047], [92.23278808593767, 24.53044128417963], [92.23293304443354, 24.533021926879883], [92.23338317871094, 24.541271209716797], [92.23329162597685, 24.551080703735465], [92.23333740234375, 24.551311492920036], [92.23387145996122, 24.554069519043082], [92.2338333129884, 24.561790466308594], [92.23507690429705, 24.57042121887207], [92.23571777343756, 24.579929351806754], [92.23741912841803, 24.591630935669173], [92.2393188476563, 24.600000381469783], [92.2420272827149, 24.60826110839838], [92.24610137939447, 24.619279861450252], [92.249526977539, 24.62953948974632], [92.25108337402361, 24.636020660400334], [92.25216674804716, 24.64206123352062], [92.25316619873047, 24.649129867553768], [92.25289916992193, 24.650979995727596], [92.25064849853544, 24.65355110168457], [92.25090789794939, 24.65708923339838], [92.2522277832033, 24.66053962707531], [92.25598144531278, 24.663719177246207], [92.25814056396501, 24.668680191040096], [92.25958251953136, 24.673271179199332], [92.25949859619158, 24.675230026245117], [92.2584075927735, 24.6782608032226], [92.25930023193376, 24.68086242675787], [92.26139068603533, 24.682270050048885], [92.26177215576189, 24.684610366821232], [92.26274871826189, 24.688640594482536], [92.26522064209001, 24.691299438476562], [92.26864624023455, 24.694210052490234], [92.27263641357439, 24.69926071167015], [92.27725982666021, 24.706529617309684], [92.27867889404325, 24.709680557251033], [92.27910614013672, 24.71179008483881], [92.2821426391601, 24.71545028686529], [92.28600311279314, 24.72039985656744], [92.29029083251964, 24.724130630493164], [92.29367828369146, 24.728580474853516], [92.29827117919928, 24.73655128479004], [92.29753875732433, 24.738170623779524], [92.29325866699236, 24.73921966552757], [92.288558959961, 24.74078941345209], [92.28505706787126, 24.743700027465934], [92.28533935546886, 24.7487411499024], [92.28819274902355, 24.754760742187443], [92.29223632812528, 24.75971031188965], [92.2942733764649, 24.762500762939453], [92.29219055175787, 24.76465034484869], [92.28856658935553, 24.766349792480582], [92.28665924072271, 24.76941108703619], [92.2871932983399, 24.77219963073742], [92.28997802734375, 24.7770805358889], [92.29310607910162, 24.7836017608642], [92.29342651367205, 24.78601264953619], [92.29341125488281, 24.789400100708065], [92.29013061523466, 24.790277481079045], [92.28684234619146, 24.79231071472168], [92.28492736816412, 24.795209884643555], [92.28203582763678, 24.805828094482422], [92.28144073486345, 24.814359664917106], [92.27966308593744, 24.828041076660156], [92.27777862548828, 24.830408096313533], [92.27253723144537, 24.831430435180778], [92.26682281494146, 24.83213806152355], [92.2627258300783, 24.832651138305664], [92.26230621337885, 24.83274078369152], [92.25461578369146, 24.834241867065373], [92.25727844238287, 24.84131050109886], [92.25486755371088, 24.84221076965332], [92.25060272216803, 24.841470718383846], [92.2484970092774, 24.842130661010742], [92.2476196289062, 24.843309402465763], [92.24662017822277, 24.8446102142334], [92.24411010742193, 24.84937286376953], [92.24404144287126, 24.855060577392635], [92.24411773681646, 24.856531143188477], [92.24430847167974, 24.859989166259766], [92.24426269531256, 24.86371994018566], [92.24188232421903, 24.866060256958008], [92.24028015136724, 24.868080139160156], [92.24054718017607, 24.870300292968864], [92.24060058593767, 24.870651245117244], [92.24209594726557, 24.872539520263615], [92.24391937255865, 24.872659683227653], [92.2479095458985, 24.872930526733512], [92.25002288818365, 24.874570846557674], [92.25055694580084, 24.879880905151367], [92.25047302246122, 24.88093185424799], [92.2501296997072, 24.884780883789176], [92.24901580810564, 24.88878822326666], [92.24724578857416, 24.892139434814567], [92.24447631835943, 24.894550323486385], [92.2416381835938, 24.896621704101676], [92.24051666259777, 24.89919090271019], [92.24138641357439, 24.901279449463004], [92.24289703369158, 24.902271270752067], [92.24446105957037, 24.903329849243278], [92.24484252929693, 24.906749725341854], [92.24523162841803, 24.91024971008295], [92.2502059936524, 24.91286277770996], [92.25505828857416, 24.91393089294445], [92.25640106201166, 24.910390853881836], [92.25775909423845, 24.906860351562557], [92.26180267333984, 24.90595054626459], [92.26766204833984, 24.90575981140131], [92.27085876464872, 24.91125869750971], [92.27908325195341, 24.91003036499029], [92.27986145019526, 24.90991020202648], [92.27999877929699, 24.909690856933594], [92.2830963134765, 24.9047794342041], [92.2881469726563, 24.90595054626459], [92.29104614257818, 24.909549713134766], [92.29045104980474, 24.91181945800787], [92.2897491455081, 24.915813446045036], [92.29837799072266, 24.920049667358512], [92.29946899414091, 24.91773986816429], [92.30136871337919, 24.913721084594727], [92.30529785156256, 24.91303825378418], [92.30857086181646, 24.908309936523438], [92.31214904785173, 24.907850265503043], [92.31445312500006, 24.907550811767635], [92.3151931762697, 24.903841018676815], [92.31925201416021, 24.901000976562614], [92.32005310058605, 24.900430679321516], [92.31965637207037, 24.89463996887207], [92.32491302490251, 24.89489173889166], [92.32705688476568, 24.89484024047846], [92.32895660400396, 24.892820358276367], [92.33407592773455, 24.893009185791016], [92.33553314209013, 24.893060684204215], [92.33892822265636, 24.88861274719261], [92.34062957763678, 24.886251449585018], [92.33904266357439, 24.880340576171932], [92.34342193603533, 24.877460479736442], [92.34733581542997, 24.877639770507812], [92.34841918945318, 24.87897109985363], [92.34617614746105, 24.884059906005916], [92.3461532592774, 24.884918212890682], [92.34597015380865, 24.889408111572322], [92.34797668457048, 24.89397048950201], [92.35041046142607, 24.889591217041072], [92.35549163818365, 24.880462646484375], [92.36210632324236, 24.88264846801752], [92.3628921508789, 24.882431030273494], [92.36546325683622, 24.88170051574707], [92.3673629760745, 24.878059387207088], [92.37069702148455, 24.871658325195426], [92.37629699707037, 24.871709823608455], [92.37822723388683, 24.86795997619629], [92.38359069824247, 24.867248535156364], [92.38455200195341, 24.86712265014654], [92.38883209228516, 24.861551284790096], [92.38925170898443, 24.8610000610351], [92.38539123535173, 24.857200622558594], [92.3875122070313, 24.85113906860363], [92.39147186279314, 24.849941253662337], [92.3950576782226, 24.85535812377924], [92.40453338623053, 24.854789733886776], [92.40933227539091, 24.851320266723576], [92.41098022460943, 24.857440948486442], [92.41359710693376, 24.85824966430664], [92.41645050048845, 24.862842559814453], [92.42172241210966, 24.861339569091797], [92.42592620849638, 24.860141754150334], [92.42588043212896, 24.859920501709098], [92.42491912841803, 24.854320526123274], [92.42894744873053, 24.851970672607422], [92.43235015869146, 24.852109909057674], [92.43432617187528, 24.853691101074332], [92.43321228027338, 24.85954093933111], [92.43752288818365, 24.86101913452154], [92.44068908691423, 24.86370086669922], [92.44700622558594, 24.8629207611084], [92.45020294189453, 24.87150955200201], [92.44941711425776, 24.875280380249023], [92.44918060302746, 24.877246856689567], [92.4549102783206, 24.877389907837028], [92.45852661132824, 24.877468109130973], [92.46103668212919, 24.872650146484375], [92.46660614013672, 24.872180938720703], [92.47030639648443, 24.870758056640625], [92.4737167358399, 24.873470306396598], [92.47566223144537, 24.875009536743164], [92.47962188720703, 24.872600555419922], [92.48602294921903, 24.874340057373104], [92.48800659179705, 24.873800277710018], [92.49179840087908, 24.874021530151595], [92.49413299560553, 24.876739501953352], [92.49569702148443, 24.878580093383732], [92.49769592285156, 24.88036918640148], [92.50007629394537, 24.88248062133789], [92.50054168701166, 24.89162826538086], [92.4942703247072, 24.89443016052269], [92.49516296386747, 24.89840126037609], [92.495170593262, 24.899690628051815], [92.4952163696289, 24.899959564209098], [92.49801635742216, 24.903909683227653], [92.50473022460932, 24.904371261596737], [92.50242614746122, 24.909290313720817], [92.5018692016601, 24.911729812622184], [92.49722290039068, 24.915199279785156], [92.49640655517578, 24.91885948181158], [92.49275207519548, 24.921199798583984], [92.49131011962896, 24.922349929809627], [92.49384307861357, 24.926889419555664], [92.493461608887, 24.935920715332145], [92.48883819580084, 24.93842124938965], [92.48789215087902, 24.938920974731445], [92.48884582519543, 24.94238090515131], [92.49027252197283, 24.94754028320324], [92.48927307128935, 24.954359054565543], [92.48114013671892, 24.948740005493278], [92.48007202148449, 24.94532012939453], [92.47921752929705, 24.94256019592291], [92.47341918945341, 24.94269943237316], [92.46868133544916, 24.94244003295921], [92.46692657470732, 24.94403076171875], [92.46437072753912, 24.946359634399414], [92.45883941650396, 24.945661544799805], [92.45641326904303, 24.946239471435604], [92.45641326904303, 24.94848060607916], [92.4520874023437, 24.953430175781307], [92.45361328124994, 24.955690383911133], [92.45538330078142, 24.958330154418945], [92.45878601074219, 24.959510803222884], [92.46111297607439, 24.95765113830589], [92.46470642089861, 24.954780578613395], [92.47158050537126, 24.955980300903434], [92.4737167358399, 24.957099914550895], [92.47103118896501, 24.964099884033203], [92.4671173095706, 24.96858024597168], [92.46402740478521, 24.97077941894537], [92.4605484008789, 24.976150512695426], [92.4544525146485, 24.97318077087408], [92.44940948486357, 24.97208976745617], [92.44904327392572, 24.97154808044445], [92.4459075927735, 24.96696281433117], [92.44003295898466, 24.966800689697266], [92.43515777587908, 24.966379165649414], [92.43161010742193, 24.970661163330135], [92.4284973144533, 24.97257995605463], [92.4285507202149, 24.97290992736839], [92.42948150634771, 24.979881286621094], [92.4244689941408, 24.982570648193473], [92.423637390137, 24.996099472045955], [92.42587280273443, 25.003190994262695], [92.4294509887697, 25.00969123840332], [92.43036651611328, 25.012809753417912], [92.43105316162121, 25.015819549560547], [92.43099975585943, 25.021619796752987], [92.4321975708009, 25.025079727172795], [92.43325042724626, 25.02808952331543], [92.43284606933594, 25.03102111816412], [92.430648803711, 25.032260894775447], [92.42782592773466, 25.031570434570312], [92.42626190185553, 25.031641006469783], [92.42590332031261, 25.031820297241325], [92.43192291259783, 25.032907485961914], [92.43788146972662, 25.033752441406364], [92.44178009033232, 25.03985023498541], [92.44653320312528, 25.042041778564567], [92.45101928710943, 25.040950775146428], [92.45420837402344, 25.036609649658203], [92.45680236816418, 25.035030364990178], [92.45976257324236, 25.03518104553217], [92.46325683593756, 25.03712844848627], [92.46466064453153, 25.047229766845817], [92.46286010742193, 25.050149917602596], [92.46015167236345, 25.04959106445324], [92.45983886718756, 25.054660797119254], [92.46203613281267, 25.05583000183117], [92.4636688232423, 25.05557060241705], [92.46598815917997, 25.057157516479606], [92.46750640869169, 25.061370849609602], [92.47091674804699, 25.066890716552678], [92.47461700439453, 25.070800781249943], [92.47654724121111, 25.0782527923584], [92.48017883300798, 25.085840225219783], [92.4797592163086, 25.09574127197277], [92.48031616210932, 25.100408554077205], [92.48429870605497, 25.10806083679205], [92.4991073608399, 25.10814857482933], [92.50978088378912, 25.10547065734886], [92.52651214599626, 25.105850219726676], [92.53201293945307, 25.103960037231502], [92.5380477905274, 25.099311828613338], [92.5429458618164, 25.099599838256836], [92.54081726074236, 25.104129791259766], [92.53305816650396, 25.11214828491211], [92.53132629394537, 25.11990165710455], [92.53024291992199, 25.12186050415039], [92.52522277832037, 25.125579833984375], [92.52466583251959, 25.140029907226506], [92.52746582031267, 25.13994026184082], [92.53018951416021, 25.13682174682623], [92.53562927246088, 25.134412765503043], [92.53993988037115, 25.13727951049799], [92.54312896728533, 25.13501930236822], [92.55316925048857, 25.130710601806697], [92.557846069336, 25.129970550537223], [92.56549835205084, 25.131280899047965], [92.56803894042997, 25.130090713501033], [92.57903289794928, 25.132009506225586], [92.58168792724615, 25.131870269775447], [92.59443664550798, 25.1282901763916], [92.59842681884783, 25.12471008300787], [92.60314941406244, 25.124990463256836], [92.61003112792969, 25.12409973144537], [92.62164306640653, 25.117700576782283], [92.62470245361322, 25.118690490722656], [92.6299667358399, 25.125030517578125], [92.63079833984403, 25.131839752197493], [92.63242340087896, 25.137559890747184], [92.6380081176759, 25.14521980285656], [92.64405059814459, 25.15117073059082], [92.64826965332037, 25.152652740478572], [92.65120697021513, 25.152400970458984], [92.65571594238287, 25.154130935669002], [92.65953826904303, 25.159120559692496], [92.66081237792986, 25.162252426147575], [92.66297912597662, 25.172990798950423], [92.66433715820341, 25.175359725952205], [92.66690826416033, 25.177061080932617], [92.67224121093767, 25.178159713745117], [92.67704010009771, 25.182189941406193], [92.67942810058622, 25.18309020996105], [92.68284606933622, 25.182041168213004], [92.68762207031278, 25.182319641113338], [92.69393920898432, 25.18135070800787], [92.70461273193388, 25.190521240234432], [92.71621704101591, 25.19415855407709], [92.72416687011724, 25.19919967651373], [92.7333374023438, 25.203220367431754], [92.74202728271484, 25.20309066772461], [92.74713897705107, 25.2077693939209], [92.75168609619152, 25.20734977722168], [92.75453948974621, 25.205371856689396], [92.7588958740235, 25.204029083251896], [92.76345062255865, 25.203849792480696], [92.76764678955084, 25.20475959777832], [92.77957153320341, 25.203109741210994], [92.78775024414091, 25.209529876709098], [92.79289245605497, 25.212352752685604], [92.79843139648466, 25.21344947814947], [92.80356597900402, 25.217239379882926], [92.80442047119158, 25.21932983398449], [92.80309295654314, 25.221509933471737], [92.79434967041021, 25.226009368896484], [92.78630828857439, 25.23140144348156], [92.77223968505865, 25.233259201049748], [92.77028656005876, 25.240200042724666], [92.76464843750011, 25.24934959411621], [92.77670288085966, 25.260538101196516], [92.77617645263689, 25.262939453125], [92.769760131836, 25.26893043518089], [92.77947235107428, 25.273761749267635], [92.78211975097673, 25.275920867920036], [92.78913879394531, 25.278522491455305], [92.79222106933611, 25.28518104553234], [92.79222106933611, 25.28679847717285], [92.78882598876959, 25.29154014587425], [92.78691101074224, 25.300670623779354], [92.78383636474626, 25.308000564575195], [92.78473663330072, 25.3115291595459], [92.78801727294939, 25.317609786987305], [92.78437042236328, 25.332538604736442], [92.78246307373047, 25.334289550781307], [92.77245330810553, 25.33961105346691], [92.7694702148437, 25.33950805664074], [92.7632675170899, 25.335590362548942], [92.76056671142595, 25.335279464721793], [92.75875854492216, 25.339860916137752], [92.7511596679687, 25.348470687866154], [92.75009918212896, 25.35437965393089], [92.74823760986334, 25.358110427856445], [92.74566650390642, 25.361139297485295], [92.74060821533209, 25.363729476928654], [92.74009704589838, 25.364641189575195], [92.74059295654303, 25.366781234741154], [92.7361068725586, 25.373809814453182], [92.73705291748041, 25.381250381469783], [92.73480987548845, 25.38249969482422], [92.72543334960938, 25.380430221557674], [92.7213668823245, 25.375490188598633], [92.7205657958985, 25.374902725219727], [92.7181015014649, 25.374982833862248], [92.71636199951178, 25.379341125488338], [92.71289825439459, 25.384540557861385], [92.70973205566435, 25.386119842529354], [92.70292663574219, 25.386619567871207], [92.70037841796886, 25.387790679931697], [92.69351959228544, 25.399990081787166], [92.68817138671886, 25.404420852661246], [92.68004608154314, 25.408580780029354], [92.67376708984392, 25.41714096069336], [92.67093658447271, 25.416719436645508], [92.66703796386747, 25.414079666137923], [92.66368865966803, 25.40937042236328], [92.66010284423834, 25.41036033630394], [92.65688323974621, 25.415700912475813], [92.65365600585966, 25.42394065856945], [92.65428161621094, 25.435340881347656], [92.65054321289068, 25.431669235229492], [92.64163208007824, 25.419532775878906], [92.63961029052751, 25.41963005065918], [92.63922882080095, 25.420370101928654], [92.63791656494158, 25.422660827636832], [92.63791656494158, 25.428819656372184], [92.63265991210949, 25.433141708373967], [92.62930297851562, 25.434640884399414], [92.62851715087885, 25.430610656738338], [92.62931060791033, 25.426990509033146], [92.628646850586, 25.42502975463873], [92.62063598632818, 25.423719406128157], [92.61788940429705, 25.422021865844727], [92.61477661132841, 25.41743087768566], [92.61183929443365, 25.41612052917492], [92.60909271240251, 25.41657066345215], [92.60700988769548, 25.418539047241268], [92.6069717407226, 25.427181243896428], [92.60775756835955, 25.43035125732422], [92.60529327392595, 25.441911697387752], [92.6055526733399, 25.448360443115178], [92.60450744628906, 25.45019149780279], [92.60114288330084, 25.45239067077648], [92.60018920898443, 25.45387268066412], [92.59976959228533, 25.457050323486555], [92.6013870239259, 25.46413993835455], [92.59815979003935, 25.471651077270508], [92.59369659423834, 25.471010208129826], [92.58544158935564, 25.467580795288313], [92.58229064941412, 25.472890853881836], [92.57147979736357, 25.46407127380371], [92.56912994384771, 25.464790344238338], [92.56741333007818, 25.46747016906744], [92.5665512084961, 25.475120544433707], [92.56783294677763, 25.480770111084098], [92.57559204101568, 25.49043083190918], [92.58104705810547, 25.495159149169922], [92.58950042724615, 25.499519348144645], [92.5935821533206, 25.50308036804205], [92.60559082031278, 25.50811958313011], [92.60959625244169, 25.51260948181158], [92.62162780761747, 25.515750885009766], [92.62760925292986, 25.52221107482916], [92.63762664794933, 25.528528213501204], [92.64469909667997, 25.537441253662053], [92.64496612548845, 25.546600341797102], [92.64987945556635, 25.56001091003418], [92.6573562622072, 25.563381195068303], [92.66065216064459, 25.5703182220459], [92.6607208251956, 25.58184051513672], [92.66047668457037, 25.585060119628906], [92.65760803222662, 25.589061737060604], [92.65345764160168, 25.592180252075195], [92.65119171142607, 25.592729568481445], [92.64833831787138, 25.59235000610363], [92.64063262939459, 25.58736991882347], [92.63414764404303, 25.578880310058707], [92.63323211669933, 25.574790954589844], [92.63056945800793, 25.57066917419428], [92.62886810302763, 25.569490432739258], [92.62610626220703, 25.568029403686523], [92.62110137939453, 25.56830978393566], [92.61248779296903, 25.56550025939947], [92.60871124267595, 25.565731048583984], [92.60349273681669, 25.56108283996582], [92.60259246826172, 25.55738067626953], [92.59346771240251, 25.553930282592773], [92.5874786376956, 25.552988052368278], [92.58141326904291, 25.559772491455078], [92.57610321044939, 25.559650421142635], [92.57250213623064, 25.56042098999046], [92.56954193115263, 25.56446075439453], [92.56468200683611, 25.56825828552246], [92.56095886230497, 25.574251174926758], [92.56092834472662, 25.582731246948242], [92.55632019042974, 25.59280014038086], [92.55724334716814, 25.596210479736328], [92.55618286132824, 25.60587120056175], [92.55861663818365, 25.60895156860346], [92.55761718750017, 25.611988067627067], [92.55323791503923, 25.613840103149528], [92.54453277587896, 25.61425018310547], [92.5404357910158, 25.61777114868164], [92.53324890136724, 25.61594963073736], [92.51727294921886, 25.62008285522461], [92.51055145263678, 25.617200851440373], [92.50170898437517, 25.62293052673334], [92.49790191650408, 25.626960754394645], [92.49326324462919, 25.636131286621037], [92.48828887939482, 25.64999008178711], [92.48134613037115, 25.663892745971793], [92.47466278076172, 25.673311233520565], [92.47154998779291, 25.67494964599615], [92.46544647216791, 25.68246078491211], [92.45987701416044, 25.68297004699707], [92.45524597167974, 25.684230804443416], [92.45128631591825, 25.68661117553711], [92.44303894042974, 25.687652587890625], [92.44001007080084, 25.68922042846691], [92.44046783447266, 25.688129425048828], [92.43434143066435, 25.687530517578182], [92.43213653564459, 25.691009521484432], [92.43334197998058, 25.695230484009016], [92.4315261840822, 25.704250335693416], [92.42722320556646, 25.7104110717774], [92.42962646484392, 25.71326828002941], [92.43644714355463, 25.715600967407227], [92.44201660156267, 25.720859527587947], [92.43316650390653, 25.731452941894645], [92.43200683593761, 25.731960296630973], [92.42134857177763, 25.729450225830192], [92.41697692871122, 25.729681015014705], [92.4127731323245, 25.73298072814947], [92.41326141357428, 25.73396110534668], [92.41246795654314, 25.737390518188533], [92.41639709472685, 25.740499496460018], [92.41073608398455, 25.743129730224666], [92.40479278564447, 25.74369049072277], [92.39476776123053, 25.74147987365717], [92.39212799072271, 25.742599487304688], [92.38696289062506, 25.743110656738395], [92.38495635986322, 25.744750976562557], [92.38353729248053, 25.7474308013916], [92.38433837890653, 25.750329971313533], [92.386947631836, 25.75249099731468], [92.38510131835966, 25.75356292724615], [92.3714675903322, 25.746469497680664], [92.36753845214855, 25.742380142212028], [92.36830902099621, 25.740440368652457], [92.36299896240263, 25.73651123046875], [92.35179901123064, 25.734870910644588], [92.34805297851568, 25.731931686401424], [92.33901214599626, 25.72685050964367], [92.33354187011724, 25.725231170654354], [92.31768035888689, 25.723791122436637], [92.3139266967774, 25.72468185424816], [92.31150054931669, 25.726079940796012], [92.30825805664091, 25.726150512695426], [92.30610656738287, 25.723131179809684], [92.29358673095697, 25.71730041503929], [92.28797912597662, 25.715900421142635], [92.28460693359403, 25.715860366821403], [92.27052307128906, 25.710931777954215], [92.26084899902344, 25.71034049987793], [92.25570678710943, 25.710729598999023], [92.25357818603533, 25.71012115478527], [92.24804687500017, 25.710960388183594], [92.23684692382818, 25.708391189575423], [92.23475646972662, 25.708820343017805], [92.23384857177763, 25.71006965637207], [92.2326278686524, 25.715110778808537], [92.22899627685547, 25.716209411621207], [92.224906921387, 25.7139701843264], [92.21063995361328, 25.695920944213924], [92.20156097412115, 25.689720153808707], [92.20008850097685, 25.68728828430187], [92.19831085205084, 25.686359405517692], [92.1969299316408, 25.686950683593807], [92.19407653808611, 25.686119079589787], [92.19198608398455, 25.68632125854498], [92.18791961669916, 25.68343162536621], [92.1847763061524, 25.68114089965826], [92.17495727539057, 25.6702175140382], [92.17095184326166, 25.666879653930778], [92.16976165771513, 25.666400909423828], [92.16445922851557, 25.669319152831974], [92.16069793701189, 25.671859741210938], [92.16050720214861, 25.673290252685547], [92.16546630859392, 25.678409576416016], [92.16435241699224, 25.68485069274908], [92.16044616699247, 25.690902709960938], [92.16145324707048, 25.695980072021484], [92.16104888916016, 25.697290420532227], [92.15757751464872, 25.701038360595817], [92.15585327148466, 25.709142684936467], [92.15106201171886, 25.71183013916027], [92.14956665039091, 25.71450805664074], [92.15101623535162, 25.719369888305664], [92.15371704101568, 25.722700119018555], [92.15629577636736, 25.724811553955135], [92.16092681884771, 25.726259231567383], [92.16423034667997, 25.728731155395508], [92.16552734375006, 25.734449386596737], [92.16484069824213, 25.744750976562557], [92.15824127197271, 25.757198333740234], [92.15738677978544, 25.761970520019645], [92.1559677124024, 25.764541625976562], [92.15410614013683, 25.77292060852062], [92.15421295166033, 25.77672958374029], [92.15518188476562, 25.77864265441906], [92.1547927856447, 25.779779434204215], [92.15099334716803, 25.783649444580192], [92.15116882324236, 25.7874507904055], [92.15368652343756, 25.79549026489252], [92.15310668945318, 25.8127498626709], [92.15573883056658, 25.816591262817496], [92.16308593750028, 25.821830749511946], [92.16326141357433, 25.82575035095215], [92.16551971435553, 25.833040237426758], [92.16934204101568, 25.835340499877987], [92.17144012451178, 25.837730407714957], [92.17524719238287, 25.846542358398438], [92.1783065795899, 25.84807968139654], [92.18096160888678, 25.851360321045036], [92.18078613281256, 25.8632106781007], [92.17910003662121, 25.867910385131893], [92.1798858642581, 25.870172500610465], [92.18103790283232, 25.871620178222713], [92.1869430541995, 25.87481117248535], [92.19496154785185, 25.88126945495611], [92.20332336425793, 25.89009094238287], [92.20641326904325, 25.89145278930664], [92.21286010742199, 25.892129898071403], [92.2156066894533, 25.89384078979498], [92.21823120117216, 25.900199890136776], [92.22384643554688, 25.900688171386662], [92.2250366210938, 25.90162086486822], [92.22547912597685, 25.907049179077205], [92.22380065917969, 25.910360336303654], [92.22260284423857, 25.911319732666016], [92.21752929687517, 25.909919738769588], [92.20752716064482, 25.910530090332088], [92.20513916015642, 25.908710479736555], [92.20059967041021, 25.908241271972713], [92.19773101806646, 25.911251068115348], [92.197006225586, 25.91366004943859], [92.19718170166021, 25.918029785156364], [92.19203948974615, 25.915782928466854], [92.18672180175793, 25.915809631347656], [92.18364715576178, 25.912830352783203], [92.18315124511713, 25.910919189453182], [92.18089294433611, 25.908590316772518], [92.17431640625006, 25.909189224243164], [92.16369628906244, 25.911790847778263], [92.15992736816423, 25.915189743041992], [92.16017150878912, 25.925960540771428], [92.16142272949219, 25.93254089355463], [92.15751647949224, 25.939279556274414], [92.15609741210955, 25.943000793457145], [92.15631866455095, 25.944799423218], [92.16075897216803, 25.95152091979992], [92.16532897949224, 25.95395088195795], [92.16732788085932, 25.958761215210075], [92.16555023193371, 25.964439392089844], [92.16739654541021, 25.96769905090332], [92.17311096191406, 25.97219848632824], [92.1769409179688, 25.973100662231502], [92.18097686767584, 25.975231170654297], [92.19161987304693, 25.985202789306697], [92.20089721679682, 25.985609054565487], [92.20738983154297, 25.988231658935604], [92.20912170410173, 25.989669799804915], [92.2077178955081, 25.991741180420036], [92.21100616455072, 25.994659423828182], [92.21520233154291, 25.996271133422965], [92.2191925048831, 26.000780105591048], [92.22168731689447, 25.998601913452205], [92.22141265869146, 26.002250671386776], [92.2557220458985, 26.028932571411133], [92.30158233642607, 26.076490402221623], [92.29966735839872, 26.076730728149528], [92.29731750488287, 26.079149246215877], [92.2959823608399, 26.0788898468017], [92.29392242431652, 26.077791213989258], [92.29004669189459, 26.07378959655773], [92.29014587402372, 26.072799682617188], [92.28806304931635, 26.06999015808117], [92.28073120117193, 26.06918907165533], [92.27368927001959, 26.065019607543945], [92.27372741699247, 26.065891265869197], [92.27231597900396, 26.066600799560547], [92.26864624023455, 26.067949295044002], [92.26568603515636, 26.065399169922102], [92.25145721435547, 26.064361572265625], [92.24117279052751, 26.06254005432129], [92.22834014892607, 26.067640304565657], [92.21835327148443, 26.070150375366325], [92.21611022949247, 26.06929969787609], [92.2135620117188, 26.06967926025385], [92.21201324462908, 26.070970535278548], [92.21042633056635, 26.07110023498535], [92.20880889892584, 26.07065963745123], [92.20934295654314, 26.06918907165533], [92.20826721191412, 26.068569183349666], [92.20182037353544, 26.070020675659123], [92.18936920166021, 26.06688117980957], [92.18834686279314, 26.068870544433707], [92.18460083007818, 26.06918907165533], [92.18232727050787, 26.070341110229606], [92.18044281005888, 26.068500518798828], [92.17888641357428, 26.069210052490178], [92.18094635009771, 26.07617950439453], [92.1783065795899, 26.079509735107365], [92.16909027099626, 26.07759094238287], [92.15467834472668, 26.068059921264762], [92.15052032470732, 26.064899444580135], [92.14898681640653, 26.06163024902355], [92.1462173461914, 26.05855941772461], [92.14377593994146, 26.057640075683707], [92.13816833496111, 26.0528182983399], [92.1331176757813, 26.04589080810547], [92.1270217895509, 26.045900344848633], [92.12338256835943, 26.044889450073242], [92.11622619628906, 26.046552658080998], [92.10888671875006, 26.04971122741722], [92.09336090087908, 26.048521041870117], [92.08113098144531, 26.043621063232536], [92.07882690429682, 26.041780471801815], [92.07363128662138, 26.040279388427734], [92.07045745849626, 26.03784942626953], [92.06321716308611, 26.034717559814453], [92.05285644531278, 26.03283119201683], [92.05018615722685, 26.03304100036621], [92.0396118164063, 26.03622055053711], [92.03610229492182, 26.03940010070795], [92.03475189209013, 26.039688110351676], [92.0278930664062, 26.039899826049805], [92.02387237548857, 26.038431167602653], [92.02218627929688, 26.03926086425804], [92.01761627197266, 26.039590835571232], [92.00817871093756, 26.039449691772575], [92.0033798217774, 26.03803062438965], [92.00044250488281, 26.03918075561529], [91.99765014648443, 26.038841247558594], [91.99106597900419, 26.041032791137923], [91.98739624023443, 26.038721084594783], [91.9842300415039, 26.030540466308707], [91.97817230224626, 26.02585029602045], [91.95781707763678, 26.01889038085949], [91.9524230957033, 26.017812728881836], [91.9463195800783, 26.01449966430664], [91.94129180908232, 26.01400184631359], [91.93396759033209, 26.014669418335075], [91.92681121826166, 26.001609802246094], [91.92582702636747, 25.999740600585938], [91.92209625244158, 25.999530792236442], [91.91957092285156, 26.00012969970703], [91.91953277587919, 26.001590728759993], [91.91871643066412, 26.007240295410213], [91.91565704345709, 26.01032829284668], [91.91684722900419, 26.01375961303711], [91.91696929931646, 26.021461486816406], [91.91165161132818, 26.02383041381836], [91.90746307373053, 26.027111053466797], [91.90091705322283, 26.026269912719727], [91.89195251464861, 26.029552459716797], [91.88323211669928, 26.03000068664562], [91.87016296386713, 26.052190780639876], [91.86934661865246, 26.056859970092717], [91.87523651123053, 26.084560394287337], [91.87578582763678, 26.09773063659668], [91.86470031738287, 26.10034751892084], [91.85383605957037, 26.10478973388672], [91.82655334472662, 26.118141174316406], [91.81931304931646, 26.118740081787223], [91.81555938720714, 26.111440658569336], [91.81080627441435, 26.10517120361328], [91.80805969238287, 26.103822708129996], [91.80178833007818, 26.10494041442871], [91.7903671264649, 26.08702087402355], [91.7845764160158, 26.086580276489258], [91.78042602539068, 26.08830070495617], [91.77851867675787, 26.091249465942496], [91.75948333740246, 26.07129287719721], [91.73126220703153, 26.0592098236084], [91.73458862304705, 26.056640625000057], [91.73295593261724, 26.05102920532238], [91.72640991210938, 26.046911239624137], [91.72318267822271, 26.030321121215877], [91.72466278076189, 26.027259826660213], [91.72276306152361, 26.01979827880865], [91.72116851806669, 26.001840591430664], [91.71977996826178, 25.978300094604492], [91.72162628173845, 25.96507835388195], [91.7201766967774, 25.95407104492199], [91.71393585205107, 25.94722938537609], [91.70816802978527, 25.944370269775618], [91.700912475586, 25.94189071655296], [91.70197296142595, 25.937929153442326], [91.6923217773438, 25.92910194396984], [91.68641662597662, 25.92124938964855], [91.67859649658209, 25.917320251464844], [91.67598724365229, 25.9118328094483], [91.66931152343744, 25.90538978576666], [91.667236328125, 25.90818977355957], [91.66194152832031, 25.9098796844483], [91.65688323974638, 25.907880783080998], [91.65148925781256, 25.90766906738287], [91.64791870117216, 25.91374015808111], [91.63282775878918, 25.925769805908146], [91.6227569580081, 25.93099021911621], [91.61115264892578, 25.939920425415096], [91.61093139648466, 25.944601058960018], [91.62462615966808, 25.94597053527832], [91.63011932373053, 25.944639205932674], [91.63408660888689, 25.9605007171632], [91.63794708251959, 25.964849472045955], [91.63214111328125, 25.970790863037053], [91.62802124023443, 25.97697067260748], [91.62679290771484, 25.9823894500733], [91.62471771240251, 25.98590278625511], [91.62866973876982, 25.995130538940487], [91.62671661376959, 25.997650146484375], [91.63044738769548, 25.999828338623047], [91.63207244873058, 26.00187110900879], [91.63302612304699, 26.004909515380973], [91.63210296630888, 26.013959884643555], [91.63339996337902, 26.01785087585472], [91.63215637207048, 26.022409439087028], [91.62610626220709, 26.02396965026861], [91.62029266357416, 26.027030944824276], [91.61654663085938, 26.024721145629826], [91.6018676757813, 26.02263069152832], [91.59680938720732, 26.020799636840877], [91.59706115722673, 26.01706123352062], [91.58812713623047, 26.03014945983881], [91.58409881591814, 26.031980514526424], [91.57583618164091, 26.03310966491722], [91.5700302124024, 26.027481079101676], [91.56880950927734, 26.021741867065543], [91.56971740722685, 26.01684188842779], [91.56859588623075, 26.01194953918457], [91.56513214111357, 26.007509231567496], [91.56608581542997, 26.00375938415533], [91.5653686523437, 26.001840591430664], [91.55484008789091, 25.986610412597713], [91.55126190185547, 25.974899291992188], [91.54894256591825, 25.97509765625], [91.5372772216798, 25.9683895111084], [91.53717041015642, 25.962100982666072], [91.53240966796892, 25.962240219116154], [91.52584838867216, 25.961320877075252], [91.52379608154297, 25.959409713745117], [91.51850128173845, 25.95815086364769], [91.51818847656256, 25.95280265808111], [91.51978302001947, 25.94089126586914], [91.51628875732433, 25.93832969665533], [91.50163269042997, 25.920761108398438], [91.50334167480497, 25.91432189941412], [91.5055770874024, 25.913080215454215], [91.51078033447294, 25.91543006896967], [91.51685333251959, 25.920021057128906], [91.52169799804688, 25.924850463867244], [91.53589630126959, 25.934001922607422], [91.53132629394537, 25.92371177673334], [91.52478027343767, 25.920789718627987], [91.50853729248047, 25.909759521484602], [91.50115203857422, 25.898469924926758], [91.5032577514649, 25.892160415649357], [91.49861145019526, 25.892467498779354], [91.49291992187517, 25.895578384399357], [91.4885330200197, 25.894849777221737], [91.48338317871111, 25.89105987548851], [91.47867584228521, 25.884681701660156], [91.47593688964861, 25.878038406372013], [91.47476196289057, 25.87123107910179], [91.47738647460949, 25.868722915649414], [91.49369049072283, 25.865528106689453], [91.49830627441412, 25.86720275878912], [91.50778198242188, 25.86744117736822], [91.5135498046875, 25.870950698852653], [91.51725006103527, 25.874671936035213], [91.51976776123075, 25.878021240234375], [91.52221679687528, 25.885932922363338], [91.52577972412115, 25.890108108520508], [91.52973937988298, 25.8896808624267], [91.53205871582037, 25.88815116882347], [91.53262329101562, 25.884069442749023], [91.5288772583009, 25.880870819091854], [91.52540588378912, 25.872890472412223], [91.52176666259771, 25.87434959411621], [91.51911926269537, 25.873121261596793], [91.51275634765642, 25.8665580749514], [91.50788116455084, 25.864799499511832], [91.4960327148438, 25.862340927124023], [91.48303985595709, 25.86289978027355], [91.47840118408203, 25.85768127441429], [91.47496032714838, 25.85719108581543], [91.4687271118164, 25.859029769897575], [91.45495605468767, 25.851312637329215], [91.44740295410162, 25.84566116333002], [91.44439697265653, 25.84102058410656], [91.44122314453142, 25.841630935668945], [91.43084716796886, 25.84776115417492], [91.424301147461, 25.853559494018555], [91.41889953613281, 25.85472106933588], [91.41272735595714, 25.853918075561467], [91.40509033203136, 25.84988021850586], [91.40119171142595, 25.851100921631087], [91.38851928710966, 25.847299575805778], [91.38211822509783, 25.846939086914062], [91.37686920166027, 25.844879150390682], [91.37049865722656, 25.844301223754883], [91.36370086669933, 25.84049034118658], [91.35688781738276, 25.841461181640682], [91.35330963134783, 25.83773994445812], [91.34855651855486, 25.840351104736328], [91.34439849853521, 25.839439392089957], [91.3424911499024, 25.83609962463379], [91.33642578125011, 25.838409423828182], [91.3335571289063, 25.83884048461914], [91.33217620849615, 25.833700180053654], [91.33242797851574, 25.832090377807674], [91.32498931884777, 25.823789596557617], [91.3063278198245, 25.796369552612305], [91.29689788818365, 25.778249740600586], [91.28729248046875, 25.764110565185604], [91.2795867919923, 25.75666236877447], [91.2764663696289, 25.751670837402457], [91.27562713623075, 25.746940612793082], [91.26228332519526, 25.749290466308594], [91.25537109375011, 25.74782943725586], [91.2324981689456, 25.729158401489315], [91.22387695312506, 25.723419189453182], [91.22144317626982, 25.72604942321783], [91.21586608886724, 25.72390937805187], [91.19799804687528, 25.730979919433594], [91.19198608398443, 25.729581832885742], [91.19233703613298, 25.7360897064209], [91.18871307373064, 25.73892974853527], [91.18917846679699, 25.763469696044922], [91.18569946289068, 25.766878128051758], [91.18591308593756, 25.769939422607365], [91.18118286132841, 25.773349761963004], [91.17993164062517, 25.77631950378418], [91.18396759033209, 25.782590866088867], [91.18474578857428, 25.795030593872184], [91.18724822998053, 25.803289413452205], [91.1909561157226, 25.810699462890625], [91.18815612792969, 25.815570831298828], [91.18987274169922, 25.820779800415153], [91.19431304931646, 25.826400756836165], [91.19451904296886, 25.83061027526867], [91.20262908935564, 25.84054183959961], [91.19866180419928, 25.847639083862305], [91.19812011718756, 25.85483169555664], [91.19647979736322, 25.859010696411133], [91.19303894042997, 25.855230331421012], [91.18547058105486, 25.849969863891715], [91.18176269531278, 25.844121932983455], [91.1790161132813, 25.842750549316406], [91.16819000244146, 25.845630645752067], [91.16165161132818, 25.84931945800787], [91.1528625488283, 25.850072860717887], [91.1453933715822, 25.847339630127067], [91.13790893554716, 25.842130661010742], [91.13168334960955, 25.841949462890568], [91.12634277343767, 25.83819961547863], [91.12078094482422, 25.831340789795036], [91.08135223388678, 25.82934188842779], [91.06653594970714, 25.825759887695312], [91.06326293945318, 25.82036972045904], [91.05902099609392, 25.822269439697266], [91.04988098144537, 25.828899383544922], [91.05722045898466, 25.832042694091854], [91.06179809570341, 25.83608055114769], [91.06751251220732, 25.836309432983512], [91.07287597656278, 25.83833122253418], [91.07299804687506, 25.842479705810547], [91.07853698730474, 25.852619171142635], [91.065902709961, 25.846420288085994], [91.0491027832033, 25.848808288574162], [91.04196929931669, 25.839401245117244], [91.02494049072271, 25.827560424804744], [91.0208129882812, 25.822620391845703], [91.01270294189459, 25.821090698242244], [91.00611114501982, 25.820779800415153], [91.00078582763666, 25.82225036621105], [91.00158691406267, 25.8257999420166], [91.00866699218767, 25.83823966979992], [91.01274108886724, 25.84884071350109], [91.01310729980474, 25.85719108581543], [91.01512908935564, 25.85906028747553], [91.02182769775408, 25.861331939697266], [91.02651977539091, 25.86662101745611], [91.02910614013678, 25.879850387573185], [91.02922058105469, 25.888048171997127], [91.02828979492205, 25.888570785522575], [91.02568054199224, 25.888380050659293], [91.02060699462919, 25.887279510498047], [91.01373291015653, 25.88431930541998], [91.00132751464872, 25.88648986816429], [90.9968872070313, 25.888679504394474], [90.98480224609392, 25.88993263244629], [90.97538757324247, 25.889450073242188], [90.97132873535162, 25.887670516967717], [90.96745300292986, 25.887180328369197], [90.966606140137, 25.891000747680607], [90.96730804443365, 25.89664077758789], [90.96689605712908, 25.905330657959098], [90.96063995361334, 25.927698135375977], [90.9579162597658, 25.93394279479986], [90.95384979248075, 25.936702728271484], [90.94557189941412, 25.939121246337834], [90.94274902343761, 25.947570800781364], [90.93749237060564, 25.944761276245117], [90.93466186523455, 25.941141128540153], [90.93206787109386, 25.93967247009283], [90.91834259033214, 25.943161010742244], [90.91587829589872, 25.943161010742244], [90.9162979125976, 25.928140640258846], [90.91911315917997, 25.91331100463873], [90.91607666015653, 25.915058135986442], [90.91252899169939, 25.920299530029297], [90.90119171142607, 25.929590225219727], [90.89537811279297, 25.931510925293026], [90.89704132080078, 25.935380935669002], [90.89646148681635, 25.93746948242199], [90.89238739013678, 25.939060211181697], [90.88835906982428, 25.94362068176281], [90.88298034667969, 25.951749801635685], [90.88143920898455, 25.950639724731502], [90.88022613525419, 25.946250915527457], [90.87523651123058, 25.949119567871207], [90.87240600585966, 25.946729660034237], [90.8728866577149, 25.942922592163143], [90.86960601806658, 25.942399978637752], [90.85679626464844, 25.94433021545433], [90.84323883056635, 25.94481086730957], [90.84104156494146, 25.94317054748541], [90.83983612060564, 25.938432693481502], [90.83676147460932, 25.938190460205078], [90.83619689941406, 25.947259902954215], [90.832260131836, 25.945280075073185], [90.8280029296875, 25.94742965698265], [90.82388305664068, 25.945100784301815], [90.82044982910162, 25.94842910766613], [90.80989074707048, 25.952159881591797], [90.80869293212919, 25.9471893310548], [90.7970962524414, 25.941471099853516], [90.7917022705081, 25.93573951721214], [90.78167724609392, 25.92124938964855], [90.77848815917974, 25.9143009185791], [90.77806091308611, 25.90829086303711], [90.76905059814447, 25.908510208129996], [90.75772094726568, 25.911071777343807], [90.75762939453142, 25.916570663452376], [90.75894927978516, 25.92164039611822], [90.7500610351563, 25.919240951538313], [90.74543762207048, 25.912290573120117], [90.74234008789057, 25.912950515747013], [90.7405395507813, 25.91521072387701], [90.74619293212908, 25.92193031311035], [90.75263977050776, 25.933959960937557], [90.75070953369169, 25.934080123901367], [90.74746704101591, 25.932319641113395], [90.74413299560553, 25.932790756225813], [90.74030303955095, 25.94089126586914], [90.74469757080078, 25.9465007781983], [90.74378967285162, 25.949430465698356], [90.74604797363287, 25.95264053344738], [90.74743652343761, 25.9573211669923], [90.7435531616211, 25.95667266845726], [90.74028778076189, 25.954910278320312], [90.73226928710955, 25.95256042480463], [90.72540283203142, 25.948770523071403], [90.72068023681646, 25.949171066284237], [90.71774291992182, 25.954708099365348], [90.7130966186524, 25.952182769775447], [90.68604278564482, 25.950809478759766], [90.67565155029297, 25.936479568481502], [90.67018890380871, 25.934259414672965], [90.65399169921903, 25.929662704467773], [90.63783264160156, 25.92333030700678], [90.62732696533197, 25.91699028015148], [90.62686157226568, 25.91127014160162], [90.62893676757818, 25.90654945373541], [90.62671661376982, 25.901359558105696], [90.624809265137, 25.89889907836914], [90.61419677734392, 25.89950942993164], [90.61074829101562, 25.90744972229004], [90.60809326171892, 25.908018112182674], [90.60650634765653, 25.912281036376953], [90.60756683349615, 25.91958045959484], [90.62901306152372, 25.9374294281007], [90.60539245605463, 25.9469509124757], [90.60193634033232, 25.951780319213867], [90.59185028076166, 25.952119827270565], [90.58727264404291, 25.953912734985465], [90.58245849609386, 25.95979118347168], [90.5787963867188, 25.95803070068365], [90.57277679443354, 25.94815063476574], [90.57273864746122, 25.944000244140625], [90.5713729858399, 25.939029693603743], [90.56324005126947, 25.935569763183707], [90.55335998535173, 25.929121017456055], [90.54682159423857, 25.919879913330078], [90.53917694091825, 25.91546058654785], [90.53360748291021, 25.90880012512207], [90.52548217773432, 25.90101051330572], [90.51801300048857, 25.89648056030279], [90.51254272460955, 25.896240234375057], [90.51110076904303, 25.900140762329215], [90.5185165405274, 25.909400939941463], [90.52616119384771, 25.928279876708984], [90.53221130371111, 25.93255233764671], [90.53378295898443, 25.936292648315543], [90.53479766845732, 25.9456405639649], [90.53446197509766, 25.958021163940543], [90.529838562012, 25.961860656738395], [90.52406311035162, 25.969900131225586], [90.51355743408209, 25.982370376586857], [90.50573730468756, 25.996021270751953], [90.50013732910173, 26.001361846923828], [90.49793243408209, 26.003650665283203], [90.49236297607428, 26.006509780884016], [90.48958587646513, 26.009639739990348], [90.48121643066435, 26.014022827148438], [90.47728729248047, 26.01526069641119], [90.4709014892581, 26.01259994506836], [90.46530151367193, 26.00722122192377], [90.45909881591791, 26.003231048583984], [90.45791625976591, 26.00134086608881], [90.45751953125011, 25.999572753906307], [90.44711303710955, 25.996530532836914], [90.42862701416033, 25.989040374755973], [90.41742706298834, 25.992340087890852], [90.41649627685553, 25.99685096740734], [90.41394042968767, 26.001319885253963], [90.41104125976557, 26.00587081909174], [90.40756225585966, 26.00756072998047], [90.40019226074236, 26.00928115844738], [90.3972930908206, 26.012229919433707], [90.39649963378935, 26.014150619506836], [90.39395141601568, 26.014101028442383], [90.38736724853544, 26.011262893676815], [90.38080596923834, 26.01164817810053], [90.36499023437506, 26.01032066345209], [90.34665679931646, 26.002952575683594], [90.34485626220697, 26.001239776611385], [90.33931732177729, 25.996860504150504], [90.33692169189459, 25.99016952514654], [90.32994842529325, 25.98850059509283], [90.32905578613298, 25.98269844055187], [90.32434082031256, 25.974380493164062], [90.2865829467774, 25.963899612426758], [90.277816772461, 25.963172912597713], [90.22737121582031, 25.955139160156307], [90.21276092529303, 25.953889846801815], [90.21112060546903, 25.95564079284668], [90.20844268798857, 25.96157264709467], [90.19396209716825, 25.957000732421875], [90.18945312500017, 25.953239440918196], [90.18566894531256, 25.945569992065657], [90.18251037597685, 25.944450378418026], [90.1805267333985, 25.947000503540266], [90.17611694335938, 25.9570827484132], [90.17265319824236, 25.958749771118164], [90.16848754882812, 25.95738029479986], [90.16349792480486, 25.95736122131359], [90.1583862304688, 25.958259582519645], [90.15448760986357, 25.9602108001709], [90.15339660644548, 25.96470069885254], [90.14739227294933, 25.964479446411133], [90.14002990722673, 25.958139419555607], [90.13407897949247, 25.957809448242244], [90.12844848632818, 25.958770751953352], [90.12322998046875, 25.957162857055778], [90.1200027465822, 25.95771980285656], [90.11865234375, 25.961259841918945], [90.11377716064459, 25.957439422607365], [90.11091613769537, 25.954111099243278], [90.10788726806646, 25.950590133667106], [90.10536956787115, 25.94193077087408], [90.10051727294916, 25.942068099975586], [90.09913635253935, 25.939260482788143], [90.0961227416995, 25.939519882202262], [90.08795928955095, 25.93619918823248], [90.09192657470732, 25.92876052856451], [90.08738708496111, 25.92626953125017], [90.08072662353533, 25.924528121948242], [90.0794525146485, 25.919279098511026], [90.07797241210966, 25.91768074035656], [90.07242584228527, 25.91933822631836], [90.06761932373053, 25.916160583496264], [90.0633087158206, 25.91554832458496], [90.05892181396513, 25.91027069091797], [90.05507659912138, 25.90809059143089], [90.05219268798834, 25.89868927001976], [90.04209899902355, 25.890750885009993], [90.03450775146513, 25.893510818481616], [90.02791595458984, 25.89430999755882], [90.02126312255865, 25.89319038391136], [90.01525115966825, 25.88862037658697], [90.00473785400419, 25.8786811828615], [90.0097732543947, 25.875730514526595], [90.01436614990251, 25.871789932250977], [90.01872253417986, 25.8713703155517], [90.02137756347656, 25.86849021911644], [90.02191925048857, 25.865528106689453], [90.02076721191435, 25.861610412597827], [90.01152038574224, 25.849670410156477], [90.00831604003912, 25.846830368042106], [90.00026702880865, 25.848600387573242], [89.9975662231447, 25.84670066833496], [89.99743652343756, 25.844209671020565], [89.99983215332048, 25.843690872192496], [90.00160217285162, 25.842241287231445], [89.99780273437506, 25.839670181274528], [89.99471282959001, 25.838760375976562], [89.99080657959013, 25.83551025390625], [89.97589874267584, 25.83403968811035], [89.97354888916033, 25.82814025878912], [89.9679565429687, 25.826150894164982], [89.95886993408203, 25.826568603515852], [89.95056915283232, 25.824871063232365], [89.94458007812506, 25.82447814941429], [89.94581604003935, 25.820230484008903], [89.94561767578153, 25.816101074218977], [89.94935607910162, 25.81442260742216], [89.95199584960955, 25.810911178589095], [89.9508132934572, 25.79198074340843], [89.95260620117193, 25.783420562744197], [89.95501708984392, 25.781641006469783], [89.95524597167969, 25.774459838867188], [89.95239257812506, 25.770170211791935], [89.94668579101568, 25.764720916748104], [89.94351959228544, 25.76054191589361], [89.93371582031256, 25.7525310516358], [89.93464660644531, 25.7475395202639], [89.93350982666021, 25.74455070495611], [89.92794036865251, 25.741350173950195], [89.92186737060547, 25.73916816711437], [89.91613769531267, 25.739191055297795], [89.911376953125, 25.741569519043253], [89.89908599853544, 25.744050979614485], [89.89541625976568, 25.744119644165153], [89.8926162719726, 25.735000610351562], [89.89424133300787, 25.727239608764762], [89.90487670898455, 25.714780807495345], [89.91263580322294, 25.70706176757824], [89.91427612304693, 25.704008102417163], [89.9185028076173, 25.702688217163086], [89.91954803466814, 25.696769714355582], [89.921127319336, 25.694421768188477], [89.93235015869158, 25.689960479736385], [89.936996459961, 25.68663024902372], [89.94172668457037, 25.678119659423885], [89.94184875488298, 25.673650741577262], [89.9469528198245, 25.65883064270048], [89.98043823242193, 25.637569427490178], [89.9823074340822, 25.628431320190543], [89.98332214355474, 25.626710891723633], [89.99529266357439, 25.623029708862532], [89.99933624267584, 25.62185096740734], [90.00138092041033, 25.624431610107592], [90.00453948974638, 25.623821258545036], [90.01844024658209, 25.608390808105696], [90.0172958374024, 25.602191925049055], [90.01106262207026, 25.598350524902457], [90.0058212280274, 25.58836936950695], [90.00212097167986, 25.5841903686524], [89.99536132812506, 25.58634948730463], [89.98950195312528, 25.588809967041016], [89.97915649414074, 25.590730667114315], [89.97505187988298, 25.58350944519043], [89.97280883789068, 25.574609756469727], [89.9664611816408, 25.571701049804688], [89.95675659179705, 25.57046127319336], [89.94937896728521, 25.56825065612793], [89.94164276123041, 25.56762123107933], [89.93583679199224, 25.562709808349837], [89.9260559082033, 25.56352996826172], [89.91809844970709, 25.562629699707088], [89.90441131591825, 25.559499740600813], [89.8863601684572, 25.55787086486839], [89.87758636474626, 25.548931121826172], [89.8738021850586, 25.549280166625977], [89.87010192871122, 25.54422187805187], [89.87062835693371, 25.55162048339855], [89.87127685546892, 25.55672073364275], [89.8717727661134, 25.559850692749023], [89.87262725830095, 25.56209945678711], [89.87442016601568, 25.56429100036644], [89.8765258789063, 25.565790176391715], [89.87718200683594, 25.56754112243658], [89.87671661376959, 25.569370269775618], [89.87668609619146, 25.571590423584155], [89.87874603271501, 25.57473945617687], [89.87969970703142, 25.578470230102766], [89.87874603271501, 25.58143806457514], [89.87825012207037, 25.5849227905274], [89.87867736816435, 25.58780860900879], [89.87967681884783, 25.59120178222679], [89.88073730468761, 25.594028472900675], [89.8850402832033, 25.60305023193382], [89.8863830566408, 25.60808944702171], [89.88658905029303, 25.61269187927246], [89.88668060302763, 25.621051788330305], [89.88611602783232, 25.625089645385742], [89.88520812988298, 25.629829406738395], [89.88305664062528, 25.636280059814453], [89.88094329834013, 25.63973045349138], [89.87977600097662, 25.642139434814396], [89.87908172607416, 25.645330429077376], [89.8779602050783, 25.648479461669922], [89.87724304199224, 25.65042114257824], [89.87618255615263, 25.653789520263615], [89.87513732910156, 25.65596961975126], [89.87372589111357, 25.65759086608915], [89.87216949462919, 25.658180236816634], [89.86992645263666, 25.65900993347168], [89.86750793457031, 25.660701751708984], [89.8667297363283, 25.66275978088379], [89.86557769775408, 25.665048599243164], [89.86289978027361, 25.67299079895014], [89.86223602294933, 25.67453956604021], [89.8596496582033, 25.677600860595817], [89.85762023925787, 25.6798992156983], [89.85443878173857, 25.68427276611328], [89.85292053222685, 25.687431335449332], [89.85205841064453, 25.691640853881836], [89.85235595703153, 25.694139480590934], [89.85415649414062, 25.696620941162166], [89.85601806640642, 25.702610015869084], [89.85605621337908, 25.70522117614769], [89.85565948486345, 25.70710945129406], [89.85473632812506, 25.708600997924805], [89.85263061523438, 25.709770202636662], [89.85234069824247, 25.709880828857592], [89.84970092773432, 25.71083068847662], [89.84623718261747, 25.710441589355696], [89.84379577636713, 25.71047973632841], [89.84210968017595, 25.71074295043951], [89.83779144287115, 25.711940765380973], [89.83631896972685, 25.71455955505394], [89.83468627929705, 25.717451095581282], [89.83361816406256, 25.720880508422795], [89.83180236816423, 25.725000381469783], [89.830825805664, 25.729560852050895], [89.83056640625006, 25.73280906677263], [89.83035278320318, 25.73502922058134], [89.83162689209001, 25.73665046691923], [89.83432769775396, 25.739509582519474], [89.83815765380865, 25.742967605590934], [89.84062194824224, 25.747711181640568], [89.84275054931646, 25.75052261352539], [89.84420776367205, 25.754980087280273], [89.84494018554682, 25.757190704345703], [89.84493255615229, 25.760089874267578], [89.84356689453153, 25.7682399749757], [89.84226226806635, 25.772691726684627], [89.83953094482428, 25.778022766113395], [89.83808898925798, 25.781681060791243], [89.83769226074213, 25.78419113159208], [89.83674621582031, 25.787668228149414], [89.83554077148466, 25.79037094116228], [89.8346328735351, 25.791860580444393], [89.83370971679705, 25.793519973754996], [89.83318328857428, 25.795352935791016], [89.83320617675787, 25.796710968017578], [89.83331298828125, 25.798942565918196], [89.83283996582037, 25.80109977722185], [89.83204650878912, 25.80253028869646], [89.83116149902372, 25.80550193786621], [89.83006286621088, 25.80745124816906], [89.82895660400408, 25.808660507202433], [89.82746887207037, 25.809820175171012], [89.82646942138689, 25.81027984619135], [89.82496643066423, 25.810659408569336], [89.82327270507818, 25.81114006042509], [89.82291412353521, 25.811796188354492], [89.82108306884794, 25.81435966491705], [89.81817626953136, 25.813890457153377], [89.81694030761736, 25.812961578369368], [89.81452941894537, 25.81698036193859], [89.81861114501947, 25.82122039794922], [89.82552337646501, 25.829210281372013], [89.83090209960943, 25.837619781494254], [89.8303985595706, 25.852140426636026], [89.83051300048834, 25.85329055786127], [89.83270263671903, 25.853340148926065], [89.83835601806646, 25.85364913940441], [89.83972930908214, 25.856241226196573], [89.8390274047851, 25.859321594238452], [89.83782958984403, 25.862520217895565], [89.8366317749024, 25.86572074890148], [89.83735656738298, 25.86809158325201], [89.83808898925798, 25.869960784912337], [89.83981323242205, 25.871580123901424], [89.84350585937506, 25.874540328979492], [89.84599304199224, 25.878929138183707], [89.84912872314447, 25.882690429687557], [89.85064697265653, 25.886579513549805], [89.8522033691408, 25.88923072814947], [89.85515594482428, 25.89277267456049], [89.85822296142584, 25.894929885864485], [89.86077117919916, 25.897279739379996], [89.8633422851563, 25.900432586669922], [89.86521148681658, 25.902841567993107], [89.86959838867205, 25.908729553222656], [89.87310791015636, 25.911520004272404], [89.875717163086, 25.91386032104515], [89.87860870361334, 25.91660118103033], [89.88147735595709, 25.91933822631836], [89.88292694091814, 25.922380447387752], [89.88353729248053, 25.925558090210018], [89.88384246826166, 25.92799949646019], [89.88640594482428, 25.934211730957315], [89.88855743408214, 25.937530517578125], [89.89035797119158, 25.940229415893782], [89.889877319336, 25.941490173339957], [89.8860702514649, 25.94358825683605], [89.87885284423857, 25.943191528320426], [89.87732696533232, 25.9431095123291], [89.87143707275419, 25.94144058227539], [89.86519622802751, 25.940980911254826], [89.86073303222685, 25.940599441528263], [89.85713958740229, 25.940080642700195], [89.85386657714872, 25.939798355102653], [89.85260009765642, 25.93925094604498], [89.84954071044939, 25.937192916870174], [89.84731292724615, 25.93597984313965], [89.84606170654325, 25.935941696167163], [89.84407043457037, 25.937339782714844], [89.84427642822271, 25.938989639282454], [89.84381866455095, 25.940670013427905], [89.84364318847673, 25.941331863403434], [89.8406372070313, 25.94223022460949], [89.83677673339861, 25.941610336303825], [89.83541107177734, 25.9414005279541], [89.83193969726591, 25.94146156311058], [89.82949829101562, 25.942180633544865], [89.82820129394548, 25.943559646606673], [89.82834625244135, 25.945341110229492], [89.82852172851591, 25.947420120239542], [89.82962799072294, 25.949260711669922], [89.83136749267607, 25.95062065124506], [89.83335876464861, 25.95144081115734], [89.83596038818388, 25.951740264892578], [89.83859252929716, 25.951231002807617], [89.84176635742193, 25.949710845947493], [89.84451293945341, 25.9478511810305], [89.84651184082048, 25.947139739990178], [89.84881591796875, 25.94642066955589], [89.85146331787126, 25.94644165039074], [89.851303100586, 25.947750091552734], [89.849136352539, 25.94999122619629], [89.84858703613298, 25.951190948486328], [89.84951782226557, 25.953451156616325], [89.849662780762, 25.954578399658146], [89.84812164306652, 25.95648956298851], [89.84719085693388, 25.957702636718864], [89.84510803222685, 25.96022987365734], [89.84336090087919, 25.961231231689567], [89.84300231933622, 25.961521148681868], [89.84294128417974, 25.96185111999523], [89.84149169921903, 25.96392250061035], [89.84401702880876, 25.966100692749023], [89.84813690185575, 25.96769905090349], [89.85128784179705, 25.968202590942667], [89.85610961914068, 25.96693038940441], [89.85917663574224, 25.965860366821516], [89.86283111572294, 25.966310501098746], [89.8657531738283, 25.96780014038086], [89.86897277832026, 25.968370437622127], [89.8720779418947, 25.969400405883732], [89.87429809570341, 25.97056007385271], [89.87642669677751, 25.973308563232422], [89.87539672851574, 25.97611045837408], [89.87436676025408, 25.97765922546398], [89.87291717529308, 25.977798461914062], [89.86989593505888, 25.97808265686058], [89.86781311035185, 25.980270385742188], [89.86532592773466, 25.98236083984375], [89.861343383789, 25.984411239624023], [89.8592071533206, 25.985071182250977], [89.85766601562528, 25.985580444336108], [89.85732269287138, 25.985948562622355], [89.85312652587919, 25.987546920776424], [89.85032653808611, 25.99240112304699], [89.84974670410173, 25.994720458984318], [89.84969329834013, 25.99806976318382], [89.84999084472662, 26.00119018554699], [89.84932708740229, 26.0029106140139], [89.84748077392578, 26.005041122436523], [89.84485626220709, 26.006561279297046], [89.84350585937506, 26.008119583129826], [89.84140014648443, 26.00986289978033], [89.83957672119169, 26.01045989990257], [89.83747100830107, 26.00850105285639], [89.83656311035173, 26.006530761718864], [89.8365020751956, 26.00555992126482], [89.83638000488298, 26.003908157348746], [89.83583068847673, 26.00119018554699], [89.83497619628935, 25.99955940246599], [89.83432006835938, 25.997470855713004], [89.83566284179693, 25.995000839233683], [89.83644104003912, 25.99277114868164], [89.8367309570312, 25.99158096313471], [89.83612060546903, 25.989139556884766], [89.83740997314459, 25.987188339233683], [89.83912658691412, 25.984769821167163], [89.83922576904297, 25.983230590820597], [89.83975219726591, 25.98101043701189], [89.83757781982428, 25.979448318481502], [89.83476257324224, 25.980060577392635], [89.83251190185575, 25.980840682983455], [89.82887268066435, 25.98113059997553], [89.82637023925787, 25.982191085815657], [89.82344055175798, 25.98451995849632], [89.82295989990263, 25.984909057617415], [89.82036590576189, 25.98769187927269], [89.8177261352539, 25.992330551147745], [89.81820678710966, 25.9943084716798], [89.82115173339861, 25.993299484253043], [89.82321166992205, 25.995929718017692], [89.82379150390642, 26.000080108642635], [89.82417297363298, 26.003601074218977], [89.82496643066423, 26.0065402984622], [89.8260803222658, 26.009080886840763], [89.82363891601562, 26.01292991638212], [89.82160949707043, 26.015630722046012], [89.82000732421892, 26.018039703369425], [89.82044219970709, 26.020769119262695], [89.82327270507818, 26.023681640625114], [89.82203674316435, 26.025690078735522], [89.81932830810575, 26.028860092163086], [89.817436218262, 26.03252029418951], [89.81539154052751, 26.037719726562727], [89.81481933593767, 26.04075050354021], [89.81307220459013, 26.041971206665096], [89.81095123291044, 26.04285812377941], [89.80973052978521, 26.041400909423828], [89.80905914306669, 26.03924942016596], [89.80886077880888, 26.037971496582315], [89.80856323242205, 26.036020278930664], [89.80813598632812, 26.03375053405773], [89.80721282959001, 26.030809402465763], [89.8055191040039, 26.027530670166243], [89.803451538086, 26.024560928344727], [89.8013763427735, 26.021749496459904], [89.79931640625028, 26.019170761108626], [89.79860687255876, 26.018211364746094], [89.79695129394537, 26.016590118408203], [89.79467010498053, 26.01565933227539], [89.79351043701178, 26.015741348266545], [89.79155731201189, 26.01765060424833], [89.79136657714861, 26.01799011230463], [89.79234313964861, 26.019510269165323], [89.79438018798857, 26.020610809326172], [89.79615783691423, 26.021490097045955], [89.7970581054687, 26.022670745849553], [89.79670715332048, 26.023929595947322], [89.79647827148466, 26.025520324707088], [89.79908752441412, 26.0271892547608], [89.80107116699213, 26.028640747070426], [89.80242919921892, 26.03083038330078], [89.80323028564453, 26.033769607544002], [89.8040161132813, 26.035520553588867], [89.80468749999994, 26.03750038146967], [89.80409240722685, 26.039381027221907], [89.80204010009783, 26.04100990295433], [89.79971313476591, 26.041099548339844], [89.79767608642595, 26.039829254150334], [89.7974929809572, 26.03906059265165], [89.79720306396513, 26.037849426269702], [89.79740905761747, 26.035570144653434], [89.79574584960955, 26.033889770507812], [89.79367065429705, 26.034151077270565], [89.79273986816406, 26.034952163696346], [89.79261779785168, 26.035055160522745], [89.79251861572283, 26.035230636596737], [89.79220581054693, 26.036899566650447], [89.79160308837896, 26.03849983215332], [89.79017639160185, 26.039609909057674], [89.78765869140636, 26.039701461792163], [89.78556823730497, 26.038610458374023], [89.7852859497072, 26.03833961486839], [89.78344726562506, 26.036590576172102], [89.78247833251959, 26.035118103027457], [89.78119659423857, 26.034120559692383], [89.78031921386736, 26.033740997314624], [89.77900695800781, 26.034439086914062], [89.77793121337902, 26.035705566406364], [89.77796173095732, 26.036920547485295], [89.77877044677751, 26.038709640503043], [89.78114318847662, 26.041450500488224], [89.78337097167986, 26.042951583862475], [89.78660583496111, 26.04398155212425], [89.78996276855497, 26.04518127441429], [89.79218292236334, 26.046108245849723], [89.7925109863283, 26.046911239624137], [89.792221069336, 26.04837989807146], [89.79022979736345, 26.04994964599632], [89.78869628906267, 26.051959991455135], [89.78829193115229, 26.054359436035213], [89.7911605834961, 26.056190490722656], [89.79399108886747, 26.056198120117188], [89.79738616943371, 26.055980682373104], [89.80124664306669, 26.0567111968997], [89.80346679687506, 26.057640075683707], [89.80380249023438, 26.059289932250977], [89.80182647705072, 26.061880111694336], [89.80136108398443, 26.063421249389876], [89.8022003173831, 26.064939498901595], [89.80181884765653, 26.067840576171875], [89.80071258544939, 26.069341659545955], [89.79973602294916, 26.070829391479492], [89.79962921142584, 26.072250366210994], [89.79991912841791, 26.074470520019702], [89.79897308349604, 26.074649810791243], [89.7962265014649, 26.073720932007063], [89.79538726806658, 26.074840545654524], [89.79579162597656, 26.076860427856673], [89.7978591918947, 26.079050064087028], [89.79865264892578, 26.080980300903263], [89.79850769042974, 26.08386993408226], [89.79753875732428, 26.08616065979004], [89.79641723632818, 26.087480545044116], [89.79453277587919, 26.087230682373274], [89.7921981811524, 26.08493804931635], [89.7919082641601, 26.08465003967285], [89.78978729248075, 26.082189559936637], [89.78813171386736, 26.081190109252987], [89.78588867187506, 26.083208084106502], [89.78588867187506, 26.083351135253963], [89.78579711914091, 26.08822059631342], [89.78793334960955, 26.09222030639654], [89.78929901123064, 26.093851089477596], [89.78968811035156, 26.094579696655387], [89.78800964355474, 26.0958576202392], [89.78653717041044, 26.09844017028803], [89.78826904296903, 26.099830627441577], [89.79016876220732, 26.100429534912394], [89.78926086425798, 26.102712631225813], [89.78704071044928, 26.10524749755865], [89.78383636474615, 26.106269836425895], [89.78289031982433, 26.105800628662223], [89.78028869628906, 26.1045112609865], [89.77710723876959, 26.10347175598156], [89.7741088867188, 26.10420036315918], [89.77143096923834, 26.106231689453182], [89.77108764648466, 26.106479644775618], [89.7691268920899, 26.107919692993164], [89.76686859130871, 26.10829925537115], [89.76523590087908, 26.107839584350586], [89.76281738281256, 26.10716056823759], [89.76104736328142, 26.106910705566406], [89.75913238525408, 26.10904121398943], [89.76060485839872, 26.112333297729606], [89.76378631591803, 26.11573028564476], [89.76795959472662, 26.12043952941906], [89.77059936523455, 26.124210357666243], [89.77066040039068, 26.127452850342024], [89.76935577392607, 26.132022857666016], [89.76626586914068, 26.135591506958008], [89.76383209228544, 26.136760711669922], [89.75913238525408, 26.138370513916072], [89.75733947753935, 26.140270233154354], [89.75708770751959, 26.14414024353033], [89.75534820556658, 26.14900016784685], [89.75092315673845, 26.155611038208008], [89.7484359741211, 26.15780067443876], [89.7444229125976, 26.1585502624514], [89.73912048339861, 26.158229827881144], [89.73639678955107, 26.157779693603743], [89.73438262939459, 26.157449722290153], [89.73058319091803, 26.15665817260765], [89.7271575927735, 26.155290603637752], [89.72448730468756, 26.154659271240178], [89.722671508789, 26.15496063232439], [89.72273254394548, 26.15608024597168], [89.72278594970709, 26.157571792602766], [89.7235870361331, 26.160400390625057], [89.72206115722685, 26.163379669189737], [89.72194671630876, 26.164520263671875], [89.71974945068365, 26.164720535278263], [89.71875762939459, 26.1660480499267], [89.72509765625011, 26.16963005065918], [89.72509765625011, 26.17160987854004], [89.72705078125028, 26.173879623413313], [89.73293304443388, 26.17297172546398], [89.73375701904314, 26.173370361328182], [89.73417663574236, 26.174989700317496], [89.73314666748075, 26.175870895385685], [89.73023986816412, 26.17700004577648], [89.7198028564456, 26.177938461303825], [89.71705627441412, 26.177209854126204], [89.71161651611322, 26.17350959777849], [89.70652008056658, 26.173130035400504], [89.70427703857428, 26.174549102783203], [89.70253753662115, 26.177120208740348], [89.7002029418947, 26.184829711914347], [89.69483947753906, 26.18907165527338], [89.69757843017584, 26.19086074829113], [89.70184326171903, 26.188150405883903], [89.70536804199236, 26.188070297241154], [89.70822143554705, 26.186838150024357], [89.71073913574224, 26.188560485839844], [89.71405029296903, 26.189359664917276], [89.7161331176759, 26.191328048705998], [89.71810150146479, 26.196798324585245], [89.71747589111357, 26.200120925903377], [89.71556091308605, 26.202650070190657], [89.71163177490251, 26.20319938659668], [89.7142181396485, 26.205978393554744], [89.717269897461, 26.20561027526867], [89.72062683105486, 26.2061710357666], [89.72321319580107, 26.20532989501953], [89.72566223144537, 26.20607948303234], [89.7313232421875, 26.210769653320597], [89.7320327758789, 26.21228981018089], [89.73127746582048, 26.214910507202205], [89.72438049316435, 26.2172908782959], [89.71549987792974, 26.21478080749506], [89.70307922363298, 26.213291168213118], [89.70024871826178, 26.21376037597679], [89.69754791259783, 26.215942382812614], [89.6972274780274, 26.217229843139762], [89.69956970214872, 26.21890068054205], [89.70310211181646, 26.21730995178251], [89.70555877685564, 26.217060089111328], [89.71022796630888, 26.219141006469727], [89.71170806884771, 26.227741241455078], [89.71280670166033, 26.228969573974666], [89.71817779541021, 26.231620788574162], [89.72332000732428, 26.232929229736555], [89.72876739501982, 26.238201141357365], [89.72357177734386, 26.243539810180664], [89.71572113037115, 26.246379852295036], [89.71502685546903, 26.2489719390872], [89.71652221679716, 26.252338409423828], [89.71642303466814, 26.255260467529354], [89.71537017822277, 26.256490707397518], [89.71138763427763, 26.25803947448742], [89.7036209106447, 26.25697135925293], [89.70099639892578, 26.25918960571306], [89.70067596435553, 26.260841369628906], [89.7048110961914, 26.269901275634766], [89.70894622802729, 26.27082061767601], [89.71154022216803, 26.26958084106468], [89.71084594726557, 26.26456069946289], [89.71142578124994, 26.26326942443876], [89.71734619140625, 26.259160995483455], [89.7252197265625, 26.25840950012207], [89.7322769165039, 26.260339736938477], [89.73345184326178, 26.26250076293968], [89.73367309570318, 26.266460418701172], [89.73745727539068, 26.271100997924805], [89.72918701171892, 26.28293991088873], [89.72109222412121, 26.28816986084007], [89.71705627441412, 26.293052673340014], [89.71544647216814, 26.297029495239542], [89.71568298339844, 26.301980972290096], [89.71782684326178, 26.30570030212408], [89.72025299072283, 26.30813026428234], [89.7227630615235, 26.307550430297965], [89.7198028564456, 26.29863166809099], [89.7208862304688, 26.29628944396984], [89.72344970703125, 26.294750213623274], [89.73179626464872, 26.29290008544922], [89.74234771728533, 26.29520988464361], [89.74606323242193, 26.290761947631836], [89.7488861083985, 26.289400100708292], [89.75710296630865, 26.288530349731445], [89.75865936279303, 26.28932952880865], [89.75914001464861, 26.292591094970703], [89.75089263916044, 26.306240081787394], [89.75054168701189, 26.32146072387718], [89.75166320800776, 26.322160720825252], [89.753646850586, 26.321800231933707], [89.76196289062494, 26.317068099975586], [89.76853179931646, 26.32380294799816], [89.77774810791027, 26.327760696411246], [89.7808609008789, 26.330881118774414], [89.78103637695307, 26.335840225219727], [89.77921295166021, 26.343202590942496], [89.77906036376959, 26.347410202026367], [89.7808914184572, 26.352170944213867], [89.78201293945312, 26.353279113769645], [89.79032135009771, 26.358062744140568], [89.80400085449224, 26.362342834472713], [89.80985260009766, 26.366500854492188], [89.81256103515642, 26.367000579833984], [89.8204193115235, 26.370620727539176], [89.81723022460949, 26.366100311279354], [89.81266784667997, 26.36240005493164], [89.81154632568388, 26.360710144043082], [89.81149291992193, 26.358020782470703], [89.81362915039091, 26.35317039489769], [89.8155670166015, 26.351459503173942], [89.82009887695341, 26.350381851196346], [89.82118988037115, 26.351139068603516], [89.82341003417986, 26.35524940490717], [89.82106018066435, 26.35906982421875], [89.8270568847658, 26.366649627685604], [89.8274230957033, 26.369819641113338], [89.82440948486334, 26.37689018249523], [89.82559204101568, 26.379318237304744], [89.82787322998053, 26.381120681762752], [89.8309860229495, 26.382030487060547], [89.83402252197294, 26.381261825561637], [89.84092712402338, 26.377759933471737], [89.84549713134794, 26.38402938842779], [89.85125732421892, 26.38405036926264], [89.85507202148455, 26.382030487060547], [89.85729217529325, 26.38446044921875], [89.85315704345703, 26.39599037170433], [89.85032653808611, 26.39828109741211], [89.84681701660185, 26.402740478515625], [89.84606170654325, 26.397792816162223], [89.84449768066418, 26.394350051879826], [89.84039306640642, 26.390819549560547], [89.83058929443388, 26.390199661254883], [89.82797241210938, 26.393478393554744], [89.82727813720709, 26.396472930908317], [89.82946777343778, 26.40328025817871], [89.83329010009794, 26.412290573120345], [89.83634185791044, 26.411270141601676], [89.84484863281256, 26.41022109985363], [89.84980773925787, 26.414209365844727], [89.84764862060564, 26.419822692871207], [89.84778594970732, 26.421752929687614], [89.8497619628908, 26.422250747680664], [89.85299682617205, 26.424560546875057], [89.85520172119169, 26.4340496063233], [89.85768890380888, 26.438121795654297], [89.86112976074247, 26.44042015075678], [89.86949920654325, 26.44841957092291], [89.86943054199224, 26.457281112670955], [89.87062072753912, 26.459890365600586], [89.87020874023443, 26.463979721069563], [89.8670959472658, 26.465810775756836], [89.86237335205084, 26.466070175170955], [89.86102294921875, 26.47478103637701], [89.85269165039068, 26.487779617309684], [89.85497283935553, 26.494302749633732], [89.85560607910185, 26.50514030456543], [89.85350036621122, 26.517232894897575], [89.85443115234403, 26.521078109741325], [89.86183929443365, 26.530460357666016], [89.86226654052763, 26.53729057312023], [89.86141967773443, 26.543188095092887], [89.86461639404314, 26.54829025268566], [89.86432647705084, 26.560779571533203], [89.86548614501964, 26.565839767456282], [89.8649978637697, 26.57027053833002], [89.86152648925776, 26.574560165405273], [89.86200714111334, 26.577882766723633], [89.86987304687511, 26.57950973510748], [89.87754821777338, 26.584241867065373], [89.87422180175787, 26.589212417602596], [89.87211608886724, 26.59470939636242], [89.87254333496105, 26.597570419311637], [89.87522125244169, 26.601169586181584], [89.87663269042986, 26.606342315673828], [89.8772277832033, 26.61305046081543], [89.87161254882841, 26.61495971679699], [89.86183166503912, 26.61515045166027], [89.85900115966808, 26.61721038818365], [89.8570404052735, 26.623411178588924], [89.85729217529325, 26.63208961486822], [89.8612670898438, 26.635559082031364], [89.87367248535162, 26.643510818481445], [89.87583923339838, 26.64630126953125], [89.87637329101591, 26.649499893188533], [89.8727569580081, 26.65185928344738], [89.86805725097673, 26.656618118286076], [89.86828613281256, 26.660760879516715], [89.86987304687511, 26.662670135498104], [89.87052154541033, 26.666219711303825], [89.8693389892581, 26.670949935913143], [89.8694686889649, 26.67381095886236], [89.87148284912126, 26.679218292236328], [89.87142944335966, 26.683530807495345], [89.8614120483399, 26.70034980773943], [89.85694122314482, 26.703781127929915], [89.8597259521485, 26.70862007141119], [89.85930633544922, 26.713027954101506], [89.85820770263678, 26.720230102539176], [89.85960388183622, 26.724405288696346], [89.85839843750006, 26.73122978210455], [89.85941314697294, 26.732696533203125], [89.8623886108399, 26.737003326416016], [89.86758422851574, 26.734672546386776], [89.87348175048834, 26.731733322143555], [89.88124084472656, 26.728185653686637], [89.88939666748047, 26.72438812255882], [89.89747619628912, 26.723651885986328], [89.90631103515653, 26.72365951538086], [89.92083740234403, 26.722600936889705], [89.9316024780274, 26.723270416259766], [89.93985748291021, 26.722980499267635], [89.94750213623058, 26.72314071655296], [89.95777893066412, 26.723165512085018], [89.96729278564459, 26.72470283508312], [89.98465728759771, 26.72677040100109], [89.99431610107439, 26.73003005981451], [89.99747467041027, 26.731784820556754], [90.00206756591825, 26.73434066772461], [90.0062103271485, 26.733789443969954], [90.0196838378908, 26.73053169250511], [90.03389739990246, 26.729732513427734], [90.04518890380888, 26.729040145874023], [90.05059051513689, 26.729871749878157], [90.0552368164063, 26.729330062866325], [90.06755065917986, 26.732099533081055], [90.07763671874994, 26.735202789306754], [90.08573150634771, 26.737510681152344], [90.09504699707048, 26.73977088928234], [90.11433410644537, 26.745082855224837], [90.1278381347658, 26.749042510986328], [90.14610290527338, 26.754892349243164], [90.16085815429688, 26.76049232482933], [90.17345428466803, 26.765062332153548], [90.18872070312506, 26.770572662353516], [90.1871337890625, 26.78173065185547], [90.18529510498053, 26.787204742431697], [90.18300628662115, 26.798429489135685], [90.18256378173845, 26.804111480712834], [90.18404388427763, 26.809732437133903], [90.18695068359392, 26.814390182495174], [90.19187927246088, 26.827289581299055], [90.19464874267584, 26.83302116394043], [90.20446777343744, 26.843580245971793], [90.21482086181658, 26.853700637817553], [90.22618865966825, 26.858240127563477], [90.2267608642581, 26.85823249816889], [90.2443161010745, 26.857931137085075], [90.246391296387, 26.85770606994646], [90.25290679931669, 26.857009887695426], [90.26232147216814, 26.855373382568473], [90.27731323242216, 26.852125167846907], [90.29039764404303, 26.84847068786621], [90.30150604248058, 26.848230361938704], [90.30631256103544, 26.849464416503906], [90.30644226074224, 26.84949874877924], [90.31169891357439, 26.850851058960075], [90.3409271240235, 26.872121810913086], [90.3457794189456, 26.876436233520565], [90.34944915771484, 26.88768959045416], [90.35275268554693, 26.89280128479021], [90.35510253906261, 26.896089553833235], [90.36402130126959, 26.898050308227653], [90.38012695312528, 26.899236679077376], [90.39099121093778, 26.900320053100586], [90.3997268676759, 26.901020050048828], [90.40945434570324, 26.901897430420036], [90.4097061157226, 26.90192031860363], [90.42209625244135, 26.89814758300804], [90.44108581542974, 26.88287162780773], [90.45400238037126, 26.872440338134936], [90.46170806884771, 26.867225646972713], [90.46362304687511, 26.865930557251033], [90.48314666748047, 26.85308074951189], [90.49993133544922, 26.8424587249757], [90.50063323974621, 26.842010498046875], [90.51376342773443, 26.83325958251953], [90.5141220092774, 26.83302116394043], [90.52881622314459, 26.823520660400504], [90.53884887695312, 26.816291809082088], [90.54275512695318, 26.814577102661133], [90.54881286621094, 26.811920166015682], [90.55377197265625, 26.805791854858626], [90.55993652343756, 26.80101776123047], [90.56378173828153, 26.799640655517805], [90.56832885742193, 26.79890060424816], [90.57306671142584, 26.798799514770565], [90.58074188232433, 26.797559738159237], [90.58898162841825, 26.798501968383903], [90.6015014648438, 26.79753494262718], [90.61499023437517, 26.795093536377067], [90.61756896972685, 26.79462242126459], [90.63031768798834, 26.791669845581282], [90.63706970214844, 26.786632537841854], [90.64910125732439, 26.77428054809576], [90.65690612792969, 26.77620124816906], [90.66250610351568, 26.778640747070256], [90.66982269287138, 26.78073120117199], [90.67938232421903, 26.780242919921932], [90.68236541748053, 26.777410507202262], [90.69356536865251, 26.771253585815657], [90.69986724853533, 26.768014907836857], [90.71227264404297, 26.767578124999943], [90.7169799804687, 26.767911911010685], [90.72302246093761, 26.767549514770735], [90.72896575927763, 26.76836776733404], [90.73397827148455, 26.76934051513672], [90.73701477050781, 26.773088455200252], [90.7410049438476, 26.775043487548885], [90.74665832519537, 26.774673461914062], [90.76237487792963, 26.773557662964095], [90.77216339111328, 26.77388191223156], [90.78674316406278, 26.774190902710245], [90.80214691162115, 26.77404975891119], [90.81823730468778, 26.775270462036133], [90.8368530273438, 26.77671051025402], [90.8484191894533, 26.77722930908226], [90.87071990966797, 26.779621124267635], [90.89691925048834, 26.778636932373104], [90.92696380615263, 26.78211212158203], [90.95475769042974, 26.783840179443473], [90.96084594726568, 26.784660339355696], [90.97061157226591, 26.78513336181635], [90.97097778320324, 26.785150527954215], [90.97595214843778, 26.785392761230526], [90.98738098144543, 26.78753089904785], [90.99313354492216, 26.78802490234375], [90.99600982666044, 26.788270950317383], [91.00321197509777, 26.786651611328068], [91.01207733154314, 26.78563880920416], [91.01381683349626, 26.785440444946346], [91.03089904785185, 26.780887603759936], [91.04149627685553, 26.779037475585938], [91.05397796630888, 26.77947235107422], [91.0575561523438, 26.782310485839844], [91.0755920410158, 26.800493240356445], [91.08908843994169, 26.818441390991495], [91.09659576416033, 26.819803237915266], [91.10576629638678, 26.81422424316429], [91.11687469482428, 26.812202453613395], [91.1297378540039, 26.808479309082088], [91.14402008056669, 26.809009552002067], [91.18033599853516, 26.811449050903434], [91.20234680175793, 26.808731079101676], [91.21725463867216, 26.80889320373535], [91.23690032959013, 26.808950424194336], [91.24912261962885, 26.80629539489746], [91.2623367309572, 26.80500030517578], [91.27686309814459, 26.79686546325695], [91.289566040039, 26.788879394531307], [91.29505157470732, 26.785158157348917], [91.30998992919922, 26.783330917358512], [91.3274536132813, 26.78045463562023], [91.33631896972673, 26.779651641845817], [91.3412399291995, 26.781780242920036], [91.35964202880865, 26.789478302001953], [91.37273406982422, 26.79619979858421], [91.37961578369158, 26.80149841308605], [91.38475036621094, 26.809329986572322], [91.3898468017581, 26.817501068115234], [91.3979568481447, 26.829860687255803], [91.40174865722673, 26.834684371948242], [91.40210723876953, 26.835138320922965], [91.40834808349638, 26.835561752319393], [91.41137695312506, 26.833631515503157], [91.42044830322283, 26.827835083008097], [91.43660736084013, 26.817262649536133], [91.44157409667963, 26.815055847168253], [91.44754791259783, 26.811868667602653], [91.45455169677729, 26.807790756225586], [91.4677734375, 26.797998428344727], [91.47824096679705, 26.79179000854498], [91.49276733398443, 26.789764404296875], [91.51094818115246, 26.79283332824707], [91.53093719482428, 26.795824050903434], [91.56020355224638, 26.799886703491268], [91.59076690673845, 26.80476951599121], [91.60028076171875, 26.808572769165096], [91.60265350341803, 26.810209274292106], [91.6121673583985, 26.816791534424055], [91.62380218505865, 26.82132339477556], [91.63236999511736, 26.820858001709098], [91.65358734130865, 26.815090179443587], [91.67928314209001, 26.804748535156364], [91.68724822998041, 26.805093765258846], [91.697250366211, 26.81185340881359], [91.70217132568376, 26.81180953979498], [91.70420074462919, 26.811859130859375], [91.70951843261747, 26.81196022033697], [91.71900177001959, 26.811500549316577], [91.7269287109375, 26.812559127807617], [91.7578964233399, 26.82881355285656], [91.75907135009771, 26.829429626465014], [91.774887084961, 26.838760375976562], [91.80197143554693, 26.85206031799322], [91.81002807617199, 26.85812759399414], [91.81746673583996, 26.86372947692871], [91.83184814453142, 26.876388549804744], [91.85346221923834, 26.91229057312023], [91.85778045654297, 26.91402816772461], [91.86624145507818, 26.914279937744197], [91.87389373779303, 26.91509437561035], [91.87802124023455, 26.91553688049322], [91.88346099853527, 26.916200637817496], [91.88890838623064, 26.916521072387752], [91.89726257324219, 26.916130065918082], [91.90931701660173, 26.91035079956049], [91.92339324951172, 26.903591156006087], [91.94201660156261, 26.894870758056754], [91.95397949218756, 26.88774108886713], [91.95990753173834, 26.877576828003043], [91.96984100341803, 26.87052154541027], [91.97280120849626, 26.86692047119152], [91.97859191894537, 26.86289978027355], [91.98558044433611, 26.858253479003963], [91.9941711425783, 26.85525131225586], [92.00326538085966, 26.85368156433111], [92.01697540283214, 26.85106468200695], [92.02907562255876, 26.84996414184576], [92.0455169677735, 26.84754180908203], [92.05519104003906, 26.84805297851591], [92.06089782714838, 26.850160598754996], [92.07093048095709, 26.856721878051758], [92.07657623291033, 26.85764122009283], [92.08246612548828, 26.8621196746829], [92.08893585205072, 26.860979080200252], [92.09741973876959, 26.868610382080078], [92.09864044189482, 26.881877899170036], [92.1019363403322, 26.88741111755394], [92.10788726806646, 26.89381980895996], [92.12036895751982, 26.890300750732706], [92.12419128417997, 26.88976097106945], [92.12953948974638, 26.89071273803711], [92.14792633056658, 26.89088821411127], [92.16239929199236, 26.892660140991154], [92.16882324218778, 26.891910552978516], [92.17716979980474, 26.892480850219954], [92.19484710693376, 26.891000747680778], [92.2093505859375, 26.896890640258903], [92.25456237792974, 26.912229537963924], [92.26123046875, 26.90876960754389], [92.26510620117193, 26.90760040283203], [92.26786804199236, 26.905082702637003], [92.27639007568388, 26.90246963500988], [92.28148651123053, 26.904148101806868], [92.29007720947271, 26.905460357666072], [92.30053710937506, 26.908140182495117], [92.30374908447283, 26.909540176391545], [92.30285644531256, 26.924209594726562], [92.32005310058605, 26.928380966186523], [92.34677886962919, 26.933460235595703], [92.35305023193371, 26.935569763183707], [92.36443328857428, 26.932699203491325], [92.36728668212896, 26.931550979614315], [92.39975738525396, 26.926271438598746], [92.41188812255876, 26.94419097900402], [92.42576599121088, 26.943468093872355], [92.44216918945307, 26.95502281188959], [92.44616699218778, 26.96063995361328], [92.45957183837908, 26.96331024169922], [92.466293334961, 26.963060379028377], [92.48375701904291, 26.964740753173828], [92.49063873291016, 26.96473121643072], [92.50502014160162, 26.966770172119254], [92.51544189453142, 26.964420318603743], [92.53176116943371, 26.96330070495611], [92.55361175537126, 26.95907020568859], [92.58521270751982, 26.961862564086914], [92.6454620361331, 26.987449645996207], [92.64530944824213, 26.995611190796012], [92.64420318603533, 27.002510070800895], [92.64463043212896, 27.010040283203125], [92.6390991210938, 27.01853942871105], [92.65048980712908, 27.02477836608898], [92.65702056884771, 27.037590026855526], [92.65892791748053, 27.03852081298851], [92.68238830566412, 27.031740188598746], [92.70231628417997, 27.02758026123047], [92.71367645263678, 27.02609062194847], [92.72750854492182, 27.028400421142692], [92.76909637451166, 27.033041000366154], [92.78527069091825, 27.03067970275879], [92.82441711425781, 27.01848030090332], [92.83658599853544, 27.013549804687727], [92.87243652343778, 27.00769996643072], [92.88337707519548, 27.00234031677246], [92.88751983642607, 27.00022125244152], [92.89028930664068, 26.999820709228516], [92.89977264404314, 26.9962615966798], [92.9166793823245, 26.98465156555187], [92.91494750976574, 26.969760894775618], [92.91777038574224, 26.96424102783203], [92.92166137695341, 26.96190834045433], [92.92640686035185, 26.96066093444847], [92.9327697753908, 26.95693969726574], [92.95136260986334, 26.948909759521484], [92.96161651611334, 26.945880889892578], [92.9729766845706, 26.94082069396967], [92.980697631836, 26.93562126159685], [92.98271942138666, 26.93593978881836], [92.98668670654325, 26.933830261230526], [92.99375915527372, 26.931787490844783], [92.99579620361334, 26.930320739746094], [92.99743652343767, 26.930349349975643], [93.01937103271501, 26.916830062866325], [93.03820800781278, 26.917881011963118], [93.06017303466797, 26.921180725097656], [93.06884002685553, 26.924209594726562], [93.07636260986322, 26.919940948486328], [93.09187316894548, 26.915540695190373], [93.1089630126956, 26.927280426025504], [93.1842803955081, 26.938739776611442], [93.22238922119146, 26.949140548706055], [93.26685333251964, 26.956001281738395], [93.34793853759794, 26.96324157714855], [93.37423706054699, 26.960380554199332], [93.39073181152361, 26.960029602050724], [93.4366607666015, 26.95609092712425], [93.44786834716808, 26.95415115356451], [93.46383666992193, 26.94354057312023], [93.46810913085966, 26.938890457153605], [93.4802932739259, 26.94017982482916], [93.486831665039, 26.94309043884283], [93.48935699462908, 26.93852996826189], [93.5258407592774, 26.948631286621094], [93.54548645019537, 26.95174026489252], [93.57079315185564, 26.95412254333513], [93.58422088623053, 26.95264816284191], [93.59583282470709, 26.955181121826172], [93.62449645996122, 26.96421051025419], [93.64016723632841, 26.964780807495117], [93.65511322021501, 26.966478347778548], [93.67578125000006, 26.97107124328619], [93.69655609130865, 26.99237823486351], [93.69828033447271, 26.994791030883732], [93.70095062255865, 26.997102737426758], [93.70568084716803, 27.003681182861328], [93.7044982910158, 27.00656127929699], [93.70556640625028, 27.00832939147955], [93.71893310546903, 27.01922035217285], [93.73388671875017, 27.027231216430664], [93.74257659912138, 27.029712677002067], [93.74642944335938, 27.032409667968807], [93.76847839355474, 27.043291091919116], [93.7681961059572, 27.055519104003963], [93.77007293701166, 27.05558013916027], [93.7709579467774, 27.054550170898665], [93.7717895507812, 27.055519104003963], [93.77239990234392, 27.062301635742188], [93.77368164062528, 27.06236076354992], [93.77543640136736, 27.056219100952376], [93.77794647216814, 27.05277061462408], [93.7791595458985, 27.053342819213924], [93.7791366577149, 27.058290481567667], [93.78116607666033, 27.06081962585455], [93.78227233886713, 27.066900253296126], [93.78321075439482, 27.067190170288086], [93.7851104736331, 27.058359146118335], [93.78613281250017, 27.055370330810547], [93.78742218017572, 27.05422973632824], [93.79119110107433, 27.054569244384766], [93.79399871826178, 27.057729721069393], [93.79709625244152, 27.070882797241268], [93.79805755615246, 27.07094192504877], [93.7987670898438, 27.069681167602596], [93.79942321777372, 27.066871643066406], [93.80213165283203, 27.0617618560791], [93.80488586425787, 27.061349868774528], [93.80854797363293, 27.062570571899414], [93.81018829345703, 27.068140029907454], [93.81288146972662, 27.070680618286246], [93.81571197509783, 27.065450668335075], [93.8187866210938, 27.064931869506836], [93.82287597656278, 27.068321228027457], [93.82457733154325, 27.072170257568416], [93.82549285888678, 27.072122573852596], [93.82710266113276, 27.068849563598803], [93.82824707031244, 27.0689506530764], [93.82901000976557, 27.072122573852596], [93.83209991455095, 27.072868347168196], [93.8350219726563, 27.074991226196346], [93.83674621582037, 27.07821273803711], [93.83476257324236, 27.082050323486328], [93.83436584472656, 27.082849502563533], [93.83621215820341, 27.086479187011832], [93.8330307006836, 27.087610244751033], [93.83132171630876, 27.09243965148937], [93.82663726806646, 27.09938049316429], [93.82723236083996, 27.111940383911133], [93.82549285888678, 27.11934089660639], [93.82195281982416, 27.12203025817894], [93.81910705566406, 27.12290191650419], [93.81495666503906, 27.122608184814567], [93.81315612792997, 27.123760223388956], [93.8113632202149, 27.12626838684082], [93.81385040283209, 27.128618240356502], [93.81423187255865, 27.1308212280274], [93.81350708007824, 27.132011413574276], [93.80818939209013, 27.13286972045904], [93.80580902099615, 27.13475036621088], [93.80222320556646, 27.132860183715934], [93.80024719238298, 27.132629394531534], [93.79843139648449, 27.1343994140625], [93.79779815673834, 27.13600921630865], [93.79824066162121, 27.13716125488287], [93.80143737792974, 27.137910842895508], [93.80561065673828, 27.137790679931697], [93.80680847167974, 27.14720916748047], [93.80729675292986, 27.15014076232916], [93.80858612060575, 27.15175056457548], [93.81701660156267, 27.158241271972656], [93.82666015625011, 27.16937065124523], [93.82897949218778, 27.170642852783317], [93.83699798584013, 27.172079086303654], [93.8398818969726, 27.17345809936529], [93.84716796875017, 27.17978096008312], [93.85746002197283, 27.191101074218807], [93.86744689941412, 27.19884109497093], [93.88561248779325, 27.22438240051281], [93.89097595214872, 27.230180740356445], [93.89298248291021, 27.230970382690543], [93.9010467529298, 27.241540908813533], [93.91889953613298, 27.257141113281364], [93.93390655517572, 27.268341064453182], [93.93891143798845, 27.273279190063477], [93.95652008056646, 27.29475975036621], [93.97267150878923, 27.308340072631893], [93.98094940185553, 27.31376838684082], [93.98567199707037, 27.320579528808594], [93.99018096923822, 27.324649810791016], [93.99603271484386, 27.327882766723633], [93.99780273437494, 27.32785987854004], [94.00068664550781, 27.330139160156307], [94.00000762939459, 27.334709167480526], [94.00978851318388, 27.338890075683594], [94.0258331298831, 27.34770011901867], [94.03008270263689, 27.347991943359318], [94.04164123535185, 27.353290557861328], [94.04831695556669, 27.358749389648494], [94.05483245849604, 27.36283111572277], [94.06092834472685, 27.36355972290039], [94.06314849853521, 27.368911743164176], [94.06864929199224, 27.37440109252924], [94.07244873046875, 27.383012771606502], [94.08634948730486, 27.404560089111328], [94.09329986572271, 27.410940170288086], [94.09992218017584, 27.413919448852596], [94.10652160644526, 27.41805076599144], [94.11708068847656, 27.430971145629996], [94.12333679199236, 27.434980392456055], [94.13585662841825, 27.445859909057674], [94.14080810546886, 27.44845962524431], [94.15445709228533, 27.460460662841797], [94.16020202636724, 27.466470718383903], [94.1587371826173, 27.47000122070324], [94.15721130371105, 27.47804832458496], [94.16422271728521, 27.480989456176758], [94.16793060302763, 27.48418807983421], [94.17471313476568, 27.484071731567383], [94.18689727783209, 27.49081039428711], [94.19124603271501, 27.49632072448742], [94.19522857666016, 27.49745941162115], [94.21065521240263, 27.497903823852653], [94.2123260498048, 27.49794960021967], [94.21540069580107, 27.503139495849723], [94.22167205810558, 27.507030487060547], [94.25905609130871, 27.522600173950195], [94.25972747802751, 27.52349090576172], [94.26251220703153, 27.527429580688704], [94.2568664550783, 27.540500640869254], [94.25573730468767, 27.550760269165153], [94.2565002441408, 27.557428359985465], [94.24060058593778, 27.57035064697277], [94.23414611816406, 27.571460723876953], [94.22647857666044, 27.57563018798851], [94.22547912597662, 27.581058502197322], [94.22144317626959, 27.58791160583496], [94.22531127929716, 27.595239639282227], [94.22505187988287, 27.598510742187557], [94.22292327880876, 27.600740432739542], [94.21350860595732, 27.6044216156007], [94.21111297607422, 27.610841751098746], [94.21743774414068, 27.609001159668026], [94.2259597778322, 27.617990493774414], [94.23507690429682, 27.632511138916016], [94.24507141113287, 27.635869979858626], [94.2472686767581, 27.635810852050724], [94.25006866455084, 27.63972091674799], [94.25222778320341, 27.640930175781364], [94.25598907470709, 27.636552810669002], [94.25907135009794, 27.63701820373535], [94.26278686523455, 27.636020660400447], [94.26670837402372, 27.632560729980412], [94.26716613769548, 27.62786293029785], [94.26222229003923, 27.624519348144645], [94.25710296630865, 27.61911964416521], [94.2540893554688, 27.61370086669922], [94.26188659667974, 27.61009979248047], [94.27245330810575, 27.60346984863287], [94.2752075195313, 27.597400665283203], [94.27603149414074, 27.593349456787394], [94.2876586914063, 27.591791152954045], [94.28848266601557, 27.594511032104606], [94.29289245605469, 27.600360870361385], [94.29801940917963, 27.60427093505865], [94.30164337158197, 27.59988021850586], [94.3083572387697, 27.5955810546875], [94.31240844726568, 27.589651107788256], [94.31970977783214, 27.59005165100109], [94.32373809814482, 27.587169647217024], [94.32905578613293, 27.58839035034208], [94.33814239501953, 27.58103942871105], [94.340576171875, 27.583440780639762], [94.34507751464855, 27.584590911865178], [94.34884643554693, 27.57945060729992], [94.355697631836, 27.577381134033203], [94.36219787597662, 27.580230712890682], [94.36749267578142, 27.5767498016358], [94.37230682373053, 27.579269409179915], [94.37583923339838, 27.58457756042486], [94.38043212890625, 27.58509063720703], [94.38437652587902, 27.586460113525504], [94.38759613037115, 27.589279174804688], [94.39482879638678, 27.588779449463004], [94.40318298339844, 27.58719062805187], [94.42092895507818, 27.601341247558594], [94.43103790283209, 27.603080749511776], [94.43058776855463, 27.596460342407283], [94.43605041503912, 27.584421157836914], [94.44238281250028, 27.579460144043196], [94.44960784912121, 27.5750408172608], [94.45346832275385, 27.570940017700252], [94.45622253417974, 27.562902450561467], [94.45973968505888, 27.557710647583008], [94.46930694580072, 27.56401252746582], [94.47915649414068, 27.576990127563533], [94.48310852050787, 27.577201843261832], [94.49096679687506, 27.575492858886832], [94.50022888183611, 27.57731056213379], [94.5094070434572, 27.584070205688704], [94.51566314697266, 27.584730148315487], [94.52628326416027, 27.59576988220215], [94.53173065185564, 27.596929550170955], [94.53659057617216, 27.596990585327262], [94.5464172363283, 27.603532791137923], [94.55171203613281, 27.604049682617415], [94.55612182617205, 27.60323905944847], [94.5638961791995, 27.60696029663103], [94.56947326660173, 27.606351852417106], [94.57353210449224, 27.606969833374023], [94.58185577392578, 27.616680145263672], [94.58629608154303, 27.620109558105582], [94.59146881103521, 27.622810363769645], [94.59577178955078, 27.62146949768089], [94.60060882568365, 27.621931076050032], [94.60408020019537, 27.623100280761776], [94.60938262939459, 27.622631072998104], [94.61406707763666, 27.62574005126953], [94.62497711181658, 27.63011932373047], [94.63069152832048, 27.6282901763916], [94.6344528198245, 27.628770828247184], [94.63979339599638, 27.63096046447754], [94.64521789550798, 27.636539459228516], [94.64842224121094, 27.642070770263672], [94.66464233398455, 27.64785957336437], [94.66911315917974, 27.65027809143072], [94.67574310302734, 27.650651931762923], [94.68251037597685, 27.64958953857439], [94.68699645996094, 27.65331077575678], [94.68650817871122, 27.65714263916027], [94.6838760375976, 27.663339614868164], [94.68940734863276, 27.66719055175804], [94.6980819702149, 27.667100906372184], [94.71306610107416, 27.66026115417486], [94.71663665771496, 27.661649703979606], [94.720703125, 27.66999053955078], [94.72554016113287, 27.670339584350586], [94.72767639160162, 27.66786003112793], [94.73703002929693, 27.665649414062557], [94.74266815185564, 27.66342163085949], [94.75592041015636, 27.666519165039006], [94.75955963134794, 27.668439865112305], [94.76432037353527, 27.674560546875], [94.76693725585943, 27.680139541625977], [94.77216339111357, 27.683969497680835], [94.77645111083984, 27.68337821960455], [94.79099273681646, 27.68885040283203], [94.79405975341803, 27.693220138549975], [94.7953491210938, 27.69807815551752], [94.79757690429688, 27.698932647705135], [94.80021667480497, 27.69709014892578], [94.81803131103516, 27.696840286254996], [94.82126617431658, 27.696220397949332], [94.8393859863283, 27.70354080200201], [94.84879302978521, 27.710681915283203], [94.85357666015636, 27.73162078857422], [94.86071777343767, 27.73338127136242], [94.8660278320312, 27.73624038696289], [94.86086273193388, 27.739479064941634], [94.88394165039091, 27.742059707641715], [94.93003082275396, 27.75673103332531], [94.98703765869146, 27.77085113525385], [94.99787902832048, 27.776550292969034], [95.01914978027372, 27.772499084472713], [95.03121948242188, 27.77477073669445], [95.0387573242188, 27.77773094177246], [95.04886627197271, 27.786460876464957], [95.05182647705078, 27.790229797363338], [95.1948623657226, 27.834449768066463], [95.23654174804693, 27.848350524902344], [95.29254913330095, 27.864990234375227], [95.30847167968756, 27.86782073974615], [95.31655883789062, 27.871129989623967], [95.3843383789063, 27.84202194213873], [95.5159530639649, 27.881788253784464], [95.52622985839844, 27.897899627685604], [95.53302001953153, 27.90043067932129], [95.54353332519531, 27.90232276916504], [95.5443420410158, 27.905782699585075], [95.54206848144537, 27.910741806030387], [95.54380035400396, 27.913459777832145], [95.56504821777372, 27.922519683838004], [95.56626129150408, 27.931591033935717], [95.57121276855486, 27.942380905151595], [95.58053588867188, 27.94356155395502], [95.58866119384771, 27.94162940979004], [95.5969467163086, 27.951129913330192], [95.60674285888678, 27.95776939392107], [95.82588195800787, 27.977371215820426], [95.95688629150408, 27.969129562378043], [95.97746276855469, 27.968500137329045], [95.96520996093778, 27.95263290405296], [95.95231628417986, 27.94184112548851]]]]}}, {"type": "Feature", "properties": {"ID_0": 105, "ISO": "IND", "NAME_0": "India", "ID_1": 22, "NAME_1": "Manipur", "NL_NAME_1": null, "VARNAME_1": null, "TYPE_1": "State", "ENGTYPE_1": "State"}, "geometry": {"type": "Polygon", "coordinates": [[[94.57723236084013, 25.648330688476676], [94.57608795166044, 25.644701004028377], [94.58693695068371, 25.64659118652355], [94.59519958496094, 25.643850326538143], [94.59455108642584, 25.642650604248104], [94.59050750732428, 25.640270233154297], [94.5837707519533, 25.634490966796875], [94.57850646972662, 25.626251220703125], [94.57691955566423, 25.62037277221691], [94.5728225708009, 25.61131286621105], [94.56862640380871, 25.60779190063488], [94.56690979003918, 25.604101181030273], [94.5651473999024, 25.60260009765625], [94.55957031250017, 25.59411048889166], [94.55574035644548, 25.58581161499029], [94.56153869628912, 25.578330993652457], [94.5604095458985, 25.567989349365234], [94.56465911865263, 25.567939758300838], [94.56137847900402, 25.560510635375977], [94.56289672851574, 25.549510955810547], [94.559867858887, 25.54570960998541], [94.56347656250011, 25.5396728515625], [94.55827331542974, 25.534879684448242], [94.5612564086914, 25.530691146850643], [94.55899810791033, 25.524339675903377], [94.55741882324213, 25.512769699096737], [94.5681762695313, 25.50658988952631], [94.57459259033197, 25.505229949951172], [94.58500671386724, 25.496870040893555], [94.58719635009766, 25.492450714111328], [94.59084320068376, 25.48974990844721], [94.59488677978521, 25.488149642944336], [94.59736633300787, 25.48625946044922], [94.6074829101563, 25.482440948486385], [94.6253433227539, 25.469089508056697], [94.63297271728516, 25.465658187866268], [94.64823150634766, 25.461620330810774], [94.65645599365251, 25.45860099792486], [94.65873718261736, 25.457050323486555], [94.66597747802751, 25.455400466918945], [94.66976165771479, 25.455360412597656], [94.68242645263678, 25.45973014831543], [94.6822967529298, 25.456590652465877], [94.68205261230474, 25.450500488281364], [94.67965698242216, 25.442401885986442], [94.67912292480469, 25.432931900024414], [94.67811584472685, 25.42653083801281], [94.67624664306635, 25.42058944702154], [94.67382812500017, 25.41620063781744], [94.67095184326189, 25.41253089904791], [94.6587982177735, 25.40951538085949], [94.65627288818376, 25.408891677856445], [94.64919281005876, 25.406351089477482], [94.64441680908203, 25.401609420776424], [94.64384460449219, 25.400293350219727], [94.64176940917986, 25.39902114868164], [94.63823699951183, 25.393510818481502], [94.63495635986334, 25.392351150512752], [94.63117980957043, 25.387290954589844], [94.62741851806635, 25.374668121337947], [94.62760925292963, 25.362070083618278], [94.62770843505865, 25.355398178100586], [94.62211608886736, 25.3367595672608], [94.62162017822271, 25.33605766296381], [94.61898040771496, 25.33193016052246], [94.61519622802763, 25.32520103454584], [94.61315917968767, 25.321960449218864], [94.60957336425787, 25.31352043151867], [94.60688781738281, 25.30831718444847], [94.60192108154314, 25.29870033264166], [94.59867858886736, 25.28907012939453], [94.598876953125, 25.28112983703619], [94.59809112548845, 25.274639129638672], [94.59925842285156, 25.26687049865734], [94.59716796875006, 25.256961822509993], [94.59353637695312, 25.246168136596737], [94.59192657470732, 25.237430572509766], [94.58872985839861, 25.22987937927246], [94.58658599853544, 25.22503089904785], [94.58535766601568, 25.215749740600586], [94.5920867919923, 25.205480575561523], [94.59758758544928, 25.200010299682674], [94.60167694091791, 25.1951904296875], [94.60887145996105, 25.191047668457088], [94.61312866210938, 25.189479827880973], [94.61738586425787, 25.189798355102596], [94.62268066406267, 25.191280364990234], [94.63092041015625, 25.190380096435604], [94.6338577270509, 25.187200546264876], [94.63813781738298, 25.181560516357422], [94.64354705810553, 25.176538467407227], [94.64778137207043, 25.174411773681754], [94.6576766967774, 25.172420501708984], [94.66696166992205, 25.168180465698356], [94.67743682861345, 25.165000915527457], [94.68115997314464, 25.161268234253157], [94.68718719482422, 25.157871246337834], [94.6936264038086, 25.15952110290533], [94.69863891601568, 25.160631179809684], [94.70347595214855, 25.15978050231945], [94.70816802978516, 25.153850555420036], [94.71357727050793, 25.149909973144645], [94.72888183593778, 25.143711090088004], [94.73581695556658, 25.142829895019588], [94.74194335937506, 25.139419555664176], [94.745658874512, 25.13659095764166], [94.74521636962896, 25.12684059143089], [94.74568939208984, 25.11870956420904], [94.74529266357416, 25.11123085021984], [94.74539947509771, 25.106899261474723], [94.74553680419939, 25.10166168212902], [94.74814605712919, 25.089899063110465], [94.74977874755865, 25.079950332641715], [94.75100708007841, 25.075429916382063], [94.75063323974604, 25.07064247131359], [94.750717163086, 25.063518524169922], [94.74923706054693, 25.057939529418945], [94.74771881103527, 25.049278259277344], [94.74568176269526, 25.044429779052734], [94.74501037597662, 25.039478302001953], [94.74298095703153, 25.030109405517578], [94.74221038818388, 25.02524948120123], [94.73945617675787, 25.020492553710938], [94.73519134521479, 25.0126895904541], [94.73446655273455, 25.011787414550838], [94.7260971069336, 25.00131988525402], [94.71318817138678, 24.99369049072277], [94.70580291748075, 24.983570098876953], [94.703140258789, 24.978271484375114], [94.70302581787115, 24.977369308471737], [94.70189666748053, 24.968441009521598], [94.70381164550787, 24.963550567626953], [94.70572662353521, 24.959640502929688], [94.70913696289068, 24.955820083618278], [94.71357727050793, 24.9529781341555], [94.7171478271485, 24.946451187133903], [94.71907043457037, 24.942470550537166], [94.71467590332037, 24.939529418945426], [94.70585632324236, 24.934280395507812], [94.70150756835943, 24.927560806274528], [94.70097351074224, 24.926319122314396], [94.69379425048822, 24.90971183776861], [94.69300842285185, 24.907890319824332], [94.69209289550781, 24.899862289428654], [94.68894195556646, 24.895021438598633], [94.68601226806658, 24.892442703247127], [94.67971038818376, 24.886899948120117], [94.67201232910185, 24.88219070434576], [94.66162872314453, 24.877420425415153], [94.65683746337908, 24.873598098754996], [94.65792083740263, 24.86717033386236], [94.65608978271501, 24.862850189208984], [94.65445709228527, 24.861244201660156], [94.64816284179699, 24.855070114135742], [94.64122009277344, 24.84873962402355], [94.6396789550783, 24.8458194732666], [94.63784790039068, 24.842359542846907], [94.63478851318365, 24.829309463501033], [94.63540649414091, 24.823060989379996], [94.6353607177735, 24.82249259948736], [94.63478851318365, 24.814760208129883], [94.6324462890625, 24.810920715332088], [94.62732696533209, 24.80429077148449], [94.62483215332037, 24.795810699463004], [94.62530517578153, 24.786029815673885], [94.62536621093767, 24.784799575805664], [94.62961578369146, 24.77727127075218], [94.63301849365234, 24.772811889648494], [94.63330841064482, 24.76496124267601], [94.62504577636724, 24.75402069091797], [94.6240844726563, 24.75285339355463], [94.62121582031256, 24.749361038208065], [94.61767578125028, 24.744070053100586], [94.61238861084001, 24.733560562133846], [94.6121902465822, 24.732799530029354], [94.61134338378918, 24.729600906372184], [94.61084747314453, 24.72211265563965], [94.60721588134766, 24.71994972229004], [94.59937286376982, 24.715272903442496], [94.59098815917963, 24.71092987060547], [94.5845108032226, 24.714862823486328], [94.58650207519537, 24.72233963012718], [94.58580017089872, 24.73002815246582], [94.58165740966797, 24.73134040832514], [94.57760620117216, 24.730190277099723], [94.57456207275419, 24.7256183624267], [94.57344055175776, 24.72202110290533], [94.57537078857422, 24.71857070922863], [94.5755615234375, 24.717510223388672], [94.5765609741211, 24.71206092834484], [94.57061767578142, 24.71157073974615], [94.5673904418947, 24.71394920349121], [94.56247711181646, 24.718330383300724], [94.556655883789, 24.719190597534293], [94.55098724365251, 24.716539382934627], [94.54662322998053, 24.707460403442496], [94.5493927001956, 24.70217704772955], [94.55076599121094, 24.699569702148494], [94.5529403686524, 24.692779541015625], [94.55074310302729, 24.674919128418026], [94.5471496582033, 24.66646003723156], [94.54059600830107, 24.649011611938477], [94.53771972656261, 24.643760681152344], [94.53148651123041, 24.632390975952262], [94.52079772949213, 24.616790771484432], [94.5075302124024, 24.601549148559798], [94.50241851806646, 24.596359252929915], [94.4982376098634, 24.592790603637752], [94.48987579345732, 24.589160919189453], [94.48533630371094, 24.582241058349553], [94.47828674316406, 24.57905006408714], [94.47252655029325, 24.577939987182617], [94.4654922485351, 24.57555961608898], [94.4595489501956, 24.566761016845817], [94.45829772949236, 24.56291007995611], [94.45584106445318, 24.55532073974615], [94.4501571655274, 24.542730331420955], [94.44547271728516, 24.5314884185791], [94.44049072265653, 24.52042961120617], [94.43657684326178, 24.515949249267635], [94.43512725830107, 24.511079788208008], [94.43238830566412, 24.504240036010856], [94.42959594726591, 24.493339538574276], [94.42154693603521, 24.490510940551758], [94.42021942138678, 24.49041748046875], [94.4089813232423, 24.489631652831974], [94.40341949462896, 24.487779617309513], [94.40618133544922, 24.48158836364746], [94.41149902343778, 24.469650268554688], [94.40316009521501, 24.465030670166243], [94.4004516601562, 24.462070465087834], [94.40796661376959, 24.453790664672965], [94.40891265869146, 24.44412040710455], [94.40748596191435, 24.431221008300895], [94.40390777587908, 24.421140670776367], [94.39916992187517, 24.413141250610465], [94.39163970947294, 24.409690856933707], [94.39093780517595, 24.409509658813533], [94.3834075927735, 24.407579421997298], [94.37438964843756, 24.404760360717773], [94.3668060302735, 24.40455055236822], [94.36534118652372, 24.399679183960018], [94.36752319335943, 24.39831924438488], [94.37631988525396, 24.392829895019588], [94.38610839843778, 24.384620666503963], [94.38336944580084, 24.379409790039062], [94.37754821777372, 24.371059417724723], [94.36936187744135, 24.361909866333008], [94.35573577880865, 24.346481323242244], [94.3517532348634, 24.342010498046818], [94.34706878662126, 24.33942031860346], [94.34001159667986, 24.338962554931868], [94.33481597900419, 24.338621139526595], [94.32634735107428, 24.33894920349121], [94.32521820068365, 24.33416938781744], [94.32685852050798, 24.330640792846737], [94.32753753662121, 24.32300949096691], [94.32789611816412, 24.318990707397518], [94.32824707031256, 24.30607032775879], [94.32798767089844, 24.292430877685604], [94.32177734375006, 24.27594947814947], [94.31478881835966, 24.25975036621105], [94.31324768066435, 24.254079818725586], [94.30725860595709, 24.24864006042492], [94.30377960205095, 24.245481491088867], [94.29514312744169, 24.23985099792486], [94.2916107177735, 24.223079681396428], [94.29037475585966, 24.220008850097713], [94.2876586914063, 24.21327018737793], [94.28507232666016, 24.20261955261236], [94.28444671630888, 24.191619873047102], [94.28372955322266, 24.179880142212028], [94.27973937988298, 24.17593193054222], [94.27861022949236, 24.175615310669002], [94.26650238037121, 24.172241210937443], [94.26271820068388, 24.16774749755865], [94.26010894775408, 24.15575981140148], [94.25992584228533, 24.15466117858881], [94.25798797607422, 24.14294815063488], [94.25905609130871, 24.131650924682674], [94.25923156738287, 24.11981964111328], [94.25672149658209, 24.10664939880371], [94.25833892822294, 24.101591110229606], [94.26004791259794, 24.096240997314396], [94.25969696044922, 24.089559555053825], [94.25403594970709, 24.077682495117188], [94.25022125244146, 24.07047843933111], [94.2471771240235, 24.06256294250494], [94.24645233154303, 24.06290054321289], [94.23993682861334, 24.065950393676815], [94.23307037353521, 24.066900253296012], [94.23522186279308, 24.058660507202262], [94.2367706298831, 24.056678771972656], [94.24357604980474, 24.047950744628906], [94.24532318115246, 24.044242858886832], [94.23159790039074, 24.021480560302678], [94.22560119628923, 24.01412010192871], [94.22030639648443, 24.00602912902832], [94.21540069580107, 23.997461318969727], [94.21029663085938, 23.992361068725586], [94.20130157470732, 23.977968215942383], [94.19449615478533, 23.96500968933117], [94.19354248046892, 23.951200485229492], [94.19683074951178, 23.944040298461914], [94.19596862792997, 23.937721252441463], [94.19042205810575, 23.934061050414982], [94.18342590332048, 23.937110900878906], [94.18180084228521, 23.937820434570426], [94.17690277099604, 23.938840866089095], [94.17077636718778, 23.93509292602539], [94.16951751709001, 23.928689956665153], [94.16896057128906, 23.91150093078619], [94.16822814941412, 23.889139175415096], [94.16503906250028, 23.864860534668026], [94.16146087646479, 23.85277938842796], [94.15766906738298, 23.851947784423828], [94.15544891357428, 23.851459503173885], [94.14714813232416, 23.85611915588379], [94.14614868164074, 23.856092453002987], [94.13929748535185, 23.85589981079113], [94.13514709472656, 23.84607124328619], [94.12882995605497, 23.842779159546012], [94.1228713989259, 23.842731475830192], [94.1226425170899, 23.842729568481445], [94.11479187011719, 23.852451324463004], [94.11476135253923, 23.85316276550293], [94.11411285400419, 23.866630554199276], [94.11161041259771, 23.870880126953068], [94.10418701171886, 23.877170562744197], [94.10096740722685, 23.889022827148438], [94.09609222412126, 23.893571853637752], [94.09060668945318, 23.89450073242199], [94.08545684814459, 23.893180847168082], [94.07573699951178, 23.893060684204045], [94.06848144531256, 23.89562034606945], [94.06092834472685, 23.897302627563477], [94.05661010742205, 23.89760017395031], [94.05111694335943, 23.900430679321346], [94.04931640625, 23.907390594482536], [94.04691314697271, 23.913370132446346], [94.04322052001953, 23.91800117492687], [94.03794097900396, 23.92056083679205], [94.03410339355486, 23.92210960388195], [94.0277481079101, 23.92604255676281], [94.0214920043947, 23.93149185180664], [94.01769256591814, 23.93395042419445], [94.0133666992188, 23.934520721435547], [94.008041381836, 23.93320083618164], [94.0015258789063, 23.931159973144474], [93.99543762207037, 23.93153953552246], [93.9896316528322, 23.93202972412132], [93.98158264160185, 23.93325996398937], [93.9763870239259, 23.93526077270502], [93.96938323974604, 23.933940887451172], [93.9622421264649, 23.93714904785162], [93.96179199218767, 23.943389892578125], [93.95996856689459, 23.946920394897575], [93.95378112792986, 23.950199127197266], [93.94161987304693, 23.952791213989258], [93.93580627441435, 23.953371047973633], [93.9263763427735, 23.955410003662166], [93.92096710205095, 23.95677947998047], [93.91390228271484, 23.957450866699332], [93.9070205688476, 23.957139968872013], [93.9020767211914, 23.95561027526861], [93.8960800170899, 23.954828262329215], [93.89103698730486, 23.951780319213867], [93.88706207275396, 23.947469711303825], [93.88156127929693, 23.947139739990234], [93.8770217895509, 23.946880340576286], [93.87316894531256, 23.94391822814947], [93.86622619628923, 23.937919616699276], [93.84863281250028, 23.938079833984375], [93.83754730224638, 23.93208122253418], [93.82821655273466, 23.93140029907238], [93.8159866333009, 23.929828643799055], [93.8092880249024, 23.9326114654541], [93.80805969238298, 23.933120727539062], [93.80573272705072, 23.937370300293196], [93.80531311035185, 23.947219848632812], [93.80356597900396, 23.951110839843807], [93.80113983154325, 23.95555114746105], [93.7972183227539, 23.956649780273494], [93.79428863525385, 23.962820053100586], [93.79354858398438, 23.967510223388672], [93.78562164306646, 23.969440460205078], [93.77934265136724, 23.977870941162166], [93.773490905762, 23.982400894165096], [93.77027893066406, 23.990011215210075], [93.76658630371105, 23.99698066711437], [93.76222229003935, 24.00414085388195], [93.75694274902361, 24.009492874145565], [93.74661254882807, 24.008541107177734], [93.74439239501959, 24.001230239868164], [93.73995208740234, 23.999170303344727], [93.73280334472662, 24.001808166503963], [93.72677612304682, 24.003831863403434], [93.72020721435553, 24.005569458007812], [93.71272277832031, 24.005239486694393], [93.7061309814456, 24.006439208984432], [93.69699096679716, 24.00747108459484], [93.68647766113293, 24.009679794311637], [93.67752075195341, 24.01106834411621], [93.67444610595709, 24.008089065551758], [93.6675415039063, 24.005409240722656], [93.66281890869152, 24.004709243774414], [93.65880584716803, 24.007249832153377], [93.65497589111334, 24.00998115539545], [93.65244293212908, 24.013509750366154], [93.64495849609375, 24.014080047607422], [93.63532257080084, 24.01338005065918], [93.62766265869146, 24.015220642089957], [93.62065887451178, 24.014240264892578], [93.61630249023466, 24.010740280151424], [93.61666107177746, 24.00296974182129], [93.61959838867188, 24.000003814697322], [93.6200790405274, 23.999521255493164], [93.62075042724626, 23.995290756225643], [93.6209106445312, 23.991199493408203], [93.61593627929716, 23.981470108032454], [93.61225891113287, 23.977148056030273], [93.60929107666016, 23.973449707031364], [93.60614776611334, 23.97136878967308], [93.60346221923834, 23.96959114074707], [93.597152709961, 23.967260360718], [93.59263610839855, 23.967990875244197], [93.58386993408232, 23.968469619750977], [93.58049011230469, 23.97008514404297], [93.58006286621122, 23.970291137695312], [93.57714843750006, 23.97789001464838], [93.57244873046903, 23.98324012756359], [93.56884002685541, 23.98867034912132], [93.56353759765642, 23.989578247070312], [93.56124877929705, 23.985620498657227], [93.5572586059572, 23.979660034179688], [93.55751800537115, 23.97010040283203], [93.554931640625, 23.965219497680664], [93.54635620117188, 23.96326065063488], [93.5394668579101, 23.96327972412115], [93.53050231933588, 23.96077919006342], [93.52416992187528, 23.954730987548828], [93.51986694335955, 23.950496673584098], [93.51941680908232, 23.95005035400385], [93.51508331298845, 23.947168350219783], [93.5087127685548, 23.948900222778434], [93.50254058837896, 23.955780029296875], [93.49594879150419, 23.95716094970703], [93.48938751220709, 23.961509704589844], [93.48577117919928, 23.967580795288086], [93.47802734375028, 23.969490051269474], [93.47220611572266, 23.970680236816406], [93.46885681152372, 23.973939895629826], [93.46615600585943, 23.979190826416016], [93.46669769287115, 23.987592697143555], [93.46739196777344, 23.992019653320312], [93.46735382080107, 23.992828369140625], [93.46697998046903, 23.999309539795036], [93.46614074707037, 24.00024032592779], [93.46312713623058, 24.003589630126953], [93.45881652832048, 24.009660720825195], [93.45736694335943, 24.015068054199332], [93.4532623291015, 24.022850036621207], [93.4440307617188, 24.027759552001896], [93.44111633300781, 24.034719467163086], [93.43995666503923, 24.043569564819393], [93.43286895751953, 24.06166267395014], [93.42473602294928, 24.07171058654791], [93.42022705078153, 24.076049804687557], [93.41542816162115, 24.079219818115348], [93.41050720214872, 24.0816707611084], [93.40422058105497, 24.08429908752447], [93.39112854003923, 24.088220596313477], [93.3833618164063, 24.089321136474723], [93.37046051025419, 24.092229843139762], [93.36863708496094, 24.092559814453125], [93.36643218994169, 24.092969894409237], [93.36151885986322, 24.100202560425032], [93.35674285888666, 24.109069824218864], [93.35143280029314, 24.11241912841797], [93.34691619873053, 24.11296844482422], [93.34903717041021, 24.105100631713867], [93.35089874267578, 24.101568222045955], [93.35383605957043, 24.09768104553234], [93.34681701660185, 24.092269897460994], [93.34358215332026, 24.094360351562557], [93.33934020996105, 24.093200683593977], [93.33400726318388, 24.090129852294865], [93.33583068847656, 24.08537483215332], [93.33598327636736, 24.084970474243164], [93.33761596679699, 24.07892036437994], [93.33886718750017, 24.072320938110465], [93.34201049804699, 24.06743812561035], [93.33734893798845, 24.060939788818473], [93.33634948730469, 24.056699752807674], [93.33737182617193, 24.05340003967291], [93.31254577636736, 24.054130554199332], [93.2982482910158, 24.05158996582037], [93.2881927490235, 24.05154991149908], [93.28536987304716, 24.046520233154297], [93.2767791748048, 24.040210723876953], [93.27394866943388, 24.03392028808605], [93.25528717041016, 24.023790359497127], [93.25670623779303, 24.028810501098746], [93.25238037109403, 24.03383064270014], [93.26232910156244, 24.05772972106945], [93.26374053955084, 24.05774116516119], [93.26660919189459, 24.060260772705078], [93.26373291015625, 24.06778907775879], [93.26371765136736, 24.07282066345209], [93.24801635742216, 24.08533859252941], [93.24233245849626, 24.086570739746207], [93.23663330078142, 24.08403968811035], [93.22667694091797, 24.08653068542492], [93.22383880615251, 24.084011077880973], [93.22241973876964, 24.08148956298828], [93.22525024414068, 24.073961257934627], [93.22242736816435, 24.0676727294923], [93.22100067138689, 24.061370849609432], [93.21673583984403, 24.05006027221691], [93.19825744628906, 24.052499771118278], [93.19400787353544, 24.05627059936529], [93.17838287353544, 24.05409622192377], [93.17552185058622, 24.053699493408146], [93.16983795166016, 24.05495262145996], [93.16697692871094, 24.061218261718864], [93.16986846923845, 24.07127952575695], [93.16987609863298, 24.075061798095646], [93.1613159179688, 24.077560424804915], [93.15846252441412, 24.083818435668945], [93.14791107177734, 24.088090896606673], [93.14219665527361, 24.08678817749029], [93.1350860595706, 24.079210281372013], [93.13507843017607, 24.07291984558111], [93.12937164306669, 24.06408119201666], [93.12081909179688, 24.060260772705078], [93.11940765380865, 24.056472778320256], [93.11231231689459, 24.055191040039062], [93.11087799072294, 24.050149917602596], [93.1066284179688, 24.04886054992687], [93.10092163085949, 24.045089721679688], [93.0995101928711, 24.048839569091854], [93.10376739501959, 24.052629470825252], [93.10092926025419, 24.0563907623291], [93.10234069824236, 24.062692642211914], [93.10090637207037, 24.066450119018782], [93.10234832763689, 24.074010848999023], [93.09520721435575, 24.080280303955078], [93.08950805664091, 24.084051132202262], [93.08522796630865, 24.090351104736328], [93.07949066162115, 24.102970123291016], [93.07377624511724, 24.10049057006836], [93.06519317626959, 24.09427070617687], [93.0536880493164, 24.090690612793026], [93.03769683837908, 24.095180511474666], [93.03469848632818, 24.099241256713924], [93.03029632568365, 24.100830078125227], [93.02729797363293, 24.103639602661076], [93.0214920043947, 24.101451873779297], [93.01410675048834, 24.1045303344726], [93.00968170166021, 24.1099529266358], [93.00068664550798, 24.115192413330078], [92.99642181396513, 24.11672973632824], [92.98929595947271, 24.116331100463867], [92.98477935791044, 24.11482048034668], [92.97637939453153, 24.11482048034668], [92.97486877441435, 24.11701965332037], [92.97360229492205, 24.12388038635254], [92.97756195068354, 24.12639045715332], [92.986068725586, 24.12887954711914], [92.98941040039062, 24.13178062438965], [92.99286651611345, 24.140390396118278], [92.99092102050776, 24.146869659423885], [92.99112701416016, 24.15032958984375], [92.99308013916016, 24.1531791687014], [93.00067138671892, 24.156730651855526], [93.00544738769548, 24.160610198974666], [93.00550079345709, 24.163211822509766], [93.0033111572265, 24.174049377441463], [93.0109176635745, 24.182212829589844], [93.00309753417997, 24.194311141967887], [93.0030364990235, 24.19752120971674], [93.01236724853521, 24.197540283203182], [93.01661682128918, 24.200031280517578], [93.01799774169916, 24.207548141479492], [93.02229309082037, 24.210060119628906], [93.02368164062528, 24.21756935119629], [93.01940155029297, 24.225088119506836], [93.01940917968756, 24.228849411010685], [93.02658843994135, 24.23263168334961], [93.01803588867205, 24.23637008666998], [93.00670623779325, 24.253959655761776], [93.00673675537138, 24.26279067993164], [93.01391601562506, 24.271669387817326], [93.00821685791027, 24.2804794311524], [93.01107788085949, 24.288080215454045], [93.0182189941408, 24.293159484863395], [93.02391815185541, 24.300741195678825], [93.03523254394531, 24.318399429321232], [93.0433731079101, 24.343389511108626], [93.03176116943376, 24.344490051269474], [93.02156829833996, 24.346820831298942], [93.01933288574213, 24.358848571777344], [93.02011108398438, 24.365972518921012], [93.02208709716803, 24.37421989440918], [93.0170974731447, 24.37996101379406], [93.02435302734392, 24.390470504760742], [93.0004959106447, 24.40327072143566], [93.00644683837896, 24.411930084228516], [93.00889587402361, 24.40537071228033], [93.01599121093756, 24.40253067016613], [93.02921295166044, 24.40633964538597], [93.03916931152338, 24.411130905151424], [93.03932952880888, 24.417568206787166], [93.03215026855486, 24.428859710693473], [93.03674316406267, 24.443941116333008], [93.03790283203125, 24.461151123046932], [93.04825592041021, 24.463960647583008], [93.0485229492187, 24.475482940673828], [93.04572296142578, 24.481819152831974], [93.03576660156267, 24.4969482421875], [93.0443267822265, 24.50580024719261], [93.04001617431646, 24.510810852050724], [93.04141998291044, 24.514591217041016], [93.05282592773443, 24.519649505615348], [93.05282592773443, 24.524669647216797], [93.04846954345714, 24.530910491943473], [93.05130004882818, 24.537189483642692], [93.05268096923857, 24.544719696044922], [93.0612182617188, 24.554779052734602], [93.06553649902361, 24.54726982116705], [93.07269287109386, 24.56109046936041], [93.06111907958984, 24.574832916259766], [93.07122802734375, 24.576131820678825], [93.07845306396513, 24.57491111755371], [93.087142944336, 24.571180343628043], [93.09622955322283, 24.58022117614746], [93.09726715087896, 24.58254051208496], [93.104476928711, 24.58257293701172], [93.10697937011724, 24.58356094360346], [93.10675048828142, 24.583959579467887], [93.10444641113298, 24.587602615356502], [93.09866333007841, 24.591342926025504], [93.08854675292997, 24.59003067016613], [93.07981872558594, 24.592500686645508], [93.07541656494135, 24.59622955322277], [93.07538604736357, 24.600000381469783], [93.07678222656267, 24.60377120971691], [93.08676147460943, 24.611330032348746], [93.08673095703125, 24.613821029663086], [93.08233642578142, 24.61758041381836], [93.07942199707026, 24.621322631835994], [93.07935333251959, 24.62634086608881], [93.08220672607428, 24.627601623535156], [93.0893859863283, 24.627630233764762], [93.08930206298857, 24.63389015197754], [93.08484649658209, 24.64767074584961], [93.0862579345706, 24.65143966674816], [93.08912658691435, 24.652709960937443], [93.09628295898443, 24.652719497680778], [93.09626007080095, 24.656482696533203], [93.09765625000006, 24.659000396728572], [93.09763336181646, 24.662761688232422], [93.09903717041044, 24.666530609130803], [93.1033020019533, 24.671560287475586], [93.10470581054693, 24.675342559814453], [93.10469055175787, 24.679100036621094], [93.10182189941412, 24.680351257324332], [93.09754180908197, 24.677820205688533], [93.093246459961, 24.676549911499023], [93.09179687500028, 24.67781066894537], [93.09179687500028, 24.680320739746207], [93.09320068359392, 24.68408012390148], [93.09319305419939, 24.687852859497013], [93.09028625488276, 24.69286918640148], [93.084526062012, 24.69787025451683], [93.08306884765642, 24.701641082763615], [93.0802078247072, 24.704141616821346], [93.0758666992188, 24.710390090942383], [93.07869720459001, 24.714170455932674], [93.08878326416016, 24.709190368652344], [93.09303283691412, 24.715482711791992], [93.09443664550793, 24.720508575439396], [93.09298706054705, 24.72426033020031], [93.0944290161134, 24.72427940368658], [93.09729003906261, 24.728050231933537], [93.09725952148443, 24.73180961608881], [93.10441589355469, 24.73686981201172], [93.10724639892607, 24.741899490356445], [93.10579681396501, 24.74566078186035], [93.10292053222673, 24.74690055847168], [93.1029357910158, 24.743150711059684], [93.10150146484403, 24.74188041687023], [93.09864044189482, 24.744380950927734], [93.10147094726568, 24.74941062927246], [93.10003662109375, 24.75066947937023], [93.10002899169922, 24.754440307617188], [93.10427856445312, 24.763240814208928], [93.10566711425787, 24.769531250000057], [93.10280609130865, 24.77329063415533], [93.10132598876982, 24.77831077575695], [93.10706329345732, 24.783340454101676], [93.10562896728521, 24.78460121154785], [93.10558319091814, 24.788370132446232], [93.10845947265642, 24.79088020324707], [93.11270141601568, 24.802209854126204], [93.10978698730486, 24.809740066528263], [93.11122131347668, 24.812261581421012], [93.1197967529298, 24.81731033325201], [93.12267303466825, 24.819829940795955], [93.12269592285185, 24.814809799194336], [93.11984252929716, 24.811029434204215], [93.1212768554688, 24.808530807495117], [93.12700653076178, 24.808540344238224], [93.13134002685564, 24.806041717529354], [93.13706207275408, 24.81109046936035], [93.13994598388672, 24.804809570312557], [93.14285278320318, 24.80105972290039], [93.144287109375, 24.79980087280279], [93.1486129760745, 24.798561096191463], [93.15148162841825, 24.796051025390852], [93.15293121337896, 24.793539047241268], [93.15294647216803, 24.789779663085994], [93.157241821289, 24.79231071472168], [93.16153717041021, 24.797340393066406], [93.16581726074213, 24.798610687255916], [93.16867828369135, 24.80112838745123], [93.17442321777344, 24.803670883178825], [93.17587280273449, 24.797388076782227], [93.17729949951189, 24.79611968994152], [93.17875671386747, 24.796140670776367], [93.18017578125017, 24.798650741577205], [93.18017578125017, 24.802419662475586], [93.18158721923834, 24.80493927001953], [93.18589782714861, 24.804950714111385], [93.19020080566435, 24.806221008300895], [93.19307708740263, 24.806230545044002], [93.19449615478516, 24.808750152587947], [93.19735717773438, 24.811260223388786], [93.19877624511747, 24.815040588378906], [93.19590759277355, 24.816289901733512], [93.19159698486345, 24.8225612640382], [93.19300079345709, 24.826320648193473], [93.19728851318354, 24.833881378173828], [93.1929779052735, 24.833869934082145], [93.1929702758789, 24.83638191223156], [93.194389343262, 24.8376407623291], [93.19583129882812, 24.8376407623291], [93.19870758056646, 24.83638954162609], [93.20155334472656, 24.840171813964957], [93.2001266479495, 24.841430664062557], [93.19869995117193, 24.840160369873047], [93.19727325439482, 24.840160369873047], [93.1943817138673, 24.84391975402832], [93.19580078125017, 24.84644126892084], [93.20155334472656, 24.843940734863338], [93.20152282714861, 24.850219726562727], [93.19864654541016, 24.852729797363338], [93.19719696044928, 24.856491088867244], [93.20007324218756, 24.85775947570812], [93.20584106445341, 24.855260848999023], [93.20870208740263, 24.856531143188477], [93.21013641357422, 24.859041213989485], [93.21428680419922, 24.861949920654524], [93.2161865234375, 24.864690780639705], [93.21906280517595, 24.86972045898449], [93.22194671630876, 24.870992660522518], [93.22480773925798, 24.87478065490717], [93.22908782958996, 24.877300262451115], [93.22621917724615, 24.881069183349723], [93.22908782958996, 24.88484001159668], [93.23339080810564, 24.884849548339844], [93.23483276367216, 24.88989067077648], [93.2304916381836, 24.894901275634766], [93.23338317871111, 24.89491081237793], [93.23338317871111, 24.89869117736822], [93.23622131347656, 24.902450561523438], [93.2419509887697, 24.901220321655273], [93.24337768554693, 24.903741836547965], [93.24336242675787, 24.90750122070324], [93.24188995361357, 24.91127014160162], [93.23899078369146, 24.915029525757063], [93.24043273925798, 24.91628074645996], [93.24185943603521, 24.915040969848633], [93.25045776367199, 24.91506195068365], [93.2532577514649, 24.91883087158203], [93.25019836425787, 24.930080413818473], [93.24450683593756, 24.930080413818473], [93.24304962158232, 24.93132972717308], [93.24720001220709, 24.936340332031193], [93.2484970092774, 24.940099716186467], [93.24707794189447, 24.940099716186467], [93.241439819336, 24.937589645385856], [93.24003601074219, 24.93758010864252], [93.23998260498075, 24.9388427734375], [93.24131774902372, 24.941339492797795], [93.24407958984392, 24.94384002685547], [93.24693298339861, 24.943849563598633], [93.2498397827149, 24.94260025024414], [93.25411987304716, 24.942619323730412], [93.2511062622072, 24.94634819030773], [93.25092315673845, 24.950099945068416], [93.24938964843767, 24.95259284973139], [93.24923706054688, 24.955080032348576], [93.25354003906278, 24.95508956909191], [93.25950622558611, 24.95136070251459], [93.2624130249024, 24.951370239257926], [93.26082611083984, 24.95387077331543], [93.26058959960966, 24.958871841430778], [93.26332855224626, 24.963880538940487], [93.26323699951183, 24.966379165649414], [93.25871276855463, 24.9726505279541], [93.25290679931646, 24.972629547119254], [93.25287628173834, 24.9751491546632], [93.25432586669916, 24.978919982910156], [93.25152587890625, 24.98142051696783], [93.25302124023455, 24.98266029357916], [93.2532577514649, 24.986370086670036], [93.25202178955107, 24.988809585571403], [93.25525665283232, 24.992401123046818], [93.25695800781278, 24.99602127075201], [93.2570571899414, 24.998470306396484], [93.25562286376982, 24.999710083007812], [93.25567626953125, 25.00220108032238], [93.25711059570318, 25.000940322876033], [93.26143646240251, 25.000921249389762], [93.26332092285173, 25.004238128662337], [93.26245117187506, 25.00602912902832], [93.25990295410173, 25.006450653076172], [93.25800323486345, 25.004209518432617], [93.25768280029303, 25.003501892089844], [93.25710296630865, 25.003190994262695], [93.25646209716814, 25.003110885620117], [93.25580596923857, 25.003259658813533], [93.25533294677751, 25.003641128540096], [93.2552108764649, 25.004209518432617], [93.2534790039063, 25.006370544433594], [93.25181579589872, 25.00418090820324], [93.25121307373058, 25.003480911254996], [93.25064086914074, 25.00316047668457], [93.25, 25.00295066833519], [93.24935913085932, 25.002872467041016], [93.24868774414068, 25.00290107727062], [93.2480773925783, 25.003030776977596], [93.24746704101562, 25.00328063964838], [93.2469482421875, 25.00363159179699], [93.24669647216791, 25.004167556762752], [93.24916076660185, 25.01316070556652], [93.25171661376953, 25.016019821166935], [93.24884033203142, 25.018800735473633], [93.25382995605474, 25.021350860595703], [93.25778961181658, 25.021741867065373], [93.25836944580095, 25.025199890136832], [93.25560760498058, 25.028680801391715], [93.25984954833979, 25.032070159912166], [93.26380920410168, 25.03592109680187], [93.26391601562517, 25.03890991210949], [93.2629165649414, 25.041839599609375], [93.26835632324224, 25.044090270996037], [93.26946258544928, 25.04659080505371], [93.26779937744146, 25.048809051513672], [93.26818084716803, 25.049680709839095], [93.28449249267595, 25.051549911499023], [93.28687286376959, 25.046800613403434], [93.29189300537104, 25.047090530395565], [93.2969818115235, 25.04767036437994], [93.29933929443354, 25.050460815429688], [93.30008697509794, 25.052600860595703], [93.30240631103516, 25.05194091796875], [93.30245971679693, 25.048189163208008], [93.30459594726568, 25.047992706298942], [93.304252624512, 25.056030273437727], [93.30892944335955, 25.058521270751953], [93.30607604980469, 25.064420700073356], [93.30879211425787, 25.070592880249023], [93.310791015625, 25.07262992858898], [93.31272125244158, 25.077959060668945], [93.32234191894537, 25.088380813598746], [93.32363128662115, 25.091670989990348], [93.32950592041033, 25.09449958801264], [93.33577728271484, 25.095840454101562], [93.33917236328153, 25.106409072876033], [93.34046173095709, 25.114419937133846], [93.34435272216791, 25.116149902343864], [93.3443603515625, 25.121330261230582], [93.34644317626947, 25.125089645385856], [93.34921264648443, 25.125408172607536], [93.34704589843767, 25.127460479736555], [93.34607696533203, 25.129869461059627], [93.34889984130888, 25.134790420532227], [93.34686279296892, 25.13770103454584], [93.35101318359403, 25.144540786743164], [93.34855651855469, 25.15349006652832], [93.3488388061524, 25.15717124938965], [93.34735870361357, 25.163890838623274], [93.3491516113283, 25.166730880737305], [93.3530731201173, 25.1818008422851], [93.3608169555664, 25.19195938110363], [93.36222076416027, 25.195608139038143], [93.36853790283232, 25.200050354003963], [93.3705673217774, 25.203590393066406], [93.36958312988298, 25.208061218261776], [93.37808990478544, 25.216100692748967], [93.37950134277361, 25.220790863037223], [93.38198852539062, 25.223869323730696], [93.38479614257812, 25.225730895996094], [93.38551330566435, 25.22855758666998], [93.3876266479495, 25.232040405273438], [93.38710021972673, 25.242391586303825], [93.38871765136724, 25.245920181274528], [93.3945922851563, 25.250299453735465], [93.40357208251959, 25.263071060180778], [93.40634155273432, 25.264080047607536], [93.41205596923822, 25.263450622558537], [93.42070770263672, 25.266260147094954], [93.42330932617182, 25.27216148376459], [93.42331695556635, 25.277910232544002], [93.42642974853516, 25.28106117248535], [93.43863677978516, 25.286550521850643], [93.44481658935558, 25.292310714721737], [93.45197296142595, 25.294748306274528], [93.4599685668947, 25.294731140136662], [93.46559143066412, 25.299051284790096], [93.47402191162138, 25.309280395507812], [93.47513580322277, 25.299680709838867], [93.4746322631836, 25.292419433593864], [93.47258758544922, 25.28544044494629], [93.47675323486345, 25.279039382934798], [93.48338317871122, 25.27663993835455], [93.48754119873058, 25.2759304046632], [93.49489593505876, 25.278720855712947], [93.50437927246088, 25.275770187378043], [93.51078796386724, 25.27560806274414], [93.50417327880888, 25.25338172912592], [93.505142211914, 25.24413108825678], [93.5084304809572, 25.243709564208928], [93.51642608642595, 25.244770050048885], [93.5206069946289, 25.248781204223746], [93.5293579101562, 25.248359680175895], [93.54120635986328, 25.245380401611442], [93.54717254638678, 25.248491287231445], [93.55471038818388, 25.250528335571232], [93.5631332397461, 25.246589660644588], [93.57009887695318, 25.23560905456543], [93.57076263427734, 25.232450485229606], [93.57485198974615, 25.227550506591797], [93.57820129394531, 25.225690841674805], [93.58164978027361, 25.226009368896484], [93.5858459472658, 25.222311019897518], [93.5880584716798, 25.222169876098633], [93.59028625488287, 25.219949722290153], [93.59197998046892, 25.213909149170036], [93.59484100341814, 25.21113014221197], [93.59285736084013, 25.206670761108455], [93.59303283691435, 25.20391273498541], [93.59709930419939, 25.204299926757926], [93.60103607177763, 25.202392578125114], [93.60428619384794, 25.204320907592773], [93.6080169677735, 25.20205116271984], [93.6125793457033, 25.20619010925293], [93.62114715576189, 25.224912643432617], [93.62890625000028, 25.23574829101574], [93.63186645507818, 25.242919921875057], [93.63809204101562, 25.250398635864258], [93.64311981201178, 25.260011672973746], [93.64354705810553, 25.265882492065373], [93.64990997314447, 25.269119262695426], [93.65136718750006, 25.27366065979004], [93.65161895751947, 25.279020309448356], [93.66561126708984, 25.2984294891358], [93.6647491455081, 25.30424118041998], [93.6660919189456, 25.30828094482422], [93.67294311523466, 25.311510086059684], [93.67395782470703, 25.31728172302269], [93.67207336425798, 25.32871055603033], [93.68392181396484, 25.329629898071403], [93.68712615966814, 25.331211090088004], [93.69145202636747, 25.34741973876953], [93.69277954101591, 25.361589431762695], [93.69998168945318, 25.359422683715763], [93.71158599853521, 25.358089447021598], [93.71804046630876, 25.361600875854606], [93.71897888183611, 25.37035942077648], [93.72310638427763, 25.375581741333065], [93.73100280761736, 25.380371093749943], [93.73979187011736, 25.384418487548942], [93.74131774902361, 25.389440536499137], [93.74006652832043, 25.395179748535213], [93.74198913574247, 25.399919509887695], [93.74666595459001, 25.40571022033697], [93.76033782958979, 25.41411972045904], [93.76441955566412, 25.418130874633903], [93.7810668945313, 25.424711227417106], [93.78053283691435, 25.429500579833984], [93.78447723388678, 25.431938171386776], [93.78810882568365, 25.435880661010742], [93.79020690917974, 25.443380355835018], [93.79374694824236, 25.448659896850586], [93.7983627319336, 25.453931808471623], [93.8024291992188, 25.460409164428825], [93.80522918701172, 25.463420867919865], [93.80899810791016, 25.46558952331543], [93.8138885498048, 25.48472976684576], [93.80760955810575, 25.495559692382756], [93.80404663085955, 25.499029159545955], [93.79724884033209, 25.504381179809513], [93.78846740722662, 25.50649070739769], [93.77339172363287, 25.49784088134777], [93.76934814453142, 25.49677276611328], [93.76579284667974, 25.499900817871207], [93.76428985595714, 25.51548194885254], [93.76931762695312, 25.517709732055778], [93.76818084716797, 25.525291442871207], [93.7689514160158, 25.530710220336857], [93.77097320556652, 25.536020278930778], [93.77063751220697, 25.540279388427848], [93.77182006835955, 25.540809631347656], [93.77948760986334, 25.538049697876033], [93.80784606933594, 25.544519424438533], [93.81594085693365, 25.545448303222884], [93.81971740722673, 25.54438972473156], [93.82334899902344, 25.54816246032709], [93.82504272460955, 25.55599975585949], [93.8332595825197, 25.55642127990734], [93.83347320556646, 25.56137275695812], [93.83648681640642, 25.563060760498047], [93.84420776367199, 25.561691284179744], [93.85231781005876, 25.55864906311041], [93.86223602294939, 25.55752944946289], [93.8783721923831, 25.561981201171875], [93.89196014404297, 25.568420410156193], [93.90023803710943, 25.568729400634766], [93.9048461914063, 25.5674285888673], [93.91089630126953, 25.56752967834467], [93.91709136962919, 25.566720962524528], [93.91932678222662, 25.564029693603572], [93.93012237548845, 25.56538963317871], [93.94351959228521, 25.563432693481673], [93.95738983154297, 25.556751251220703], [93.9652175903322, 25.556577682495117], [93.97264862060547, 25.561180114746037], [93.97785186767584, 25.566160202026367], [93.98046875, 25.571252822876204], [94.00061035156261, 25.573881149292106], [94.00744628906256, 25.569850921630803], [94.01042175292986, 25.571311950683594], [94.01159667968767, 25.57274818420416], [94.0122833251956, 25.5752983093264], [94.01175689697283, 25.57909011840826], [94.00782775878912, 25.587528228759822], [94.0076522827149, 25.590940475463867], [94.01039886474604, 25.595399856567383], [94.01473236083996, 25.59613037109375], [94.02551269531267, 25.5933895111084], [94.02726745605474, 25.587989807129134], [94.0334091186524, 25.584701538085938], [94.034896850586, 25.581489562988338], [94.03791809082048, 25.581928253173828], [94.03916168212919, 25.58303070068382], [94.03900909423822, 25.579860687255916], [94.04361724853533, 25.577480316162053], [94.04599761962896, 25.580949783325252], [94.05412292480486, 25.576759338378963], [94.06469726562511, 25.56637001037592], [94.0694198608399, 25.558980941772575], [94.08003997802751, 25.561599731445312], [94.08595275878923, 25.559730529785213], [94.09496307373053, 25.546440124511832], [94.09619903564482, 25.54171943664562], [94.09252166748053, 25.537969589233626], [94.09210968017584, 25.532730102539176], [94.10607910156256, 25.52890014648449], [94.12850952148455, 25.52588081359869], [94.13873291015653, 25.52370071411127], [94.14523315429716, 25.527639389038143], [94.14820098876959, 25.531690597534237], [94.151840209961, 25.541851043701172], [94.15287780761713, 25.54784011840843], [94.1601104736331, 25.55525016784668], [94.1635284423831, 25.549921035766715], [94.16790771484403, 25.547010421752873], [94.17954254150419, 25.550189971923942], [94.18276977539074, 25.55325126647955], [94.19184875488281, 25.55095100402832], [94.19486999511736, 25.55242919921875], [94.19390869140642, 25.5421981811524], [94.19013977050787, 25.534629821777457], [94.19072723388678, 25.530780792236328], [94.1992492675783, 25.522769927978516], [94.20688629150408, 25.513950347900504], [94.20690155029314, 25.511640548706282], [94.21292877197294, 25.50817108154297], [94.21280670166033, 25.50282096862793], [94.21485137939482, 25.500240325927678], [94.2198562622072, 25.499629974365348], [94.22297668457037, 25.49677276611328], [94.22914123535185, 25.496009826660156], [94.23174285888678, 25.498310089111442], [94.25205993652338, 25.49907112121582], [94.25726318359392, 25.503419876098746], [94.26693725585932, 25.502439498901367], [94.27414703369169, 25.502990722656364], [94.27986907959013, 25.505451202392578], [94.28674316406278, 25.511699676513672], [94.29074096679716, 25.509519577026424], [94.29899597167969, 25.50070953369135], [94.3026428222658, 25.494632720947322], [94.30898284912115, 25.49380111694336], [94.31353759765625, 25.49447059631342], [94.32068634033232, 25.499280929565543], [94.32901000976568, 25.50835037231468], [94.36466979980474, 25.5214900970459], [94.38854217529303, 25.536569595337028], [94.40448760986345, 25.540899276733512], [94.41089630126982, 25.543518066406307], [94.41680908203153, 25.541940689087028], [94.42027282714872, 25.542650222778377], [94.425590515137, 25.55291938781744], [94.42639160156244, 25.561450958252067], [94.42510223388689, 25.572999954223746], [94.422378540039, 25.57599067687994], [94.42565917968767, 25.581470489502067], [94.43002319335938, 25.592721939086914], [94.43773651123053, 25.59585952758789], [94.44428253173857, 25.596010208129883], [94.44782257080084, 25.598041534423942], [94.44927215576166, 25.601089477539062], [94.47403717041044, 25.621641159057617], [94.49118041992199, 25.61979866027832], [94.4911117553711, 25.618650436401595], [94.49341583251959, 25.614330291748047], [94.4992980957033, 25.616502761840934], [94.4999389648438, 25.61881828308111], [94.50183105468756, 25.620021820068303], [94.50537109375, 25.616992950439453], [94.50779724121122, 25.618949890136832], [94.50866699218756, 25.62689971923851], [94.51090240478516, 25.629909515380973], [94.51451110839838, 25.630491256713924], [94.52419281005888, 25.6434326171875], [94.52818298339855, 25.644290924072266], [94.53066253662121, 25.642589569091797], [94.53154754638672, 25.65012931823736], [94.53954315185564, 25.651081085205192], [94.5447387695313, 25.657541275024357], [94.55178070068365, 25.66246032714838], [94.55222320556652, 25.667411804199162], [94.56507873535173, 25.680820465088004], [94.56799316406256, 25.69222068786621], [94.57301330566418, 25.69765090942377], [94.57861328125, 25.695999145507926], [94.58297729492182, 25.69320106506359], [94.58705139160156, 25.691890716552848], [94.59561920166033, 25.69128036499029], [94.59694671630876, 25.686910629272518], [94.58996582031256, 25.681249618530387], [94.58812713623041, 25.677270889282283], [94.58532714843767, 25.67485046386713], [94.58737182617182, 25.671800613403434], [94.58558654785162, 25.67000961303711], [94.58344268798834, 25.66522026062023], [94.58522033691418, 25.66177940368658], [94.58204650878906, 25.660610198974723], [94.58135223388678, 25.65739250183111], [94.57678985595709, 25.65283012390148], [94.57723236084013, 25.648330688476676]]]}}, {"type": "Feature", "properties": {"ID_0": 105, "ISO": "IND", "NAME_0": "India", "ID_1": 23, "NAME_1": "Meghalaya", "NL_NAME_1": null, "VARNAME_1": null, "TYPE_1": "State", "ENGTYPE_1": "State"}, "geometry": {"type": "Polygon", "coordinates": [[[91.85383605957037, 26.10478973388672], [91.86470031738287, 26.10034751892084], [91.87578582763678, 26.09773063659668], [91.87523651123053, 26.084560394287337], [91.86934661865246, 26.056859970092717], [91.87016296386713, 26.052190780639876], [91.88323211669928, 26.03000068664562], [91.89195251464861, 26.029552459716797], [91.90091705322283, 26.026269912719727], [91.90746307373053, 26.027111053466797], [91.91165161132818, 26.02383041381836], [91.91696929931646, 26.021461486816406], [91.91684722900419, 26.01375961303711], [91.91565704345709, 26.01032829284668], [91.91871643066412, 26.007240295410213], [91.91953277587919, 26.001590728759993], [91.91957092285156, 26.00012969970703], [91.92209625244158, 25.999530792236442], [91.92582702636747, 25.999740600585938], [91.92681121826166, 26.001609802246094], [91.93396759033209, 26.014669418335075], [91.94129180908232, 26.01400184631359], [91.9463195800783, 26.01449966430664], [91.9524230957033, 26.017812728881836], [91.95781707763678, 26.01889038085949], [91.97817230224626, 26.02585029602045], [91.9842300415039, 26.030540466308707], [91.98739624023443, 26.038721084594783], [91.99106597900419, 26.041032791137923], [91.99765014648443, 26.038841247558594], [92.00044250488281, 26.03918075561529], [92.0033798217774, 26.03803062438965], [92.00817871093756, 26.039449691772575], [92.01761627197266, 26.039590835571232], [92.02218627929688, 26.03926086425804], [92.02387237548857, 26.038431167602653], [92.0278930664062, 26.039899826049805], [92.03475189209013, 26.039688110351676], [92.03610229492182, 26.03940010070795], [92.0396118164063, 26.03622055053711], [92.05018615722685, 26.03304100036621], [92.05285644531278, 26.03283119201683], [92.06321716308611, 26.034717559814453], [92.07045745849626, 26.03784942626953], [92.07363128662138, 26.040279388427734], [92.07882690429682, 26.041780471801815], [92.08113098144531, 26.043621063232536], [92.09336090087908, 26.048521041870117], [92.10888671875006, 26.04971122741722], [92.11622619628906, 26.046552658080998], [92.12338256835943, 26.044889450073242], [92.1270217895509, 26.045900344848633], [92.1331176757813, 26.04589080810547], [92.13816833496111, 26.0528182983399], [92.14377593994146, 26.057640075683707], [92.1462173461914, 26.05855941772461], [92.14898681640653, 26.06163024902355], [92.15052032470732, 26.064899444580135], [92.15467834472668, 26.068059921264762], [92.16909027099626, 26.07759094238287], [92.1783065795899, 26.079509735107365], [92.18094635009771, 26.07617950439453], [92.17888641357428, 26.069210052490178], [92.18044281005888, 26.068500518798828], [92.18232727050787, 26.070341110229606], [92.18460083007818, 26.06918907165533], [92.18834686279314, 26.068870544433707], [92.18936920166021, 26.06688117980957], [92.20182037353544, 26.070020675659123], [92.20826721191412, 26.068569183349666], [92.20934295654314, 26.06918907165533], [92.20880889892584, 26.07065963745123], [92.21042633056635, 26.07110023498535], [92.21201324462908, 26.070970535278548], [92.2135620117188, 26.06967926025385], [92.21611022949247, 26.06929969787609], [92.21835327148443, 26.070150375366325], [92.22834014892607, 26.067640304565657], [92.24117279052751, 26.06254005432129], [92.25145721435547, 26.064361572265625], [92.26568603515636, 26.065399169922102], [92.26864624023455, 26.067949295044002], [92.27231597900396, 26.066600799560547], [92.27372741699247, 26.065891265869197], [92.27368927001959, 26.065019607543945], [92.28073120117193, 26.06918907165533], [92.28806304931635, 26.06999015808117], [92.29014587402372, 26.072799682617188], [92.29004669189459, 26.07378959655773], [92.29392242431652, 26.077791213989258], [92.2959823608399, 26.0788898468017], [92.29731750488287, 26.079149246215877], [92.29966735839872, 26.076730728149528], [92.30158233642607, 26.076490402221623], [92.2557220458985, 26.028932571411133], [92.22141265869146, 26.002250671386776], [92.22168731689447, 25.998601913452205], [92.2191925048831, 26.000780105591048], [92.21520233154291, 25.996271133422965], [92.21100616455072, 25.994659423828182], [92.2077178955081, 25.991741180420036], [92.20912170410173, 25.989669799804915], [92.20738983154297, 25.988231658935604], [92.20089721679682, 25.985609054565487], [92.19161987304693, 25.985202789306697], [92.18097686767584, 25.975231170654297], [92.1769409179688, 25.973100662231502], [92.17311096191406, 25.97219848632824], [92.16739654541021, 25.96769905090332], [92.16555023193371, 25.964439392089844], [92.16732788085932, 25.958761215210075], [92.16532897949224, 25.95395088195795], [92.16075897216803, 25.95152091979992], [92.15631866455095, 25.944799423218], [92.15609741210955, 25.943000793457145], [92.15751647949224, 25.939279556274414], [92.16142272949219, 25.93254089355463], [92.16017150878912, 25.925960540771428], [92.15992736816423, 25.915189743041992], [92.16369628906244, 25.911790847778263], [92.17431640625006, 25.909189224243164], [92.18089294433611, 25.908590316772518], [92.18315124511713, 25.910919189453182], [92.18364715576178, 25.912830352783203], [92.18672180175793, 25.915809631347656], [92.19203948974615, 25.915782928466854], [92.19718170166021, 25.918029785156364], [92.197006225586, 25.91366004943859], [92.19773101806646, 25.911251068115348], [92.20059967041021, 25.908241271972713], [92.20513916015642, 25.908710479736555], [92.20752716064482, 25.910530090332088], [92.21752929687517, 25.909919738769588], [92.22260284423857, 25.911319732666016], [92.22380065917969, 25.910360336303654], [92.22547912597685, 25.907049179077205], [92.2250366210938, 25.90162086486822], [92.22384643554688, 25.900688171386662], [92.21823120117216, 25.900199890136776], [92.2156066894533, 25.89384078979498], [92.21286010742199, 25.892129898071403], [92.20641326904325, 25.89145278930664], [92.20332336425793, 25.89009094238287], [92.19496154785185, 25.88126945495611], [92.1869430541995, 25.87481117248535], [92.18103790283232, 25.871620178222713], [92.1798858642581, 25.870172500610465], [92.17910003662121, 25.867910385131893], [92.18078613281256, 25.8632106781007], [92.18096160888678, 25.851360321045036], [92.1783065795899, 25.84807968139654], [92.17524719238287, 25.846542358398438], [92.17144012451178, 25.837730407714957], [92.16934204101568, 25.835340499877987], [92.16551971435553, 25.833040237426758], [92.16326141357433, 25.82575035095215], [92.16308593750028, 25.821830749511946], [92.15573883056658, 25.816591262817496], [92.15310668945318, 25.8127498626709], [92.15368652343756, 25.79549026489252], [92.15116882324236, 25.7874507904055], [92.15099334716803, 25.783649444580192], [92.1547927856447, 25.779779434204215], [92.15518188476562, 25.77864265441906], [92.15421295166033, 25.77672958374029], [92.15410614013683, 25.77292060852062], [92.1559677124024, 25.764541625976562], [92.15738677978544, 25.761970520019645], [92.15824127197271, 25.757198333740234], [92.16484069824213, 25.744750976562557], [92.16552734375006, 25.734449386596737], [92.16423034667997, 25.728731155395508], [92.16092681884771, 25.726259231567383], [92.15629577636736, 25.724811553955135], [92.15371704101568, 25.722700119018555], [92.15101623535162, 25.719369888305664], [92.14956665039091, 25.71450805664074], [92.15106201171886, 25.71183013916027], [92.15585327148466, 25.709142684936467], [92.15757751464872, 25.701038360595817], [92.16104888916016, 25.697290420532227], [92.16145324707048, 25.695980072021484], [92.16044616699247, 25.690902709960938], [92.16435241699224, 25.68485069274908], [92.16546630859392, 25.678409576416016], [92.16050720214861, 25.673290252685547], [92.16069793701189, 25.671859741210938], [92.16445922851557, 25.669319152831974], [92.16976165771513, 25.666400909423828], [92.17095184326166, 25.666879653930778], [92.17495727539057, 25.6702175140382], [92.1847763061524, 25.68114089965826], [92.18791961669916, 25.68343162536621], [92.19198608398455, 25.68632125854498], [92.19407653808611, 25.686119079589787], [92.1969299316408, 25.686950683593807], [92.19831085205084, 25.686359405517692], [92.20008850097685, 25.68728828430187], [92.20156097412115, 25.689720153808707], [92.21063995361328, 25.695920944213924], [92.224906921387, 25.7139701843264], [92.22899627685547, 25.716209411621207], [92.2326278686524, 25.715110778808537], [92.23384857177763, 25.71006965637207], [92.23475646972662, 25.708820343017805], [92.23684692382818, 25.708391189575423], [92.24804687500017, 25.710960388183594], [92.25357818603533, 25.71012115478527], [92.25570678710943, 25.710729598999023], [92.26084899902344, 25.71034049987793], [92.27052307128906, 25.710931777954215], [92.28460693359403, 25.715860366821403], [92.28797912597662, 25.715900421142635], [92.29358673095697, 25.71730041503929], [92.30610656738287, 25.723131179809684], [92.30825805664091, 25.726150512695426], [92.31150054931669, 25.726079940796012], [92.3139266967774, 25.72468185424816], [92.31768035888689, 25.723791122436637], [92.33354187011724, 25.725231170654354], [92.33901214599626, 25.72685050964367], [92.34805297851568, 25.731931686401424], [92.35179901123064, 25.734870910644588], [92.36299896240263, 25.73651123046875], [92.36830902099621, 25.740440368652457], [92.36753845214855, 25.742380142212028], [92.3714675903322, 25.746469497680664], [92.38510131835966, 25.75356292724615], [92.386947631836, 25.75249099731468], [92.38433837890653, 25.750329971313533], [92.38353729248053, 25.7474308013916], [92.38495635986322, 25.744750976562557], [92.38696289062506, 25.743110656738395], [92.39212799072271, 25.742599487304688], [92.39476776123053, 25.74147987365717], [92.40479278564447, 25.74369049072277], [92.41073608398455, 25.743129730224666], [92.41639709472685, 25.740499496460018], [92.41246795654314, 25.737390518188533], [92.41326141357428, 25.73396110534668], [92.4127731323245, 25.73298072814947], [92.41697692871122, 25.729681015014705], [92.42134857177763, 25.729450225830192], [92.43200683593761, 25.731960296630973], [92.43316650390653, 25.731452941894645], [92.44201660156267, 25.720859527587947], [92.43644714355463, 25.715600967407227], [92.42962646484392, 25.71326828002941], [92.42722320556646, 25.7104110717774], [92.4315261840822, 25.704250335693416], [92.43334197998058, 25.695230484009016], [92.43213653564459, 25.691009521484432], [92.43434143066435, 25.687530517578182], [92.44046783447266, 25.688129425048828], [92.44001007080084, 25.68922042846691], [92.44303894042974, 25.687652587890625], [92.45128631591825, 25.68661117553711], [92.45524597167974, 25.684230804443416], [92.45987701416044, 25.68297004699707], [92.46544647216791, 25.68246078491211], [92.47154998779291, 25.67494964599615], [92.47466278076172, 25.673311233520565], [92.48134613037115, 25.663892745971793], [92.48828887939482, 25.64999008178711], [92.49326324462919, 25.636131286621037], [92.49790191650408, 25.626960754394645], [92.50170898437517, 25.62293052673334], [92.51055145263678, 25.617200851440373], [92.51727294921886, 25.62008285522461], [92.53324890136724, 25.61594963073736], [92.5404357910158, 25.61777114868164], [92.54453277587896, 25.61425018310547], [92.55323791503923, 25.613840103149528], [92.55761718750017, 25.611988067627067], [92.55861663818365, 25.60895156860346], [92.55618286132824, 25.60587120056175], [92.55724334716814, 25.596210479736328], [92.55632019042974, 25.59280014038086], [92.56092834472662, 25.582731246948242], [92.56095886230497, 25.574251174926758], [92.56468200683611, 25.56825828552246], [92.56954193115263, 25.56446075439453], [92.57250213623064, 25.56042098999046], [92.57610321044939, 25.559650421142635], [92.58141326904291, 25.559772491455078], [92.5874786376956, 25.552988052368278], [92.59346771240251, 25.553930282592773], [92.60259246826172, 25.55738067626953], [92.60349273681669, 25.56108283996582], [92.60871124267595, 25.565731048583984], [92.61248779296903, 25.56550025939947], [92.62110137939453, 25.56830978393566], [92.62610626220703, 25.568029403686523], [92.62886810302763, 25.569490432739258], [92.63056945800793, 25.57066917419428], [92.63323211669933, 25.574790954589844], [92.63414764404303, 25.578880310058707], [92.64063262939459, 25.58736991882347], [92.64833831787138, 25.59235000610363], [92.65119171142607, 25.592729568481445], [92.65345764160168, 25.592180252075195], [92.65760803222662, 25.589061737060604], [92.66047668457037, 25.585060119628906], [92.6607208251956, 25.58184051513672], [92.66065216064459, 25.5703182220459], [92.6573562622072, 25.563381195068303], [92.64987945556635, 25.56001091003418], [92.64496612548845, 25.546600341797102], [92.64469909667997, 25.537441253662053], [92.63762664794933, 25.528528213501204], [92.62760925292986, 25.52221107482916], [92.62162780761747, 25.515750885009766], [92.60959625244169, 25.51260948181158], [92.60559082031278, 25.50811958313011], [92.5935821533206, 25.50308036804205], [92.58950042724615, 25.499519348144645], [92.58104705810547, 25.495159149169922], [92.57559204101568, 25.49043083190918], [92.56783294677763, 25.480770111084098], [92.5665512084961, 25.475120544433707], [92.56741333007818, 25.46747016906744], [92.56912994384771, 25.464790344238338], [92.57147979736357, 25.46407127380371], [92.58229064941412, 25.472890853881836], [92.58544158935564, 25.467580795288313], [92.59369659423834, 25.471010208129826], [92.59815979003935, 25.471651077270508], [92.6013870239259, 25.46413993835455], [92.59976959228533, 25.457050323486555], [92.60018920898443, 25.45387268066412], [92.60114288330084, 25.45239067077648], [92.60450744628906, 25.45019149780279], [92.6055526733399, 25.448360443115178], [92.60529327392595, 25.441911697387752], [92.60775756835955, 25.43035125732422], [92.6069717407226, 25.427181243896428], [92.60700988769548, 25.418539047241268], [92.60909271240251, 25.41657066345215], [92.61183929443365, 25.41612052917492], [92.61477661132841, 25.41743087768566], [92.61788940429705, 25.422021865844727], [92.62063598632818, 25.423719406128157], [92.628646850586, 25.42502975463873], [92.62931060791033, 25.426990509033146], [92.62851715087885, 25.430610656738338], [92.62930297851562, 25.434640884399414], [92.63265991210949, 25.433141708373967], [92.63791656494158, 25.428819656372184], [92.63791656494158, 25.422660827636832], [92.63922882080095, 25.420370101928654], [92.63961029052751, 25.41963005065918], [92.64163208007824, 25.419532775878906], [92.65054321289068, 25.431669235229492], [92.65428161621094, 25.435340881347656], [92.65365600585966, 25.42394065856945], [92.65688323974621, 25.415700912475813], [92.66010284423834, 25.41036033630394], [92.66368865966803, 25.40937042236328], [92.66703796386747, 25.414079666137923], [92.67093658447271, 25.416719436645508], [92.67376708984392, 25.41714096069336], [92.68004608154314, 25.408580780029354], [92.68817138671886, 25.404420852661246], [92.69351959228544, 25.399990081787166], [92.70037841796886, 25.387790679931697], [92.70292663574219, 25.386619567871207], [92.70973205566435, 25.386119842529354], [92.71289825439459, 25.384540557861385], [92.71636199951178, 25.379341125488338], [92.7181015014649, 25.374982833862248], [92.7205657958985, 25.374902725219727], [92.7213668823245, 25.375490188598633], [92.72543334960938, 25.380430221557674], [92.73480987548845, 25.38249969482422], [92.73705291748041, 25.381250381469783], [92.7361068725586, 25.373809814453182], [92.74059295654303, 25.366781234741154], [92.74009704589838, 25.364641189575195], [92.74060821533209, 25.363729476928654], [92.74566650390642, 25.361139297485295], [92.74823760986334, 25.358110427856445], [92.75009918212896, 25.35437965393089], [92.7511596679687, 25.348470687866154], [92.75875854492216, 25.339860916137752], [92.76056671142595, 25.335279464721793], [92.7632675170899, 25.335590362548942], [92.7694702148437, 25.33950805664074], [92.77245330810553, 25.33961105346691], [92.78246307373047, 25.334289550781307], [92.78437042236328, 25.332538604736442], [92.78801727294939, 25.317609786987305], [92.78473663330072, 25.3115291595459], [92.78383636474626, 25.308000564575195], [92.78691101074224, 25.300670623779354], [92.78882598876959, 25.29154014587425], [92.79222106933611, 25.28679847717285], [92.79222106933611, 25.28518104553234], [92.78913879394531, 25.278522491455305], [92.78211975097673, 25.275920867920036], [92.77947235107428, 25.273761749267635], [92.769760131836, 25.26893043518089], [92.77617645263689, 25.262939453125], [92.77670288085966, 25.260538101196516], [92.76464843750011, 25.24934959411621], [92.77028656005876, 25.240200042724666], [92.77223968505865, 25.233259201049748], [92.78630828857439, 25.23140144348156], [92.79434967041021, 25.226009368896484], [92.80309295654314, 25.221509933471737], [92.80442047119158, 25.21932983398449], [92.80356597900402, 25.217239379882926], [92.79843139648466, 25.21344947814947], [92.79289245605497, 25.212352752685604], [92.78775024414091, 25.209529876709098], [92.77957153320341, 25.203109741210994], [92.76764678955084, 25.20475959777832], [92.76345062255865, 25.203849792480696], [92.7588958740235, 25.204029083251896], [92.75453948974621, 25.205371856689396], [92.75168609619152, 25.20734977722168], [92.74713897705107, 25.2077693939209], [92.74202728271484, 25.20309066772461], [92.7333374023438, 25.203220367431754], [92.72416687011724, 25.19919967651373], [92.71621704101591, 25.19415855407709], [92.70461273193388, 25.190521240234432], [92.69393920898432, 25.18135070800787], [92.68762207031278, 25.182319641113338], [92.68284606933622, 25.182041168213004], [92.67942810058622, 25.18309020996105], [92.67704010009771, 25.182189941406193], [92.67224121093767, 25.178159713745117], [92.66690826416033, 25.177061080932617], [92.66433715820341, 25.175359725952205], [92.66297912597662, 25.172990798950423], [92.66081237792986, 25.162252426147575], [92.65953826904303, 25.159120559692496], [92.65571594238287, 25.154130935669002], [92.65120697021513, 25.152400970458984], [92.64826965332037, 25.152652740478572], [92.64405059814459, 25.15117073059082], [92.6380081176759, 25.14521980285656], [92.63242340087896, 25.137559890747184], [92.63079833984403, 25.131839752197493], [92.6299667358399, 25.125030517578125], [92.62470245361322, 25.118690490722656], [92.62164306640653, 25.117700576782283], [92.61003112792969, 25.12409973144537], [92.60314941406244, 25.124990463256836], [92.59842681884783, 25.12471008300787], [92.59443664550798, 25.1282901763916], [92.58168792724615, 25.131870269775447], [92.57903289794928, 25.132009506225586], [92.56803894042997, 25.130090713501033], [92.56549835205084, 25.131280899047965], [92.557846069336, 25.129970550537223], [92.55316925048857, 25.130710601806697], [92.54312896728533, 25.13501930236822], [92.53993988037115, 25.13727951049799], [92.53562927246088, 25.134412765503043], [92.53018951416021, 25.13682174682623], [92.52746582031267, 25.13994026184082], [92.52466583251959, 25.140029907226506], [92.52522277832037, 25.125579833984375], [92.53024291992199, 25.12186050415039], [92.53132629394537, 25.11990165710455], [92.53305816650396, 25.11214828491211], [92.54081726074236, 25.104129791259766], [92.5429458618164, 25.099599838256836], [92.5380477905274, 25.099311828613338], [92.53201293945307, 25.103960037231502], [92.52651214599626, 25.105850219726676], [92.50978088378912, 25.10547065734886], [92.4991073608399, 25.10814857482933], [92.48429870605497, 25.10806083679205], [92.48031616210932, 25.100408554077205], [92.4797592163086, 25.09574127197277], [92.48017883300798, 25.085840225219783], [92.47654724121111, 25.0782527923584], [92.47461700439453, 25.070800781249943], [92.47091674804699, 25.066890716552678], [92.46750640869169, 25.061370849609602], [92.46598815917997, 25.057157516479606], [92.4636688232423, 25.05557060241705], [92.46203613281267, 25.05583000183117], [92.45983886718756, 25.054660797119254], [92.46015167236345, 25.04959106445324], [92.46286010742193, 25.050149917602596], [92.46466064453153, 25.047229766845817], [92.46325683593756, 25.03712844848627], [92.45976257324236, 25.03518104553217], [92.45680236816418, 25.035030364990178], [92.45420837402344, 25.036609649658203], [92.45101928710943, 25.040950775146428], [92.44653320312528, 25.042041778564567], [92.44178009033232, 25.03985023498541], [92.43788146972662, 25.033752441406364], [92.43192291259783, 25.032907485961914], [92.42590332031261, 25.031820297241325], [92.4239273071289, 25.032840728759822], [92.42298126220709, 25.032781600952262], [92.41880035400396, 25.032480239868278], [92.41636657714855, 25.033100128173942], [92.41207122802751, 25.034891128540096], [92.41101074218756, 25.035329818725586], [92.40712738037126, 25.03498077392578], [92.40461730957031, 25.03618049621582], [92.40286254882841, 25.03861045837408], [92.40113067626982, 25.041492462158317], [92.39727020263678, 25.04240036010748], [92.39337921142595, 25.04285049438471], [92.3926620483399, 25.04282951354986], [92.3893432617187, 25.042741775512752], [92.38736724853521, 25.042480468750227], [92.38433837890653, 25.04358291625988], [92.38172912597656, 25.044269561767635], [92.37767791748075, 25.044090270996037], [92.37535858154308, 25.044361114502067], [92.3732528686524, 25.046119689941463], [92.3731460571289, 25.0464706420899], [92.37207794189459, 25.05006027221691], [92.36962127685553, 25.051210403442326], [92.36530303955072, 25.050752639770565], [92.36287689209001, 25.05149078369152], [92.3602981567384, 25.051540374756087], [92.35720062255865, 25.051321029663086], [92.3539123535158, 25.051290512084904], [92.34863281250006, 25.05157089233404], [92.34716796875028, 25.052190780639705], [92.3463897705081, 25.053831100463867], [92.34583282470732, 25.0557098388673], [92.34871673583979, 25.058969497680778], [92.35148620605474, 25.062290191650504], [92.35427093505876, 25.063392639160156], [92.35600280761736, 25.065099716186523], [92.35659027099626, 25.06777000427246], [92.35640716552734, 25.07127952575695], [92.35595703124994, 25.073360443115348], [92.35240173339844, 25.07530021667492], [92.34783172607428, 25.0782527923584], [92.34246063232439, 25.07999992370611], [92.33853149414068, 25.081281661987305], [92.33434295654303, 25.081911087036076], [92.33003997802734, 25.081750869750977], [92.3268661499024, 25.080440521240178], [92.32454681396501, 25.077209472656307], [92.32250213623053, 25.074420928955135], [92.31897735595703, 25.07468986511236], [92.31604766845714, 25.074180603027457], [92.31494140625028, 25.072330474853743], [92.31006622314459, 25.07316017150879], [92.29144287109386, 25.078931808471793], [92.28655242919922, 25.079362869262752], [92.2816390991211, 25.08077049255394], [92.27802276611334, 25.08264923095703], [92.27571868896501, 25.08445930480957], [92.27111053466814, 25.08551025390625], [92.26145172119146, 25.087671279907227], [92.25892639160173, 25.088630676269588], [92.25712585449247, 25.089651107788086], [92.25340270996111, 25.09303283691429], [92.24437713623041, 25.096492767333984], [92.23742675781256, 25.09884071350109], [92.23562622070312, 25.099382400512752], [92.23401641845709, 25.09753036499029], [92.23354339599626, 25.097000122070312], [92.23229217529303, 25.098142623901424], [92.22940063476568, 25.100730895996207], [92.22831726074247, 25.10657119750971], [92.22480773925787, 25.10803985595703], [92.22059631347673, 25.109580993652344], [92.21540832519531, 25.111690521240348], [92.21349334716797, 25.11349105834961], [92.21330261230469, 25.11396026611328], [92.21231842041044, 25.116460800170955], [92.21441650390653, 25.11907958984375], [92.21569824218756, 25.12047004699707], [92.21971893310558, 25.120189666748104], [92.22570037841797, 25.118680953979492], [92.2262496948245, 25.118610382080078], [92.22889709472685, 25.118320465087947], [92.23232269287138, 25.11960983276373], [92.22702789306635, 25.122182846069393], [92.22152709960955, 25.12333106994629], [92.21678161621111, 25.125360488891715], [92.21202850341803, 25.126239776611328], [92.20774078369169, 25.127380371093807], [92.2033081054688, 25.128320693969727], [92.20088958740229, 25.12741088867199], [92.20072937011736, 25.127340316772518], [92.19893646240246, 25.12580108642578], [92.19515991210966, 25.12475013732916], [92.19309997558611, 25.122882843017805], [92.19198608398455, 25.120918273925895], [92.18754577636713, 25.12195968627941], [92.186576843262, 25.122779846191634], [92.18537139892584, 25.123771667480582], [92.1844863891601, 25.125991821289062], [92.18405151367199, 25.128360748291016], [92.1806869506836, 25.129190444946403], [92.17746734619158, 25.129320144653548], [92.17372131347662, 25.130100250244197], [92.16806030273466, 25.131540298461914], [92.16609191894537, 25.133630752563477], [92.16822052001964, 25.13566970825201], [92.16770172119135, 25.136659622192326], [92.16256713867188, 25.13739013671875], [92.15764617919939, 25.137531280517578], [92.15403747558594, 25.138479232788086], [92.14997863769531, 25.14042282104515], [92.14768981933594, 25.142520904541243], [92.14562988281267, 25.144041061401367], [92.14332580566423, 25.144720077514762], [92.13949584960938, 25.145500183105526], [92.13878631591803, 25.148340225219727], [92.13964843750028, 25.15283966064453], [92.14051818847662, 25.155099868774528], [92.14083099365234, 25.15715980529808], [92.14476013183605, 25.15717124938965], [92.14528656005865, 25.15899085998535], [92.14215850830078, 25.16072082519537], [92.13971710205095, 25.16242980957037], [92.13598632812511, 25.16447067260748], [92.1320114135745, 25.16686820983898], [92.12787628173845, 25.16876029968273], [92.12490844726568, 25.169969558715877], [92.1222686767581, 25.171400070190487], [92.11884307861357, 25.17308807373047], [92.11653900146496, 25.173990249633903], [92.1135482788086, 25.17486000061035], [92.11073303222673, 25.177661895752067], [92.10861206054705, 25.17929840087902], [92.10505676269537, 25.18019104003929], [92.10190582275385, 25.180538177490348], [92.09836578369146, 25.181489944458008], [92.09384155273449, 25.183109283447266], [92.0924301147461, 25.18378829956066], [92.08996582031256, 25.185100555420036], [92.08730316162115, 25.18595123291027], [92.08506011962902, 25.186439514160156], [92.08394622802763, 25.18585968017578], [92.0822296142581, 25.185689926147518], [92.07961273193376, 25.18729019165039], [92.07472229003912, 25.189149856567383], [92.07176971435541, 25.189622879028434], [92.06717681884794, 25.189970016479435], [92.06555175781256, 25.190031051635742], [92.05644989013683, 25.18782043457054], [92.05055236816435, 25.187360763549805], [92.04545593261719, 25.186759948730412], [92.0405502319336, 25.18580055236822], [92.03626251220732, 25.18477249145502], [92.033447265625, 25.183040618896428], [92.03056335449213, 25.182069778442383], [92.02391815185564, 25.18618965148937], [92.02285766601568, 25.186849594116268], [92.01802062988298, 25.189439773559684], [92.0178833007813, 25.189510345459098], [92.01393890380888, 25.1901912689209], [92.01307678222673, 25.189960479736328], [92.00798034667974, 25.188642501831055], [92.00327301025419, 25.186641693115348], [91.99970245361345, 25.183629989624137], [91.99582672119169, 25.179590225219727], [91.99221038818388, 25.176982879638672], [91.98886108398438, 25.17562103271507], [91.98822784423822, 25.17562103271507], [91.97963714599604, 25.175590515136776], [91.97692871093778, 25.176940917968807], [91.9753875732423, 25.18011093139654], [91.9732284545899, 25.182199478149528], [91.96676635742193, 25.18309020996105], [91.96160125732428, 25.183460235595703], [91.95474243164068, 25.183851242065373], [91.95027160644526, 25.183980941772518], [91.94889831542997, 25.184139251709098], [91.94799041748047, 25.184120178222656], [91.94261169433622, 25.183998107910213], [91.93805694580072, 25.186279296875057], [91.93386077880854, 25.185518264770508], [91.93020629882841, 25.185831069946403], [91.9269561767581, 25.186309814453182], [91.92224884033203, 25.18705940246582], [91.91819000244169, 25.18659019470215], [91.91458892822294, 25.18535041809082], [91.91162109375006, 25.184152603149357], [91.90795898437517, 25.184232711791935], [91.90306854248053, 25.18361282348627], [91.90052795410173, 25.182220458984375], [91.89733123779303, 25.181430816650618], [91.89335632324224, 25.181690216064567], [91.88890075683611, 25.18088912963873], [91.88622283935564, 25.17915916442871], [91.88310241699247, 25.179742813110465], [91.88137054443388, 25.180490493774528], [91.8774185180664, 25.17972946166998], [91.87330627441412, 25.178619384765625], [91.86746978759794, 25.177869796752987], [91.8630981445312, 25.17764091491705], [91.85778808593767, 25.177610397338867], [91.85346984863287, 25.178340911865234], [91.84870147705084, 25.180259704589957], [91.83744812011724, 25.182411193847656], [91.83473205566423, 25.182399749755916], [91.83036804199224, 25.181070327758903], [91.82579803466803, 25.17809104919445], [91.82318115234386, 25.176410675048828], [91.8190231323245, 25.175479888916016], [91.81442260742216, 25.175479888916016], [91.81262969970709, 25.173770904541016], [91.80916595459001, 25.172809600830078], [91.80526733398466, 25.1730194091798], [91.79927062988281, 25.17187118530279], [91.79274749755876, 25.171369552612532], [91.78748321533209, 25.169620513916072], [91.78573608398443, 25.16905975341797], [91.7845764160158, 25.168689727783317], [91.78190612792986, 25.16827964782715], [91.78086090087919, 25.16840171813959], [91.77877807617216, 25.168630599975586], [91.77540588378923, 25.16949844360346], [91.77192687988276, 25.17061042785639], [91.76930236816423, 25.17117118835455], [91.76667022705084, 25.171550750732536], [91.76378631591814, 25.17327117919922], [91.76167297363298, 25.17495918273937], [91.75971221923857, 25.177499771118164], [91.75741577148466, 25.179710388183537], [91.75554656982422, 25.180120468139705], [91.75287628173828, 25.179821014404297], [91.75126647949224, 25.177930831909293], [91.75176239013689, 25.174989700317326], [91.75094604492182, 25.172830581665096], [91.75022125244158, 25.171819686889762], [91.74925231933594, 25.170482635498047], [91.74681091308611, 25.166788101196232], [91.7461929321289, 25.16588020324707], [91.74475097656256, 25.16377258300787], [91.74488830566423, 25.160320281982536], [91.7454833984375, 25.156850814819393], [91.74533843994146, 25.152891159057674], [91.7440032958985, 25.151220321655387], [91.74120330810575, 25.150810241699276], [91.7380981445313, 25.150699615478572], [91.73329925537115, 25.15208053588873], [91.73255157470709, 25.152170181274414], [91.72778320312506, 25.152690887451286], [91.72402954101591, 25.153579711914006], [91.72190856933605, 25.155380249023494], [91.72036743164068, 25.15728187561035], [91.7201766967774, 25.15751075744629], [91.71745300292974, 25.158252716064396], [91.71325683593756, 25.159090042114315], [91.71111297607439, 25.158950805664062], [91.70844268798845, 25.15870094299322], [91.7073059082033, 25.15880012512207], [91.70709228515625, 25.157449722289982], [91.70668029785185, 25.155031204223633], [91.7079467773438, 25.152690887451286], [91.70780944824247, 25.15114021301264], [91.70419311523466, 25.149499893188477], [91.702621459961, 25.147150039672795], [91.70127105712896, 25.146980285644588], [91.70020294189482, 25.146839141845703], [91.69930267334001, 25.145029067993278], [91.69921875000028, 25.144390106201172], [91.69880676269537, 25.141490936279297], [91.69584655761719, 25.13908004760748], [91.69053649902361, 25.137950897217024], [91.68576049804705, 25.136930465698185], [91.68176269531267, 25.13759040832531], [91.679008483887, 25.138219833374137], [91.67521667480497, 25.136920928955078], [91.67262268066406, 25.135288238525447], [91.67080688476591, 25.133409500122013], [91.67003631591825, 25.131599426269645], [91.66844940185553, 25.13027954101574], [91.66530609130854, 25.130451202392578], [91.6647262573245, 25.13086128234869], [91.66353607177746, 25.131719589233455], [91.66050720214872, 25.13178062438959], [91.6591415405274, 25.131200790405387], [91.655029296875, 25.12945938110346], [91.65126037597656, 25.127300262451286], [91.6499862670899, 25.12580108642578], [91.64823913574224, 25.123678207397518], [91.64453125, 25.122720718383732], [91.64122772216808, 25.123771667480582], [91.63697052001959, 25.126262664794922], [91.63343048095732, 25.126630783080998], [91.63054656982433, 25.12715148925787], [91.62827301025419, 25.128320693969727], [91.62903594970732, 25.13360977172863], [91.62921905517607, 25.137239456176758], [91.6276473999024, 25.140060424804688], [91.62673187255871, 25.14313125610363], [91.62586975097673, 25.145009994506836], [91.62320709228533, 25.14595985412609], [91.62198638916044, 25.145980834960938], [91.6201782226563, 25.146009445190657], [91.61862182617205, 25.143831253051815], [91.61740112304716, 25.143360137939567], [91.61576843261736, 25.14491271972679], [91.61437225341825, 25.146049499511946], [91.61360931396513, 25.145950317382756], [91.61266326904291, 25.145830154418945], [91.61160278320318, 25.145080566406307], [91.61003875732439, 25.143970489501953], [91.60714721679688, 25.14305114746105], [91.60682678222662, 25.143619537353516], [91.60558319091825, 25.145801544189567], [91.60426330566435, 25.151020050048828], [91.60424041748075, 25.15133094787592], [91.60414123535173, 25.153659820556754], [91.60475158691412, 25.154680252075423], [91.60544586181658, 25.155849456787166], [91.60678100585955, 25.157230377197322], [91.6045227050783, 25.158809661865348], [91.60330963134794, 25.159950256347713], [91.60762023925787, 25.166740417480412], [91.60971069335943, 25.168100357055778], [91.61319732666044, 25.169691085815543], [91.61734771728521, 25.169710159301758], [91.61889648437506, 25.170061111450195], [91.61972045898432, 25.172660827636662], [91.61741638183622, 25.17591094970703], [91.60824584960966, 25.174350738525447], [91.60507965087908, 25.174180984497184], [91.59807586669928, 25.17425918579113], [91.59311676025396, 25.173639297485465], [91.58464050292969, 25.1718807220459], [91.58200836181658, 25.17233085632347], [91.58032989501959, 25.172849655151367], [91.57817077636736, 25.168199539184627], [91.57637786865246, 25.164321899414062], [91.57916259765625, 25.160600662231673], [91.57507324218778, 25.16074943542492], [91.57314300537138, 25.160129547119254], [91.5691909790039, 25.159429550171012], [91.56694793701189, 25.158750534057617], [91.56115722656278, 25.15121078491211], [91.55885314941435, 25.14929008483898], [91.54627990722685, 25.146471023559627], [91.53777313232422, 25.144372940063533], [91.53353881835955, 25.144180297851676], [91.5295486450197, 25.14398002624523], [91.52188110351557, 25.14464187622076], [91.51364898681669, 25.145349502563533], [91.5125808715822, 25.145160675048828], [91.51026916503923, 25.14472961425787], [91.50830841064482, 25.143249511718864], [91.50672912597662, 25.14068031311035], [91.50595855712896, 25.13943099975586], [91.50463867187506, 25.137296676635856], [91.5042572021485, 25.1366806030274], [91.50263214111328, 25.135480880737305], [91.49946594238287, 25.135419845580998], [91.49693298339861, 25.135890960693473], [91.49257659912115, 25.136699676513615], [91.48972320556646, 25.136051177978572], [91.48512268066423, 25.136329650879134], [91.48236846923857, 25.135570526123047], [91.48240661621094, 25.1352596282959], [91.48255157470732, 25.134069442748967], [91.48152160644537, 25.13401985168457], [91.47843933105486, 25.133871078491325], [91.47406768798828, 25.133859634399414], [91.4711990356447, 25.13425064086914], [91.4701690673831, 25.134843826294173], [91.47186279296903, 25.13719940185547], [91.47236633300787, 25.137651443481445], [91.47209930419916, 25.13990020751953], [91.47149658203153, 25.143190383911133], [91.47254180908203, 25.14781188964855], [91.4711990356447, 25.150148391723746], [91.4687957763673, 25.150009155273438], [91.46791076660156, 25.149801254272518], [91.46215820312528, 25.148519515991325], [91.4565200805664, 25.14803123474121], [91.45065307617193, 25.148180007934627], [91.4459609985351, 25.149101257324446], [91.44232940673857, 25.151010513305664], [91.4413299560548, 25.152149200439396], [91.43950653076189, 25.15421104431175], [91.43804168701178, 25.15468978881836], [91.4369659423831, 25.155040740966797], [91.43386840820318, 25.15497970581066], [91.43173217773443, 25.155170440673942], [91.43006896972662, 25.156030654907283], [91.4273529052735, 25.159982681274414], [91.42664337158214, 25.16193962097168], [91.42523193359392, 25.165790557861555], [91.42196655273455, 25.168781280517578], [91.41995239257818, 25.170021057128906], [91.41980743408232, 25.170110702514762], [91.4190063476563, 25.167680740356502], [91.416488647461, 25.165121078491325], [91.41237640380888, 25.16497993469261], [91.40834808349638, 25.165348052978516], [91.40519714355486, 25.16443061828619], [91.4032363891601, 25.164159774780387], [91.39984130859392, 25.164279937744197], [91.39787292480497, 25.165380477905273], [91.39505004882812, 25.167089462280273], [91.3925323486331, 25.16729164123541], [91.38883209228521, 25.166400909423942], [91.38851928710966, 25.166324615478516], [91.38671875000006, 25.165889739990178], [91.38131713867188, 25.166419982910156], [91.37760162353521, 25.166490554809627], [91.37528991699224, 25.167148590087947], [91.37330627441406, 25.169628143310604], [91.37294006347673, 25.17058944702154], [91.37191772460966, 25.17324256896984], [91.3704910278322, 25.17523956298851], [91.36804962158209, 25.17560958862299], [91.36672210693365, 25.174762725830305], [91.36557769775396, 25.174030303955192], [91.35990142822294, 25.17015075683605], [91.35852050781256, 25.170431137085018], [91.3569564819336, 25.172149658203125], [91.35462188720703, 25.172119140625], [91.35031890869146, 25.171751022339095], [91.34639739990229, 25.171720504760742], [91.34232330322271, 25.172258377075252], [91.34063720703153, 25.1727809906007], [91.34014892578142, 25.173660278320312], [91.33959197998064, 25.174650192260856], [91.33673095703142, 25.175550460815487], [91.33448028564459, 25.176090240478743], [91.33168029785185, 25.17821121215826], [91.32814788818376, 25.18093109130865], [91.32631683349621, 25.18235015869152], [91.32256317138666, 25.183160781860465], [91.31871032714872, 25.183240890503043], [91.31201171875011, 25.183130264282283], [91.30771636962908, 25.182992935180607], [91.30396270751959, 25.183580398559513], [91.300521850586, 25.184101104736555], [91.29489898681635, 25.185789108276367], [91.29438018798845, 25.186260223388786], [91.29338836669922, 25.187160491943587], [91.29614257812506, 25.189531326293945], [91.29757690429682, 25.190628051757812], [91.29361724853533, 25.193460464477653], [91.29055023193376, 25.19441032409668], [91.2875061035158, 25.195339202880916], [91.28262329101568, 25.19752120971691], [91.27996826171886, 25.1986408233642], [91.27752685546903, 25.200559616089095], [91.27556610107428, 25.203439712524414], [91.27378845214861, 25.204307556152287], [91.26966094970709, 25.203821182250977], [91.2658081054688, 25.20246124267578], [91.26375579833996, 25.200580596923942], [91.26117706298845, 25.199520111083984], [91.25881195068388, 25.198741912841797], [91.25798797607428, 25.196180343627987], [91.25573730468756, 25.195110321044922], [91.25154876708996, 25.194620132446403], [91.24485015869146, 25.19445037841797], [91.24215698242193, 25.196252822876033], [91.24088287353544, 25.19685935974121], [91.2403030395509, 25.197141647338924], [91.23990631103521, 25.196910858154354], [91.23802185058622, 25.195770263671875], [91.23541259765625, 25.195339202880916], [91.23354339599626, 25.195520401001033], [91.23139190673822, 25.19703102111839], [91.22512054443376, 25.19811058044445], [91.22165679931635, 25.198339462280387], [91.21550750732433, 25.199119567871207], [91.21015930175793, 25.19947814941412], [91.20352935791044, 25.199762344360465], [91.19904327392584, 25.199569702148438], [91.19573211669922, 25.1988201141358], [91.18997192382841, 25.197120666503906], [91.18353271484375, 25.195901870727596], [91.17736053466808, 25.194839477539062], [91.17215728759771, 25.19433021545416], [91.16526794433594, 25.194229125976562], [91.16055297851568, 25.194427490234375], [91.15608215332048, 25.196081161499023], [91.15251159667974, 25.195560455322322], [91.14576721191406, 25.19490051269537], [91.14420318603544, 25.194749832153377], [91.13828277587919, 25.193571090698356], [91.1320190429687, 25.193321228027344], [91.12754058837896, 25.193361282348633], [91.12119293212908, 25.193910598754883], [91.11598205566435, 25.194829940796126], [91.10875701904297, 25.195930480956974], [91.10774993896513, 25.196121215820256], [91.10426330566412, 25.196769714355526], [91.09960174560547, 25.197151184082088], [91.09498596191435, 25.19701957702631], [91.09049224853533, 25.196651458740234], [91.0864562988283, 25.196779251098633], [91.08249664306646, 25.19749259948736], [91.07990264892607, 25.197170257568303], [91.07859802246122, 25.196411132812727], [91.07672119140625, 25.19355010986351], [91.07093048095714, 25.19138908386236], [91.06736755371094, 25.190811157226562], [91.06431579589844, 25.19040107727062], [91.05983734130865, 25.190490722656477], [91.0592117309572, 25.1890106201173], [91.0559310913086, 25.187797546386776], [91.05223846435558, 25.188499450683594], [91.04985809326189, 25.187540054321403], [91.04633331298857, 25.187540054321403], [91.04485321044916, 25.187021255493164], [91.04286956787115, 25.185199737548828], [91.03723907470703, 25.184850692749023], [91.03362274169939, 25.184400558471793], [91.02953338623058, 25.18482017517084], [91.02773284912126, 25.185329437255803], [91.02552032470709, 25.183980941772518], [91.02307891845732, 25.181640625], [91.01951599121111, 25.181011199951172], [91.01457214355486, 25.18060111999523], [91.0106964111331, 25.18021011352539], [91.00792694091803, 25.180128097534237], [91.00524139404297, 25.179531097412337], [91.00167846679693, 25.177522659301758], [90.99781036376959, 25.17552185058588], [90.99263000488298, 25.17414283752464], [90.98697662353521, 25.173389434814453], [90.98210144042963, 25.172929763793945], [90.97358703613287, 25.1718807220459], [90.97045135498075, 25.171369552612532], [90.970199584961, 25.171329498291243], [90.96901702880865, 25.169679641723633], [90.96852111816435, 25.16884040832531], [90.96658325195318, 25.169218063354492], [90.96292877197271, 25.168249130249023], [90.95848846435564, 25.167711257934684], [90.9529800415039, 25.16744995117199], [90.94803619384771, 25.165439605712947], [90.94328308105474, 25.16335868835472], [90.94317626953153, 25.1633110046389], [90.9366302490235, 25.16188049316429], [90.92986297607439, 25.160560607910213], [90.9241104125976, 25.16058921813959], [90.91837310791044, 25.16061019897461], [90.91179656982428, 25.159811019897575], [90.90786743164091, 25.159719467163143], [90.90400695800787, 25.16163253784191], [90.9020614624024, 25.163240432739315], [90.90084075927729, 25.1639919281007], [90.89968109130888, 25.164699554443473], [90.8990325927735, 25.16444969177246], [90.89480590820312, 25.162801742553768], [90.88568878173834, 25.16426277160656], [90.87934875488298, 25.161151885986328], [90.87583160400419, 25.15834999084484], [90.87091064453125, 25.158742904663086], [90.86695861816406, 25.15612030029297], [90.8635864257813, 25.157850265502987], [90.85835266113298, 25.155849456787166], [90.85353851318354, 25.155771255493164], [90.84995269775408, 25.15666007995611], [90.84342193603544, 25.15921974182129], [90.84028625488287, 25.15899085998535], [90.83670043945324, 25.15974044799816], [90.82726287841814, 25.160921096801758], [90.82446289062506, 25.16113090515148], [90.82360076904291, 25.16283988952648], [90.82235717773443, 25.16533088684082], [90.81981658935564, 25.16588020324707], [90.81713104248047, 25.164190292358512], [90.8144073486331, 25.162500381469954], [90.80850982666044, 25.16522979736328], [90.80914306640642, 25.167081832885685], [90.80982208251982, 25.169080734253157], [90.81046295166033, 25.171699523925724], [90.80721282958984, 25.171180725097656], [90.80423736572271, 25.172029495239315], [90.80110168457031, 25.1754608154298], [90.80020904541021, 25.17825126647955], [90.79827880859392, 25.17854118347168], [90.79640960693365, 25.17799949645996], [90.79525756835943, 25.177669525146598], [90.7923660278322, 25.1772518157959], [90.7887802124024, 25.17817115783697], [90.7866821289063, 25.18077278137207], [90.7859497070313, 25.182640075683594], [90.78542327880888, 25.183969497680664], [90.78385162353521, 25.182929992675895], [90.7811965942384, 25.18118286132824], [90.77854156494169, 25.179779052734375], [90.77445983886724, 25.179000854492188], [90.77197265625, 25.177881240844727], [90.76970672607428, 25.1768608093264], [90.76724243164068, 25.17390060424799], [90.76523590087885, 25.17189979553234], [90.76393890380876, 25.169992446899528], [90.76537322998058, 25.168371200561637], [90.76586151123064, 25.167810440063477], [90.76449584960955, 25.166240692138786], [90.76290893554716, 25.166450500488338], [90.75797271728544, 25.16710281372076], [90.75473022460966, 25.164710998535156], [90.75446319580084, 25.16451072692894], [90.75100708007818, 25.164060592651367], [90.75029754638683, 25.16472053527832], [90.7472686767581, 25.16751289367687], [90.74468994140642, 25.165189743041992], [90.74173736572294, 25.1648006439209], [90.74037170410162, 25.164640426635742], [90.73979949951178, 25.162309646606673], [90.74037170410162, 25.162220001220817], [90.74289703369169, 25.16180038452154], [90.74584960937506, 25.160379409790096], [90.74640655517595, 25.15870094299322], [90.74534606933605, 25.15661048889166], [90.74217987060564, 25.156778335571516], [90.73928070068388, 25.15443038940424], [90.73861694335943, 25.154512405395565], [90.7364578247072, 25.155420303344783], [90.73361206054705, 25.1580429077149], [90.73284149169939, 25.16133117675787], [90.72989654541027, 25.16298103332514], [90.7271499633789, 25.162670135498047], [90.7260131835938, 25.162181854248104], [90.72187805175793, 25.165531158447266], [90.7199096679688, 25.166519165039176], [90.71652984619146, 25.16605949401861], [90.71482849121105, 25.16428947448736], [90.71446228027372, 25.163890838623274], [90.71415710449236, 25.162010192871094], [90.71179199218778, 25.1603107452392], [90.71026611328153, 25.162122726440373], [90.70974731445312, 25.162729263305778], [90.70812225341803, 25.16278076171875], [90.70738983154308, 25.16107940673828], [90.70717620849615, 25.16058921813959], [90.70582580566412, 25.15706062316889], [90.70439910888672, 25.155271530151367], [90.69902038574247, 25.15950965881359], [90.69892120361328, 25.15958976745617], [90.69831085205095, 25.161960601806697], [90.69535827636724, 25.1634902954101], [90.69258880615251, 25.162612915039062], [90.68763732910173, 25.16621017456066], [90.68916320800798, 25.16856956481945], [90.69272613525419, 25.170749664306868], [90.69281768798828, 25.171670913696346], [90.68984222412121, 25.172050476074332], [90.68605804443388, 25.17093086242687], [90.68338775634794, 25.171287536621207], [90.6793060302735, 25.17045021057129], [90.67851257324219, 25.168701171875], [90.67775726318365, 25.167060852050838], [90.67552947998058, 25.165348052978516], [90.67301177978521, 25.16664123535162], [90.67259979248047, 25.16897964477539], [90.67233276367216, 25.170560836791992], [90.67201995849626, 25.17666053771984], [90.67321014404303, 25.18091964721691], [90.67211914062528, 25.183771133422795], [90.67138671874994, 25.186599731445312], [90.67121887207031, 25.190862655639762], [90.67114257812511, 25.194301605224553], [90.67117309570341, 25.19729042053234], [90.66861724853521, 25.195360183715934], [90.6679229736331, 25.190969467163086], [90.66699218750028, 25.18749046325678], [90.6650009155274, 25.185550689697266], [90.66368865966803, 25.185459136962947], [90.66262054443354, 25.18540191650402], [90.66063690185553, 25.185810089111385], [90.6581420898438, 25.18364906311041], [90.65667724609403, 25.18077278137207], [90.65252685546875, 25.181882858276424], [90.65093994140653, 25.18280029296875], [90.6505661010745, 25.182678222656477], [90.64829254150419, 25.181970596313533], [90.64768218994152, 25.180311203002987], [90.6470031738283, 25.178510665893498], [90.64832305908203, 25.176799774169922], [90.64878082275396, 25.173339843750057], [90.64232635498053, 25.174591064453125], [90.63971710205107, 25.173288345336914], [90.63687896728516, 25.17217826843273], [90.63391113281256, 25.17243003845215], [90.63333129882818, 25.17247009277338], [90.627426147461, 25.17300033569336], [90.62592315673834, 25.17237091064476], [90.6233978271485, 25.175830841064453], [90.62036132812506, 25.174320220947266], [90.61618041992193, 25.17842292785639], [90.61340332031244, 25.17535018920904], [90.6095428466798, 25.175252914428825], [90.60482025146479, 25.176090240478743], [90.6001815795899, 25.17548942565918], [90.59644317626953, 25.175670623779297], [90.59369659423834, 25.173810958862305], [90.59204101562494, 25.172891616821232], [90.59107971191435, 25.172830581665096], [90.58731842041033, 25.173381805419922], [90.5855712890625, 25.172981262207145], [90.58493804931652, 25.172401428222713], [90.58377075195318, 25.171319961547965], [90.58281707763678, 25.170770645141715], [90.57971954345709, 25.172029495239315], [90.5785064697265, 25.17252922058111], [90.57595825195318, 25.172950744629134], [90.57359313964861, 25.1730194091798], [90.57192230224615, 25.171440124511776], [90.57147216796892, 25.171018600463924], [90.57058715820318, 25.17131042480463], [90.56870269775396, 25.171920776367188], [90.5637664794923, 25.17189979553234], [90.56076812744135, 25.171768188476562], [90.55928802490251, 25.174110412597713], [90.55570983886724, 25.17354965209961], [90.55314636230469, 25.173219680786246], [90.55034637451178, 25.17370986938471], [90.54535675048845, 25.17368125915533], [90.54071807861357, 25.172929763793945], [90.53617095947266, 25.17307090759283], [90.5320129394533, 25.17360115051281], [90.52848815917997, 25.17274093627924], [90.52478790283209, 25.172002792358512], [90.52120971679693, 25.173719406128043], [90.51930236816412, 25.174070358276424], [90.51670074462885, 25.175069808960075], [90.51663970947271, 25.17058944702154], [90.51573944091825, 25.169820785522518], [90.5118865966798, 25.17040252685547], [90.5081176757812, 25.171382904052848], [90.50260162353516, 25.16638946533203], [90.49756622314459, 25.165058135986385], [90.49608612060575, 25.16356086730957], [90.49571990966791, 25.163179397583008], [90.49402618408203, 25.161439895629826], [90.48787689209013, 25.16002845764183], [90.484428405762, 25.159090042114315], [90.47630310058611, 25.156890869140625], [90.46510314941412, 25.153280258178768], [90.45964050292997, 25.152250289916992], [90.45939636230474, 25.151809692382926], [90.45791625976591, 25.148969650268555], [90.45658111572294, 25.145969390869197], [90.45497894287115, 25.14443016052246], [90.45236206054693, 25.144502639770508], [90.44837188720714, 25.145519256591797], [90.4475326538086, 25.145742416381836], [90.44388580322283, 25.14717102050787], [90.44055938720732, 25.14825057983421], [90.43585205078125, 25.149089813232365], [90.43145751953125, 25.150369644165153], [90.42838287353544, 25.151500701904354], [90.42404937744158, 25.15295982360834], [90.42154693603516, 25.15470123291027], [90.4186325073245, 25.15736961364746], [90.41638946533203, 25.15933036804205], [90.4144668579101, 25.160020828247298], [90.40975189209001, 25.160690307617188], [90.4065017700197, 25.160619735717773], [90.40283203124994, 25.16118812561041], [90.39743804931652, 25.162050247192383], [90.39245605468756, 25.162490844726676], [90.38672637939459, 25.162612915039062], [90.38273620605474, 25.16307067871105], [90.37954711914091, 25.16426277160656], [90.37502288818376, 25.167440414428825], [90.37020111084013, 25.171220779418945], [90.36492156982439, 25.174060821533317], [90.36030578613276, 25.176441192626953], [90.35500335693376, 25.18011093139654], [90.3506927490235, 25.184431076049748], [90.34754943847673, 25.18802261352539], [90.34506988525408, 25.190849304199276], [90.34152984619146, 25.193500518798942], [90.33737182617216, 25.19419097900402], [90.332817077637, 25.194099426269588], [90.32874298095709, 25.193651199340934], [90.32515716552746, 25.19284057617199], [90.32142639160173, 25.191001892089844], [90.3180770874024, 25.189659118652344], [90.31302642822283, 25.19154167175293], [90.30874633789074, 25.192651748657283], [90.30503082275408, 25.193220138549805], [90.30187988281261, 25.194229125976562], [90.29810333251982, 25.195430755615348], [90.2948989868164, 25.19668006896984], [90.29073333740251, 25.19721031188959], [90.28646087646513, 25.198200225830135], [90.28447723388678, 25.19870948791504], [90.2817459106447, 25.199600219726562], [90.2787170410158, 25.20021057128912], [90.27755737304705, 25.200065612793082], [90.27577209472685, 25.19984054565424], [90.2681884765625, 25.199859619140682], [90.26452636718778, 25.19984054565424], [90.26123046875006, 25.201259613037166], [90.25982666015642, 25.202941894531364], [90.2556762695313, 25.203109741210994], [90.25302124023443, 25.202949523925895], [90.24806976318365, 25.20384025573742], [90.24485778808605, 25.20582008361822], [90.24140930175787, 25.20683097839361], [90.23737335205084, 25.206649780273438], [90.23425292968767, 25.20560073852539], [90.23059844970697, 25.203519821166992], [90.2285766601563, 25.203420639038313], [90.22682952880876, 25.206199645996207], [90.22535705566412, 25.207599639892692], [90.22252655029303, 25.207969665527344], [90.21911621093778, 25.207731246948242], [90.21524810791021, 25.20891952514654], [90.21257781982428, 25.210388183593864], [90.20542907714838, 25.21162033081066], [90.2023468017581, 25.211940765380916], [90.19828033447271, 25.213130950927848], [90.19464874267584, 25.215932846069336], [90.19158172607428, 25.21683120727539], [90.1890258789062, 25.218057632446403], [90.18562316894548, 25.220109939575423], [90.18306732177763, 25.22129058837885], [90.17489624023466, 25.224021911621094], [90.1665267944336, 25.22462844848627], [90.1582794189456, 25.225299835205305], [90.15280151367188, 25.225482940673885], [90.14319610595714, 25.22507095336914], [90.1349716186524, 25.225900650024528], [90.12879943847673, 25.226488113403263], [90.1195831298831, 25.225549697875977], [90.11519622802763, 25.226921081543196], [90.1094970703125, 25.230430603027457], [90.10228729248064, 25.236602783203125], [90.09932708740246, 25.238689422607536], [90.09240722656256, 25.240999221801758], [90.08574676513678, 25.242460250854492], [90.08071136474626, 25.24485969543457], [90.07588958740263, 25.24842071533203], [90.07132720947294, 25.251909255981445], [90.06742858886724, 25.25471115112316], [90.06295013427729, 25.259180068969783], [90.0597763061524, 25.262939453125], [90.0569076538086, 25.264060974121094], [90.05313110351568, 25.264219284057617], [90.04840850830107, 25.264539718627873], [90.04299926757818, 25.265239715576286], [90.03897857666016, 25.265630722046012], [90.03434753417969, 25.266992568969727], [90.0243530273438, 25.272840499878157], [90.02120971679705, 25.275220870971623], [90.01510620117205, 25.278329849243278], [90.00827789306646, 25.28242111206049], [90.00551605224638, 25.283138275146598], [90.00218963623053, 25.281160354614315], [89.99929046630876, 25.279012680053825], [89.99569702148443, 25.27926826477062], [89.99034118652344, 25.280820846557617], [89.98594665527361, 25.282360076904354], [89.9834823608399, 25.284561157226676], [89.9836196899414, 25.28709030151373], [89.98343658447283, 25.29203033447277], [89.98219299316412, 25.294799804687557], [89.97988128662115, 25.29821014404297], [89.97548675537115, 25.301349639892578], [89.97123718261736, 25.303060531616154], [89.96716308593778, 25.303329467773438], [89.96366882324224, 25.302898406982422], [89.96055603027361, 25.3021297454834], [89.95658874511724, 25.299940109252987], [89.95616149902361, 25.299310684204215], [89.95468139648443, 25.29718971252447], [89.95337677001959, 25.29564857482916], [89.95092773437511, 25.29590988159191], [89.9485931396485, 25.29817008972168], [89.94857025146484, 25.299409866333008], [89.94851684570312, 25.302709579467773], [89.94861602783209, 25.30397033691412], [89.94371795654325, 25.3022403717041], [89.94101715087902, 25.30060005188011], [89.93672943115251, 25.300580978393498], [89.93392944335943, 25.30199050903326], [89.9310989379884, 25.302299499511832], [89.92685699462896, 25.30429267883312], [89.92360687255865, 25.305299758911133], [89.92048645019531, 25.306421279907227], [89.91786193847656, 25.30742073059082], [89.91467285156256, 25.30837249755882], [89.91126251220714, 25.30869102478033], [89.9063796997072, 25.30742073059082], [89.90515899658214, 25.3063201904298], [89.90164947509766, 25.303211212158146], [89.89412689209013, 25.29536056518566], [89.88968658447271, 25.289880752563477], [89.88642120361334, 25.28779029846197], [89.88147735595709, 25.28703117370617], [89.87590026855469, 25.28730010986328], [89.87206268310564, 25.28820991516119], [89.86759185791044, 25.288419723510742], [89.86451721191412, 25.287820816040266], [89.86387634277361, 25.287820816040266], [89.86055755615263, 25.287799835205078], [89.85685729980474, 25.28845977783203], [89.85337066650408, 25.290100097656364], [89.85087585449236, 25.291330337524357], [89.84767150878906, 25.291879653930778], [89.84361267089844, 25.293050765991268], [89.84316253662121, 25.293180465698242], [89.83426666259766, 25.295669555664006], [89.83731842041016, 25.29869079589855], [89.83888244628923, 25.300678253173942], [89.8402175903322, 25.30360031127924], [89.84108734130888, 25.305311203003043], [89.84292602539068, 25.30610084533697], [89.84484863281256, 25.306829452514762], [89.84664916992182, 25.308250427246207], [89.84739685058622, 25.310251235961914], [89.84604644775419, 25.314228057861442], [89.84485626220709, 25.314989089965763], [89.84055328369135, 25.31640052795416], [89.83914184570318, 25.316959381103516], [89.83805847167997, 25.317398071289176], [89.83541107177734, 25.319660186767578], [89.83473205566412, 25.322998046875], [89.83493041992193, 25.324811935424748], [89.83506011962908, 25.325979232788086], [89.83532714843756, 25.328609466552734], [89.8369979858399, 25.33241271972662], [89.83692169189447, 25.334230422973746], [89.83307647705107, 25.341270446777287], [89.829643249512, 25.345500946045036], [89.82755279541044, 25.34729957580572], [89.82550811767595, 25.349210739135856], [89.82508087158232, 25.35197067260748], [89.82448577880888, 25.353580474853516], [89.82245635986345, 25.355720520019645], [89.82202911376982, 25.358600616455135], [89.82285308837908, 25.360950469970817], [89.82388305664068, 25.364139556884822], [89.82424926757818, 25.36610031127941], [89.82375335693388, 25.368749618530273], [89.82312774658209, 25.376449584960994], [89.82228851318376, 25.378860473632812], [89.82176971435553, 25.38255119323742], [89.82166290283197, 25.385360717773438], [89.82279968261747, 25.388050079345817], [89.82424163818365, 25.390050888061467], [89.82644653320312, 25.39237976074213], [89.82801818847673, 25.394609451294002], [89.82905578613293, 25.397871017455998], [89.83029937744158, 25.401880264282454], [89.83053588867193, 25.40382957458496], [89.82990264892595, 25.406360626220817], [89.82890319824247, 25.40890121459961], [89.82868194580107, 25.412639617920036], [89.82987976074219, 25.413471221923828], [89.83303070068365, 25.415229797363395], [89.8331375122072, 25.417509078979435], [89.83386993408197, 25.423690795898438], [89.8354568481447, 25.4285507202149], [89.83775329589844, 25.433799743652344], [89.83983612060564, 25.438560485839844], [89.84227752685547, 25.441860198974723], [89.84514617919922, 25.444999694824332], [89.8466033935548, 25.44861030578636], [89.84821319580095, 25.451770782470817], [89.85237121582026, 25.45642280578636], [89.8553085327149, 25.459672927856673], [89.85666656494146, 25.46249008178711], [89.85698699951189, 25.466060638427848], [89.85595703125028, 25.46817970275879], [89.85507202148455, 25.470750808715877], [89.85479736328136, 25.47309112548828], [89.85511016845703, 25.476049423217887], [89.85957336425793, 25.47339057922369], [89.86402893066406, 25.47286033630371], [89.8687133789063, 25.476360321045036], [89.87175750732428, 25.478900909423828], [89.87995910644537, 25.488639831543026], [89.88004302978516, 25.495599746704215], [89.87558746337902, 25.50547027587902], [89.87384796142584, 25.51356124877941], [89.87032318115234, 25.5214900970459], [89.87565612792969, 25.528528213501204], [89.8711776733399, 25.53695106506359], [89.87145233154291, 25.53729820251459], [89.87455749511736, 25.54156112670904], [89.87394714355469, 25.54193687438965], [89.87400054931646, 25.542060852050895], [89.87406158447277, 25.542898178100643], [89.87010192871122, 25.54422187805187], [89.8738021850586, 25.549280166625977], [89.87758636474626, 25.548931121826172], [89.8863601684572, 25.55787086486822], [89.90441131591825, 25.559499740600643], [89.91809844970709, 25.562629699707088], [89.9260559082033, 25.56352996826172], [89.93583679199224, 25.562709808349837], [89.94164276123041, 25.56762123107933], [89.94937896728521, 25.56825065612793], [89.95675659179705, 25.57046127319336], [89.9664611816408, 25.571701049804688], [89.97280883789068, 25.574609756469727], [89.97505187988298, 25.58350944519043], [89.97915649414074, 25.590730667114315], [89.98950195312528, 25.588809967041016], [89.99536132812506, 25.58634948730463], [90.00212097167969, 25.5841903686524], [90.0058212280274, 25.58836936950695], [90.01106262207026, 25.598350524902457], [90.0172958374024, 25.602191925049055], [90.01844024658209, 25.608390808105696], [90.00453948974638, 25.623821258545036], [90.00138092041033, 25.624431610107422], [89.99933624267584, 25.62185096740734], [89.99529266357439, 25.623029708862532], [89.98332214355474, 25.626710891723633], [89.9823074340822, 25.628431320190543], [89.98043823242193, 25.637569427490178], [89.9469528198245, 25.65883064270031], [89.94184875488281, 25.673650741577262], [89.94172668457037, 25.678119659423885], [89.936996459961, 25.68663024902355], [89.93235015869158, 25.689960479736385], [89.921127319336, 25.694421768188477], [89.91954803466814, 25.696769714355582], [89.9185028076173, 25.702688217163086], [89.91427612304693, 25.704008102416992], [89.91263580322294, 25.70706176757824], [89.90487670898455, 25.714780807495345], [89.89424133300787, 25.727239608764762], [89.8926162719726, 25.735000610351562], [89.89541625976568, 25.744119644165153], [89.89908599853544, 25.744050979614485], [89.911376953125, 25.741569519043082], [89.91613769531267, 25.739191055297795], [89.92186737060547, 25.73916816711437], [89.92794036865251, 25.741350173950195], [89.93350982666021, 25.74455070495611], [89.93464660644531, 25.7475395202639], [89.93371582031256, 25.7525310516358], [89.94351959228544, 25.76054191589361], [89.94668579101568, 25.764720916748104], [89.95239257812506, 25.770170211791935], [89.95524597167969, 25.774459838867188], [89.95501708984392, 25.781641006469783], [89.95260620117193, 25.783420562744197], [89.95081329345703, 25.79198074340843], [89.95199584960955, 25.810911178589095], [89.94935607910162, 25.81442260742199], [89.94561767578153, 25.816101074218977], [89.94581604003935, 25.820230484008903], [89.94458007812506, 25.82447814941412], [89.95056915283232, 25.824871063232365], [89.95886993408203, 25.826568603515682], [89.9679565429687, 25.826150894164982], [89.97354888916033, 25.82814025878912], [89.97589874267584, 25.83403968811035], [89.99080657959013, 25.83551025390625], [89.99471282959001, 25.838760375976562], [89.99780273437506, 25.839670181274528], [90.00160217285162, 25.842241287231445], [89.99983215332031, 25.843690872192496], [89.99743652343756, 25.844209671020565], [89.9975662231447, 25.84670066833496], [90.00026702880865, 25.848600387573242], [90.00831604003912, 25.846830368042106], [90.01152038574224, 25.849670410156477], [90.02076721191435, 25.861610412597656], [90.02191925048857, 25.865528106689453], [90.02137756347656, 25.868490219116268], [90.01872253417986, 25.8713703155517], [90.01436614990251, 25.871789932250977], [90.0097732543947, 25.875730514526424], [90.00473785400419, 25.878681182861328], [90.01525115966825, 25.88862037658697], [90.02126312255865, 25.89319038391119], [90.02791595458984, 25.89430999755882], [90.03450775146513, 25.893510818481445], [90.04209899902355, 25.890750885009822], [90.05219268798834, 25.89868927001976], [90.05507659912121, 25.90809059143089], [90.05892181396513, 25.91027069091797], [90.0633087158206, 25.91554832458496], [90.06761932373053, 25.916160583496094], [90.07242584228527, 25.91933822631836], [90.07797241210966, 25.91768074035656], [90.0794525146485, 25.919279098510856], [90.08072662353533, 25.924528121948242], [90.08738708496111, 25.92626953125], [90.09192657470732, 25.92876052856451], [90.08795928955095, 25.93619918823248], [90.0961227416995, 25.939519882202262], [90.09913635253918, 25.939260482788143], [90.10051727294916, 25.942068099975586], [90.10536956787115, 25.94193077087408], [90.10788726806646, 25.950590133667106], [90.11091613769537, 25.954111099243278], [90.11377716064459, 25.957439422607365], [90.11865234375, 25.961259841918945], [90.1200027465822, 25.95771980285656], [90.12322998046875, 25.957162857055778], [90.12844848632818, 25.958770751953352], [90.13407897949247, 25.957809448242244], [90.14002990722673, 25.958139419555607], [90.14739227294933, 25.964479446411133], [90.15339660644548, 25.96470069885254], [90.15448760986357, 25.9602108001709], [90.1583862304688, 25.958259582519645], [90.16349792480486, 25.95736122131359], [90.16848754882812, 25.95738029479986], [90.17265319824236, 25.958749771118164], [90.17611694335938, 25.9570827484132], [90.1805267333985, 25.947000503540266], [90.18251037597685, 25.944450378418026], [90.18566894531256, 25.945569992065657], [90.18945312500017, 25.953239440918196], [90.19396209716825, 25.957000732421875], [90.20844268798857, 25.96157264709467], [90.21112060546903, 25.95564079284668], [90.21276092529303, 25.953889846801815], [90.22737121582031, 25.955139160156307], [90.277816772461, 25.963172912597713], [90.2865829467774, 25.963899612426758], [90.32434082031256, 25.974380493164062], [90.32905578613298, 25.98269844055187], [90.32994842529325, 25.98850059509283], [90.33692169189459, 25.99016952514654], [90.33931732177729, 25.996860504150504], [90.34485626220697, 26.001239776611385], [90.34665679931646, 26.002952575683594], [90.36499023437506, 26.01032066345209], [90.38080596923834, 26.01164817810053], [90.38736724853544, 26.011262893676815], [90.39395141601568, 26.014101028442383], [90.39649963378935, 26.014150619506836], [90.3972930908206, 26.012229919433707], [90.40019226074236, 26.00928115844738], [90.40756225585966, 26.00756072998047], [90.41104125976557, 26.00587081909174], [90.41394042968767, 26.001319885253963], [90.41649627685553, 25.99685096740734], [90.41742706298834, 25.992340087890852], [90.42862701416033, 25.989040374755973], [90.44711303710955, 25.996530532836914], [90.45751953125011, 25.999572753906307], [90.45791625976591, 26.00134086608881], [90.45909881591791, 26.003231048583984], [90.46530151367193, 26.00722122192377], [90.4709014892581, 26.01259994506836], [90.47728729248047, 26.01526069641119], [90.48121643066435, 26.014022827148438], [90.48958587646513, 26.009639739990348], [90.49236297607428, 26.006509780884016], [90.49793243408209, 26.003650665283203], [90.50013732910173, 26.001361846923828], [90.50573730468756, 25.996021270751953], [90.51355743408209, 25.982370376586857], [90.52406311035162, 25.969900131225586], [90.529838562012, 25.961860656738395], [90.53446197509766, 25.958021163940543], [90.53479766845732, 25.9456405639649], [90.53378295898443, 25.936292648315543], [90.53221130371111, 25.93255233764671], [90.52616119384771, 25.928279876708984], [90.5185165405274, 25.909400939941463], [90.51110076904303, 25.900140762329215], [90.51254272460955, 25.896240234375057], [90.51801300048857, 25.89648056030279], [90.52548217773432, 25.90101051330572], [90.53360748291021, 25.90880012512207], [90.53917694091825, 25.91546058654785], [90.54682159423857, 25.919879913330078], [90.55335998535173, 25.929121017456055], [90.56324005126947, 25.935569763183707], [90.5713729858399, 25.939029693603743], [90.57273864746122, 25.944000244140625], [90.57277679443354, 25.94815063476574], [90.5787963867188, 25.95803070068365], [90.58245849609386, 25.95979118347168], [90.58727264404291, 25.953912734985465], [90.59185028076166, 25.952119827270565], [90.60193634033232, 25.951780319213867], [90.60539245605463, 25.9469509124757], [90.62901306152372, 25.9374294281007], [90.60756683349615, 25.91958045959484], [90.60650634765653, 25.912281036376953], [90.60809326171892, 25.908018112182674], [90.61074829101562, 25.90744972229004], [90.61419677734392, 25.89950942993164], [90.624809265137, 25.89889907836914], [90.62671661376982, 25.901359558105696], [90.62893676757818, 25.90654945373541], [90.62686157226568, 25.91127014160162], [90.62732696533197, 25.91699028015148], [90.63783264160156, 25.92333030700678], [90.65399169921903, 25.929662704467773], [90.67018890380871, 25.934259414672965], [90.67565155029297, 25.936479568481502], [90.68604278564482, 25.950809478759766], [90.7130966186524, 25.952182769775447], [90.71774291992182, 25.954708099365348], [90.72068023681646, 25.949171066284237], [90.72540283203142, 25.948770523071403], [90.73226928710955, 25.95256042480463], [90.74028778076189, 25.954910278320312], [90.7435531616211, 25.95667266845726], [90.74743652343761, 25.9573211669923], [90.74604797363287, 25.95264053344738], [90.74378967285162, 25.949430465698356], [90.74469757080078, 25.9465007781983], [90.74030303955095, 25.94089126586914], [90.74413299560553, 25.932790756225813], [90.74746704101591, 25.932319641113395], [90.75070953369169, 25.934080123901367], [90.75263977050776, 25.933959960937557], [90.74619293212908, 25.92193031311035], [90.7405395507813, 25.91521072387701], [90.74234008789057, 25.912950515747013], [90.74543762207048, 25.912290573120117], [90.7500610351563, 25.919240951538313], [90.75894927978516, 25.92164039611822], [90.75762939453142, 25.916570663452376], [90.75772094726568, 25.911071777343807], [90.76905059814447, 25.908510208129996], [90.77806091308611, 25.90829086303711], [90.77848815917974, 25.9143009185791], [90.78167724609392, 25.92124938964855], [90.7917022705081, 25.93573951721214], [90.7970962524414, 25.941471099853516], [90.80869293212919, 25.9471893310548], [90.80989074707048, 25.952159881591797], [90.82044982910162, 25.94842910766613], [90.82388305664068, 25.945100784301815], [90.8280029296875, 25.94742965698265], [90.832260131836, 25.945280075073185], [90.83619689941406, 25.947259902954215], [90.83676147460932, 25.938190460205078], [90.83983612060564, 25.938432693481502], [90.84104156494146, 25.94317054748541], [90.84323883056635, 25.94481086730957], [90.85679626464844, 25.94433021545433], [90.86960601806658, 25.942399978637752], [90.8728866577149, 25.942922592163143], [90.87240600585966, 25.946729660034237], [90.87523651123058, 25.949119567871207], [90.88022613525419, 25.946250915527457], [90.88143920898455, 25.950639724731502], [90.88298034667969, 25.951749801635685], [90.88835906982428, 25.94362068176281], [90.89238739013678, 25.939060211181697], [90.89646148681635, 25.93746948242199], [90.89704132080078, 25.935380935669002], [90.89537811279297, 25.931510925293026], [90.90119171142607, 25.929590225219727], [90.91252899169939, 25.920299530029297], [90.91607666015653, 25.915058135986442], [90.91911315917997, 25.91331100463873], [90.9162979125976, 25.928140640258846], [90.91587829589872, 25.943161010742244], [90.91834259033214, 25.943161010742244], [90.93206787109386, 25.93967247009283], [90.93466186523455, 25.941141128540153], [90.93749237060564, 25.944761276245117], [90.94274902343761, 25.947570800781364], [90.94557189941412, 25.939121246337834], [90.95384979248075, 25.936702728271484], [90.9579162597658, 25.93394279479986], [90.96063995361334, 25.927698135375977], [90.96689605712908, 25.905330657959098], [90.96730804443365, 25.89664077758789], [90.966606140137, 25.891000747680607], [90.96745300292986, 25.887180328369197], [90.97132873535162, 25.887670516967717], [90.97538757324247, 25.889450073242188], [90.98480224609392, 25.88993263244629], [90.9968872070313, 25.888679504394474], [91.00132751464872, 25.88648986816429], [91.01373291015653, 25.88431930541998], [91.02060699462919, 25.887279510498047], [91.02568054199224, 25.888380050659293], [91.02828979492205, 25.888570785522575], [91.02922058105469, 25.888048171997127], [91.02910614013678, 25.879850387573185], [91.02651977539091, 25.86662101745611], [91.02182769775408, 25.861331939697266], [91.01512908935564, 25.85906028747553], [91.01310729980474, 25.85719108581543], [91.01274108886724, 25.84884071350109], [91.00866699218767, 25.83823966979992], [91.00158691406267, 25.8257999420166], [91.00078582763666, 25.82225036621105], [91.00611114501982, 25.820779800415153], [91.01270294189459, 25.821090698242244], [91.0208129882812, 25.822620391845703], [91.02494049072271, 25.827560424804744], [91.04196929931669, 25.839401245117244], [91.0491027832033, 25.848808288574162], [91.065902709961, 25.846420288085994], [91.07853698730474, 25.852619171142635], [91.07299804687506, 25.842479705810547], [91.07287597656278, 25.83833122253418], [91.06751251220732, 25.836309432983512], [91.06179809570341, 25.83608055114769], [91.05722045898466, 25.832042694091854], [91.04988098144537, 25.828899383544922], [91.05902099609392, 25.822269439697266], [91.06326293945318, 25.82036972045904], [91.06653594970714, 25.825759887695312], [91.08135223388678, 25.82934188842779], [91.12078094482422, 25.831340789795036], [91.12634277343767, 25.83819961547863], [91.13168334960955, 25.841949462890568], [91.13790893554716, 25.842130661010742], [91.1453933715822, 25.847339630127067], [91.1528625488283, 25.850072860717887], [91.16165161132818, 25.84931945800787], [91.16819000244146, 25.845630645752067], [91.1790161132813, 25.842750549316406], [91.18176269531278, 25.844121932983455], [91.18547058105486, 25.849969863891715], [91.19303894042997, 25.855230331421012], [91.19647979736322, 25.859010696411133], [91.19812011718756, 25.85483169555664], [91.19866180419928, 25.847639083862305], [91.20262908935564, 25.84054183959961], [91.19451904296886, 25.83061027526867], [91.19431304931646, 25.826400756836165], [91.18987274169922, 25.820779800415153], [91.18815612792969, 25.815570831298828], [91.1909561157226, 25.810699462890625], [91.18724822998053, 25.803289413452205], [91.18474578857428, 25.795030593872184], [91.18396759033209, 25.782590866088867], [91.17993164062517, 25.77631950378418], [91.18118286132841, 25.773349761963004], [91.18591308593756, 25.769939422607365], [91.18569946289068, 25.766878128051758], [91.18917846679699, 25.763469696044922], [91.18871307373064, 25.73892974853527], [91.19233703613298, 25.7360897064209], [91.19198608398443, 25.729581832885742], [91.19799804687528, 25.730979919433594], [91.21586608886724, 25.72390937805187], [91.22144317626982, 25.72604942321783], [91.22387695312506, 25.723419189453182], [91.2324981689456, 25.729158401489315], [91.25537109375011, 25.74782943725586], [91.26228332519526, 25.749290466308594], [91.27562713623075, 25.746940612793082], [91.2764663696289, 25.751670837402457], [91.2795867919923, 25.75666236877447], [91.28729248046875, 25.764110565185604], [91.29689788818365, 25.778249740600586], [91.3063278198245, 25.796369552612305], [91.32498931884777, 25.823789596557617], [91.33242797851574, 25.832090377807674], [91.33217620849615, 25.833700180053654], [91.3335571289063, 25.83884048461914], [91.33642578125011, 25.838409423828182], [91.3424911499024, 25.83609962463379], [91.34439849853521, 25.839439392089957], [91.34855651855486, 25.840351104736328], [91.35330963134783, 25.83773994445812], [91.35688781738276, 25.841461181640682], [91.36370086669933, 25.84049034118658], [91.37049865722656, 25.844301223754883], [91.37686920166027, 25.844879150390682], [91.38211822509783, 25.846939086914062], [91.38851928710966, 25.847299575805778], [91.40119171142595, 25.851100921631087], [91.40509033203136, 25.84988021850586], [91.41272735595714, 25.853918075561467], [91.41889953613281, 25.85472106933588], [91.424301147461, 25.853559494018555], [91.43084716796886, 25.84776115417492], [91.44122314453142, 25.841630935668945], [91.44439697265653, 25.84102058410656], [91.44740295410162, 25.84566116333002], [91.45495605468767, 25.851312637329215], [91.4687271118164, 25.859029769897575], [91.47496032714838, 25.85719108581543], [91.47840118408203, 25.85768127441429], [91.48303985595709, 25.86289978027355], [91.4960327148438, 25.862340927124023], [91.50788116455084, 25.864799499511832], [91.51275634765642, 25.8665580749514], [91.51911926269537, 25.873121261596793], [91.52176666259771, 25.87434959411621], [91.52540588378912, 25.872890472412223], [91.5288772583009, 25.880870819091854], [91.53262329101562, 25.884069442749023], [91.53205871582037, 25.88815116882347], [91.52973937988298, 25.8896808624267], [91.52577972412115, 25.890108108520508], [91.52221679687528, 25.885932922363338], [91.51976776123075, 25.878021240234375], [91.51725006103527, 25.874671936035213], [91.5135498046875, 25.870950698852653], [91.50778198242188, 25.86744117736822], [91.49830627441412, 25.86720275878912], [91.49369049072283, 25.865528106689453], [91.47738647460949, 25.868722915649414], [91.47476196289057, 25.87123107910179], [91.47593688964861, 25.878038406372013], [91.47867584228521, 25.884681701660156], [91.48338317871111, 25.89105987548851], [91.4885330200197, 25.894849777221737], [91.49291992187517, 25.895578384399357], [91.49861145019526, 25.892467498779354], [91.5032577514649, 25.892160415649357], [91.50115203857422, 25.898469924926758], [91.50853729248047, 25.909759521484602], [91.52478027343767, 25.920789718627987], [91.53132629394537, 25.92371177673334], [91.53589630126959, 25.934001922607422], [91.52169799804688, 25.924850463867244], [91.51685333251959, 25.920021057128906], [91.51078033447294, 25.91543006896967], [91.5055770874024, 25.913080215454215], [91.50334167480497, 25.91432189941412], [91.50163269042997, 25.920761108398438], [91.51628875732433, 25.93832969665533], [91.51978302001947, 25.94089126586914], [91.51818847656256, 25.95280265808111], [91.51850128173845, 25.95815086364769], [91.52379608154297, 25.959409713745117], [91.52584838867216, 25.961320877075252], [91.53240966796892, 25.962240219116154], [91.53717041015642, 25.962100982666072], [91.5372772216798, 25.9683895111084], [91.54894256591825, 25.97509765625], [91.55126190185547, 25.974899291992188], [91.55484008789091, 25.986610412597713], [91.5653686523437, 26.001840591430664], [91.56608581542997, 26.00375938415533], [91.56513214111357, 26.007509231567496], [91.56859588623075, 26.01194953918457], [91.56971740722685, 26.01684188842779], [91.56880950927734, 26.021741867065543], [91.5700302124024, 26.027481079101676], [91.57583618164091, 26.03310966491722], [91.58409881591814, 26.031980514526424], [91.58812713623047, 26.03014945983881], [91.59706115722673, 26.01706123352062], [91.59680938720732, 26.020799636840877], [91.6018676757813, 26.02263069152832], [91.61654663085938, 26.024721145629826], [91.62029266357416, 26.027030944824276], [91.62610626220709, 26.02396965026861], [91.63215637207048, 26.022409439087028], [91.63339996337902, 26.01785087585472], [91.63210296630888, 26.013959884643555], [91.63302612304699, 26.004909515380973], [91.63207244873058, 26.00187110900879], [91.63044738769548, 25.999828338623047], [91.62671661376959, 25.997650146484375], [91.62866973876982, 25.995130538940487], [91.62471771240251, 25.98590278625511], [91.62679290771484, 25.9823894500733], [91.62802124023443, 25.97697067260748], [91.63214111328125, 25.970790863037053], [91.63794708251959, 25.964849472045955], [91.63408660888689, 25.9605007171632], [91.63011932373053, 25.944639205932674], [91.62462615966808, 25.94597053527832], [91.61093139648466, 25.944601058960018], [91.61115264892578, 25.939920425415096], [91.6227569580081, 25.93099021911621], [91.63282775878918, 25.925769805908146], [91.64791870117216, 25.91374015808111], [91.65148925781256, 25.90766906738287], [91.65688323974638, 25.907880783080998], [91.66194152832031, 25.9098796844483], [91.667236328125, 25.90818977355957], [91.66931152343744, 25.90538978576666], [91.67598724365229, 25.9118328094483], [91.67859649658209, 25.917320251464844], [91.68641662597662, 25.92124938964855], [91.6923217773438, 25.92910194396984], [91.70197296142595, 25.937929153442326], [91.700912475586, 25.94189071655296], [91.70816802978527, 25.944370269775618], [91.71393585205107, 25.94722938537609], [91.7201766967774, 25.95407104492199], [91.72162628173845, 25.96507835388195], [91.71977996826178, 25.978300094604492], [91.72116851806669, 26.001840591430664], [91.72276306152361, 26.01979827880865], [91.72466278076189, 26.027259826660213], [91.72318267822271, 26.030321121215877], [91.72640991210938, 26.046911239624137], [91.73295593261724, 26.05102920532238], [91.73458862304705, 26.056640625000057], [91.73126220703153, 26.0592098236084], [91.75948333740246, 26.07129287719721], [91.77851867675787, 26.091249465942496], [91.78042602539068, 26.08830070495617], [91.7845764160158, 26.086580276489258], [91.7903671264649, 26.08702087402355], [91.80178833007818, 26.10494041442871], [91.80805969238287, 26.103822708129996], [91.81080627441435, 26.10517120361328], [91.81555938720714, 26.111440658569336], [91.81931304931646, 26.118740081787223], [91.82655334472662, 26.118141174316406], [91.85383605957037, 26.10478973388672]]]}}, {"type": "Feature", "properties": {"ID_0": 105, "ISO": "IND", "NAME_0": "India", "ID_1": 24, "NAME_1": "Mizoram", "NL_NAME_1": null, "VARNAME_1": null, "TYPE_1": "State", "ENGTYPE_1": "State"}, "geometry": {"type": "Polygon", "coordinates": [[[92.80079650878923, 24.419050216674805], [92.80370330810553, 24.418790817260856], [92.80715942382818, 24.419862747192326], [92.80948638916044, 24.419300079345817], [92.80887603759771, 24.416891098022575], [92.80944061279303, 24.41523170471197], [92.81140136718778, 24.415372848510856], [92.81114959716803, 24.413642883300838], [92.81645202636736, 24.412250518798942], [92.81832885742205, 24.41272926330589], [92.82112884521513, 24.406780242919922], [92.82479095458979, 24.4041805267334], [92.83032989501953, 24.40175056457514], [92.83136749267584, 24.400501251220703], [92.83167266845703, 24.399341583251953], [92.8265991210938, 24.393552780151595], [92.82504272460938, 24.390491485595817], [92.82541656494158, 24.388429641723633], [92.82826232910173, 24.38557815551752], [92.82816314697277, 24.379310607910213], [92.82898712158197, 24.37776947021507], [92.8327026367188, 24.376369476318416], [92.83962249755888, 24.380800247192383], [92.84427642822283, 24.37986946105957], [92.84690856933588, 24.382299423218], [92.84909057617193, 24.386131286621094], [92.85164642334013, 24.392370223999023], [92.854476928711, 24.394001007080078], [92.85906219482433, 24.39841079711914], [92.86289978027372, 24.399499893188477], [92.8717880249024, 24.397050857543945], [92.87386322021501, 24.39725112915039], [92.87819671630854, 24.39888954162592], [92.88424682617199, 24.40303993225109], [92.88800811767584, 24.401630401611328], [92.89077758789057, 24.40229034423828], [92.89173126220697, 24.401790618896428], [92.89438629150419, 24.395309448242244], [92.89636230468767, 24.394300460815487], [92.90097808837896, 24.39343070983898], [92.90516662597662, 24.39445114135748], [92.90587615966814, 24.39537048339855], [92.90573120117193, 24.399059295654354], [92.9093093872072, 24.403169631958065], [92.91153717041044, 24.41290092468256], [92.92339324951166, 24.405719757080305], [92.92259979248075, 24.40415954589855], [92.92366027832037, 24.402610778808707], [92.9253768920899, 24.40221977233881], [92.92765045166033, 24.398628234863395], [92.93570709228521, 24.395540237426815], [92.93773651123064, 24.396709442138672], [92.93855285644537, 24.399021148681697], [92.94055175781278, 24.401050567626953], [92.94415283203153, 24.401832580566463], [92.95124816894526, 24.404830932617244], [92.95388793945341, 24.404621124267692], [92.95469665527344, 24.40388107299816], [92.9581375122072, 24.398050308227596], [92.96032714843756, 24.395881652832088], [92.97083282470714, 24.4012126922608], [92.97564697265653, 24.4077606201173], [92.98026275634783, 24.409690856933707], [92.98542785644548, 24.407560348510685], [92.98832702636724, 24.40764999389654], [92.99192047119158, 24.405492782592773], [92.99534606933611, 24.401950836181754], [92.99804687500006, 24.40157127380394], [93.0004959106447, 24.40327072143566], [93.02435302734392, 24.390470504760742], [93.0170974731447, 24.37996101379406], [93.02208709716803, 24.37421989440918], [93.02011108398438, 24.365972518921012], [93.01933288574213, 24.358848571777344], [93.02156829833996, 24.346820831298942], [93.03176116943376, 24.344490051269474], [93.0433731079101, 24.343389511108626], [93.03523254394531, 24.318399429321232], [93.02391815185541, 24.300741195678825], [93.0182189941408, 24.293159484863395], [93.01107788085949, 24.288080215454045], [93.00821685791027, 24.2804794311524], [93.01391601562506, 24.271669387817326], [93.00673675537138, 24.26279067993164], [93.00670623779325, 24.253959655761776], [93.01803588867205, 24.23637008666998], [93.02658843994135, 24.23263168334961], [93.01940917968756, 24.228849411010685], [93.01940155029297, 24.225088119506836], [93.02368164062528, 24.21756935119629], [93.02229309082037, 24.210060119628906], [93.01799774169916, 24.207548141479492], [93.01661682128918, 24.200031280517578], [93.01236724853521, 24.197540283203182], [93.0030364990235, 24.19752120971674], [93.00309753417997, 24.194311141967887], [93.0109176635745, 24.182212829589844], [93.0033111572265, 24.174049377441463], [93.00550079345709, 24.163211822509766], [93.00544738769548, 24.160610198974666], [93.00067138671892, 24.156730651855526], [92.99308013916016, 24.1531791687014], [92.99112701416016, 24.15032958984375], [92.99092102050776, 24.146869659423885], [92.99286651611345, 24.140390396118278], [92.98941040039062, 24.13178062438965], [92.986068725586, 24.12887954711914], [92.97756195068354, 24.12639045715332], [92.97360229492205, 24.12388038635254], [92.97486877441435, 24.11701965332037], [92.97637939453153, 24.11482048034668], [92.98477935791044, 24.11482048034668], [92.98929595947271, 24.116331100463867], [92.99642181396513, 24.11672973632824], [93.00068664550798, 24.115192413330078], [93.00968170166021, 24.1099529266358], [93.01410675048834, 24.1045303344726], [93.0214920043947, 24.101451873779297], [93.02729797363293, 24.103639602661076], [93.03029632568365, 24.100830078125227], [93.03469848632818, 24.099241256713924], [93.03769683837908, 24.095180511474666], [93.0536880493164, 24.090690612793026], [93.06519317626959, 24.09427070617687], [93.07377624511724, 24.10049057006836], [93.07949066162115, 24.102970123291016], [93.08522796630865, 24.090351104736328], [93.08950805664091, 24.084051132202262], [93.09520721435575, 24.080280303955078], [93.10234832763689, 24.074010848999023], [93.10090637207037, 24.066450119018782], [93.10234069824236, 24.062692642211914], [93.10092926025419, 24.0563907623291], [93.10376739501959, 24.052629470825252], [93.0995101928711, 24.048839569091854], [93.10092163085949, 24.045089721679688], [93.1066284179688, 24.04886054992687], [93.11087799072294, 24.050149917602596], [93.11231231689459, 24.055191040039062], [93.11940765380865, 24.056472778320256], [93.12081909179688, 24.060260772705078], [93.12937164306669, 24.06408119201666], [93.13507843017607, 24.07291984558111], [93.1350860595706, 24.079210281372013], [93.14219665527361, 24.08678817749029], [93.14791107177734, 24.088090896606673], [93.15846252441412, 24.083818435668945], [93.1613159179688, 24.077560424804915], [93.16987609863298, 24.075061798095646], [93.16986846923845, 24.07127952575695], [93.16697692871094, 24.061218261718864], [93.16983795166016, 24.05495262145996], [93.17552185058622, 24.053699493408146], [93.17838287353544, 24.05409622192377], [93.19400787353544, 24.05627059936529], [93.19825744628906, 24.052499771118278], [93.21673583984403, 24.05006027221691], [93.22100067138689, 24.061370849609432], [93.22242736816435, 24.0676727294923], [93.22525024414068, 24.073961257934627], [93.22241973876964, 24.08148956298828], [93.22383880615251, 24.084011077880973], [93.22667694091797, 24.08653068542492], [93.23663330078142, 24.08403968811035], [93.24233245849626, 24.086570739746207], [93.24801635742216, 24.08533859252941], [93.26371765136736, 24.07282066345209], [93.26373291015625, 24.06778907775879], [93.26660919189459, 24.060260772705078], [93.26374053955084, 24.05774116516119], [93.26232910156244, 24.05772972106945], [93.25238037109403, 24.03383064270014], [93.25670623779303, 24.028810501098746], [93.25528717041016, 24.023790359497127], [93.27394866943388, 24.03392028808605], [93.2767791748048, 24.040210723876953], [93.28536987304716, 24.046520233154297], [93.2881927490235, 24.05154991149908], [93.2982482910158, 24.05158996582037], [93.31254577636736, 24.054130554199332], [93.33737182617193, 24.05340003967291], [93.3382873535158, 24.05019187927246], [93.3422164916995, 24.044591903686467], [93.33600616455095, 24.04261016845703], [93.33323669433605, 24.039800643921012], [93.33764648437528, 24.03420829772972], [93.34216308593756, 24.03067016601574], [93.33810424804705, 24.02535629272461], [93.33692169189453, 24.02380943298334], [93.3375015258789, 24.021230697631893], [93.33779144287115, 24.019920349121094], [93.34031677246122, 24.012430191040153], [93.33934783935575, 24.002918243408317], [93.33927154541021, 24.002210617065543], [93.33895874023449, 23.99588966369629], [93.33442687988276, 23.98694992065424], [93.33744812011747, 23.98278999328619], [93.3423690795899, 23.98232841491722], [93.34739685058588, 23.980699539184627], [93.35160827636719, 23.97798156738287], [93.3531570434572, 23.97202110290533], [93.35587310791021, 23.961259841919173], [93.35988616943365, 23.954652786254996], [93.36241912841808, 23.950759887695426], [93.36493682861357, 23.945970535278377], [93.3678131103515, 23.943439483642692], [93.37104034423857, 23.94054031372076], [93.37573242187506, 23.937820434570426], [93.38124847412115, 23.936191558838004], [93.3909759521485, 23.934000015258846], [93.39871978759766, 23.93028068542486], [93.39961242675793, 23.92440032959007], [93.39919281005865, 23.918991088867188], [93.3975830078125, 23.912929534912223], [93.39673614501959, 23.898668289184627], [93.3955917358399, 23.887279510498104], [93.39544677734403, 23.876701354980526], [93.3964233398437, 23.870941162109375], [93.39688110351568, 23.86377906799322], [93.39656066894543, 23.858539581298942], [93.396713256836, 23.85070037841797], [93.39705657958984, 23.840932846069336], [93.40010070800798, 23.8353214263916], [93.39916229248053, 23.82421112060547], [93.40141296386736, 23.81941032409668], [93.40689849853544, 23.817148208618107], [93.40982818603533, 23.813610076904297], [93.41098022460938, 23.807729721069336], [93.41005706787115, 23.79879188537609], [93.40756988525396, 23.79021072387718], [93.40444946289062, 23.775051116943303], [93.4042282104495, 23.768989562988395], [93.40528869628912, 23.761590957641715], [93.40712738037126, 23.755620956421012], [93.4105377197265, 23.74864959716797], [93.41442871093756, 23.743480682373274], [93.41539764404303, 23.738420486450195], [93.41773223876964, 23.73254966735834], [93.41584014892607, 23.726860046386832], [93.41493225097656, 23.72261047363287], [93.41551971435564, 23.71809959411621], [93.41694641113287, 23.712129592895565], [93.41912078857416, 23.708421707153263], [93.42330169677763, 23.703990936279354], [93.42957305908232, 23.70071029663086], [93.43651580810564, 23.696178436279524], [93.4386596679688, 23.69219970703125], [93.44139862060575, 23.68832015991211], [93.44470214843767, 23.68242835998541], [93.44094085693365, 23.67819976806652], [93.43908691406261, 23.675739288330078], [93.43611907959001, 23.67178916931158], [93.43342590332026, 23.667190551757756], [93.43036651611322, 23.660230636596793], [93.42827606201166, 23.653549194336165], [93.42861938476591, 23.645151138305664], [93.42867279052734, 23.64480972290039], [93.43271636962908, 23.618761062622184], [93.43341064453153, 23.595090866088867], [93.4347457885745, 23.588840484619254], [93.43305206298828, 23.582439422607422], [93.42710876464872, 23.57169151306158], [93.42397308349615, 23.569351196289062], [93.42402648925793, 23.561580657959098], [93.42724609375006, 23.552980422973576], [93.42809295654297, 23.545200347900334], [93.42775726318376, 23.538248062133903], [93.42764282226574, 23.534370422363338], [93.42555999755888, 23.531211853027344], [93.42192840576183, 23.527160644531364], [93.4162063598634, 23.52048110961914], [93.4111633300783, 23.51325035095215], [93.40762329101574, 23.50848007202154], [93.4072875976562, 23.501970291137923], [93.40814971923834, 23.49646186828619], [93.40437316894543, 23.484989166259766], [93.4059371948245, 23.481010437011832], [93.40706634521513, 23.475311279296818], [93.40596008300776, 23.46726989746105], [93.40141296386736, 23.45697975158697], [93.39977264404303, 23.446872711181697], [93.39850616455107, 23.442880630493278], [93.39718627929682, 23.433311462402457], [93.39734649658232, 23.42617034912115], [93.39682769775408, 23.42247009277338], [93.39759826660173, 23.415500640869084], [93.39826202392584, 23.411260604858455], [93.40390777587908, 23.40166854858404], [93.40576171874994, 23.397600173950195], [93.40975189209013, 23.39190101623541], [93.41423797607428, 23.38801193237316], [93.40460968017607, 23.38349914550787], [93.40165710449224, 23.379539489746207], [93.39644622802751, 23.3740291595459], [93.39652252197271, 23.368061065673828], [93.39875030517595, 23.36427116394043], [93.38983917236334, 23.362751007080135], [93.37631988525396, 23.36259078979515], [93.3716201782226, 23.359790802002067], [93.36746978759783, 23.358089447021428], [93.3658065795899, 23.354480743408146], [93.36629486083984, 23.353477478027344], [93.36802673339861, 23.34994125366211], [93.37201690673828, 23.344249725341854], [93.37534332275396, 23.340990066528548], [93.37777709960955, 23.337549209594954], [93.37932586669928, 23.332679748535156], [93.37754821777344, 23.326799392700195], [93.37673187255888, 23.319480895996037], [93.37699127197283, 23.31278991699213], [93.3776473999024, 23.306552886963004], [93.37977600097668, 23.301221847534407], [93.38120269775408, 23.29361915588379], [93.38120269775408, 23.289920806884993], [93.37825012207043, 23.286760330200195], [93.37539672851591, 23.28261947631836], [93.3750610351562, 23.27457046508789], [93.37726593017584, 23.264169692993278], [93.37841796875006, 23.256130218505916], [93.38326263427729, 23.24481010437023], [93.38841247558588, 23.234960556030273], [93.39470672607416, 23.224279403686523], [93.39480590820318, 23.2195796966555], [93.38743591308622, 23.211200714111442], [93.38659667968756, 23.201980590820256], [93.38526153564459, 23.18797111511242], [93.38150024414091, 23.174882888794002], [93.38057708740263, 23.166908264160156], [93.3781127929687, 23.163499832153263], [93.37603759765642, 23.15888023376465], [93.37394714355486, 23.15030097961437], [93.37911224365251, 23.143610000610465], [93.38292694091814, 23.144681930542106], [93.39066314697294, 23.147920608520508], [93.39447784423857, 23.14440155029297], [93.39364624023443, 23.13861274719261], [93.38195800781267, 23.12751007080101], [93.37609863281256, 23.123991012573242], [93.3722763061524, 23.122642517089787], [93.36905670166021, 23.12058067321783], [93.36502075195318, 23.116689682006836], [93.3640213012697, 23.112730026245117], [93.36399841308588, 23.10621070861822], [93.36353302001959, 23.103090286254883], [93.36308288574236, 23.10007095336914], [93.3619995117188, 23.095371246338118], [93.35736846923845, 23.090950012207145], [93.35246276855474, 23.08462905883789], [93.35108947753906, 23.080301284790153], [93.35820007324224, 23.077941894531307], [93.35781097412115, 23.075393676757812], [93.357406616211, 23.07278060913086], [93.35296630859392, 23.064830780029354], [93.34516906738298, 23.064760208129883], [93.34503936767584, 23.064483642578125], [93.3406372070313, 23.05519104003912], [93.33676147460955, 23.043621063232422], [93.33264160156256, 23.035671234131087], [93.32959747314459, 23.03161048889183], [93.32408905029325, 23.024930953979435], [93.3212432861331, 23.02186012268072], [93.3155059814456, 23.022117614746037], [93.31498718261719, 23.022140502929688], [93.31176757812517, 23.018711090087947], [93.30616760253935, 23.01365089416504], [93.30195617675793, 23.008319854736328], [93.29772186279303, 23.005798339843807], [93.29590606689447, 23.005464553833065], [93.29332733154303, 23.004989624023438], [93.28816223144537, 23.004629135132063], [93.27858734130876, 23.005640029907227], [93.27391815185558, 23.0102596282959], [93.26806640625, 23.012340545654297], [93.25905609130888, 23.00872993469261], [93.2531967163086, 23.006481170654524], [93.2477416992188, 23.009559631347656], [93.24120330810564, 23.014080047607422], [93.23780059814459, 23.01761817932129], [93.23409271240263, 23.02186012268072], [93.23166656494158, 23.027111053466854], [93.22815704345732, 23.032819747924805], [93.22017669677729, 23.045200347900618], [93.21405792236357, 23.04935073852539], [93.20616912841803, 23.056869506835938], [93.20117950439459, 23.05778121948248], [93.19445037841797, 23.06031036376953], [93.19093322753912, 23.058229446411133], [93.18711090087896, 23.05715179443365], [93.1869354248048, 23.05718421936041], [93.18302154541033, 23.05796813964838], [93.1768264770509, 23.053077697753906], [93.17672729492205, 23.05299949645996], [93.17211914062494, 23.050830841064396], [93.1678314208985, 23.049020767212028], [93.16197967529325, 23.051919937133732], [93.15563964843756, 23.058071136474553], [93.1473388671875, 23.061691284179744], [93.14185333251953, 23.06060981750511], [93.1402893066408, 23.056451797485465], [93.13848114013678, 23.05482101440424], [93.13761901855486, 23.054042816162223], [93.1368713378908, 23.053369522094783], [93.13294219970709, 23.047500610351562], [93.133354187012, 23.04636955261236], [93.13507080078153, 23.04162979125988], [93.13582611083996, 23.035209655761776], [93.13436126708984, 23.031230926513672], [93.13162994384777, 23.02589988708496], [93.13414001464872, 23.019840240478743], [93.13578796386724, 23.012880325317383], [93.13021087646501, 23.006450653076172], [93.12919616699213, 23.000768661499023], [93.13340759277344, 22.996070861816463], [93.13739013671903, 22.994171142578182], [93.14257049560547, 22.99371910095215], [93.14499664306669, 22.987751007080078], [93.14762115478521, 22.980600357055664], [93.1480865478515, 22.97555160522461], [93.14652252197294, 22.970848083496094], [93.14272308349638, 22.968589782714844], [93.1425018310548, 22.96442031860346], [93.14620971679705, 22.961181640625227], [93.14882659912138, 22.956470489501953], [93.15164184570318, 22.949970245361328], [93.15260314941418, 22.941471099853572], [93.1534423828125, 22.93062019348139], [93.1572494506836, 22.926731109619197], [93.16172027587896, 22.92447090148937], [93.16610717773443, 22.9224796295166], [93.16835021972673, 22.919130325317496], [93.166488647461, 22.915880203247184], [93.16366577148449, 22.914094924926815], [93.16277313232416, 22.913530349731502], [93.15857696533197, 22.913619995117188], [93.15233612060564, 22.912910461425838], [93.14597320556669, 22.912902832031307], [93.13875579833984, 22.913179397583065], [93.13522338867193, 22.9072208404541], [93.13880920410162, 22.900171279907283], [93.13832855224638, 22.893390655517635], [93.1371459960938, 22.889591217041072], [93.13555145263689, 22.882551193237532], [93.13320159912104, 22.87520980834961], [93.13024902343756, 22.869430541992244], [93.1238784790039, 22.86591148376465], [93.1216659545899, 22.862752914428825], [93.12084960937517, 22.85479164123541], [93.12151336669933, 22.843402862549055], [93.12079620361357, 22.837339401245174], [93.11664581298845, 22.832618713378963], [93.11563110351591, 22.831462860107536], [93.11122131347668, 22.828212738037223], [93.11266326904314, 22.822160720825252], [93.11544036865263, 22.82125854492199], [93.11656951904325, 22.820890426635742], [93.11618804931669, 22.816280364990234], [93.11435699462908, 22.815370559692496], [93.10925292968756, 22.81283950805664], [93.10426330566423, 22.811761856079215], [93.0992660522461, 22.81040954589838], [93.102836608887, 22.79214286804222], [93.10365295410156, 22.78870010375988], [93.10402679443354, 22.78711128234869], [93.10797119140636, 22.770269393921012], [93.11134338378912, 22.753000259399528], [93.11268615722662, 22.744239807128906], [93.10916137695341, 22.737819671630803], [93.10456085205107, 22.731670379638786], [93.10192108154291, 22.727420806884822], [93.1008377075197, 22.719551086425838], [93.0990600585937, 22.714309692382812], [93.09545135498047, 22.71107101440441], [93.09175109863287, 22.709341049194393], [93.09794616699236, 22.7012996673584], [93.10417175292997, 22.696149826049805], [93.10688781738276, 22.68629074096691], [93.10668945312494, 22.681770324707088], [93.10315704345709, 22.678699493408146], [93.10354614257818, 22.674089431762695], [93.10482025146501, 22.670200347900447], [93.10742950439482, 22.66414070129406], [93.11062622070318, 22.65908050537115], [93.114517211914, 22.65492057800293], [93.11849975585966, 22.651481628418082], [93.11477661132818, 22.639190673828125], [93.11689758300787, 22.63512039184593], [93.12428283691423, 22.630050659179744], [93.12954711914091, 22.629241943359375], [93.13635253906256, 22.62290954589838], [93.13906860351574, 22.618209838867188], [93.14292907714838, 22.607629776001033], [93.1443710327149, 22.598859786987305], [93.14560699462885, 22.586122512817496], [93.13664245605463, 22.581836700439453], [93.13595581054693, 22.581510543823242], [93.13371276855474, 22.57733917236328], [93.13352966308605, 22.577222824096793], [93.12921905517578, 22.574462890624943], [93.12442016601591, 22.567050933837947], [93.12159729003923, 22.560001373291072], [93.11778259277361, 22.55891036987299], [93.11553192138672, 22.554748535156307], [93.11562347412138, 22.55388259887701], [93.11649322509771, 22.545801162719783], [93.11599731445341, 22.540470123291016], [93.11441802978521, 22.53685951232916], [93.1119232177735, 22.532232284546012], [93.11168670654314, 22.531789779663313], [93.1120681762697, 22.531646728515852], [93.11985015869135, 22.528709411621094], [93.12578582763672, 22.52853965759283], [93.13085174560553, 22.526100158691463], [93.13365936279303, 22.51993942260748], [93.13062286376959, 22.513980865478572], [93.12886047363298, 22.509820938110465], [93.13059234619158, 22.50592994689947], [93.13272094726568, 22.50177192687994], [93.13526153564482, 22.49897003173828], [93.13777923583979, 22.49509048461914], [93.13832855224638, 22.48658943176264], [93.13626861572266, 22.47961997985834], [93.13452148437528, 22.474849700927734], [93.13514709472673, 22.473905563354435], [93.1381912231447, 22.469320297241154], [93.14206695556646, 22.463260650634822], [93.14575195312528, 22.45846939086914], [93.14972686767584, 22.45593070983898], [93.15672302246111, 22.452140808105526], [93.16277313232416, 22.45376014709484], [93.17542266845703, 22.451320648193473], [93.17811584472662, 22.44662094116211], [93.18218994140653, 22.438751220703182], [93.18789672851574, 22.433670043945426], [93.1908111572265, 22.427259445190487], [93.18904113769543, 22.423280715942383], [93.18826293945318, 22.4189395904541], [93.18892669677751, 22.413511276245174], [93.19425964355469, 22.408901214599666], [93.19551086425787, 22.403301239013672], [93.19325256347685, 22.39913940429699], [93.1914901733399, 22.39587974548334], [93.19226837158209, 22.39083290100092], [93.19641113281256, 22.384122848510742], [93.19738006591803, 22.37997245788597], [93.19258880615234, 22.370838165283317], [93.19451141357428, 22.36343002319336], [93.19712829589861, 22.358631134033317], [93.19998168945312, 22.34361839294428], [93.19948577880865, 22.337198257446403], [93.2026672363283, 22.3336696624757], [93.20656585693365, 22.32953071594244], [93.20287322998064, 22.327262878417912], [93.19634246826166, 22.324640274047795], [93.19843292236322, 22.320110321044865], [93.19951629638678, 22.317768096923885], [93.20057678222673, 22.313150405883903], [93.20133972167986, 22.306100845337028], [93.20169830322266, 22.299860000610295], [93.20108795166044, 22.291990280151367], [93.20155334472656, 22.28647994995123], [93.20192718505876, 22.280870437622127], [93.20395660400419, 22.27572250366211], [93.20732879638678, 22.26967048645031], [93.20925903320324, 22.26622009277355], [93.20858001709001, 22.26106834411621], [93.19641113281256, 22.255649566650334], [93.19036865234386, 22.249692916870345], [93.18366241455084, 22.2491397857666], [93.17093658447294, 22.249700546264876], [93.16597747802763, 22.248880386352653], [93.16033935546892, 22.247079849243164], [93.15718841552746, 22.247432708740348], [93.15463256835938, 22.24771881103527], [93.15149688720732, 22.248069763183707], [93.14710998535185, 22.246540069580078], [93.14643096923828, 22.241111755371094], [93.15194702148455, 22.234689712524414], [93.15650939941423, 22.22871971130394], [93.15764617919939, 22.223119735717773], [93.15627288818388, 22.21742057800293], [93.15856933593744, 22.211202621460075], [93.15907287597662, 22.209840774536133], [93.16594696044928, 22.20522117614746], [93.16982269287104, 22.200059890747184], [93.16677093505854, 22.1943416595459], [93.1663970947265, 22.19363975524908], [93.16537475585943, 22.19028472900402], [93.16295623779291, 22.1823406219483], [93.15441131591814, 22.1781902313233], [93.14839172363287, 22.17683029174816], [93.14286804199224, 22.176780700683537], [93.13868713378918, 22.176740646362248], [93.13070678710966, 22.17909049987793], [93.12751770019548, 22.182350158691406], [93.1227798461914, 22.189041137695312], [93.1198806762697, 22.198530197143555], [93.11717987060541, 22.201330184936467], [93.11238861084013, 22.200803756713867], [93.11154174804693, 22.200710296630803], [93.10221862792974, 22.198801040649414], [93.09726715087896, 22.1993408203125], [93.08882141113298, 22.202600479125977], [93.08769226074224, 22.2035751342774], [93.08589935302729, 22.2051296234132], [93.08154296875017, 22.208391189575252], [93.07698822021501, 22.21010971069336], [93.0724716186524, 22.208526611328182], [93.07154083251964, 22.20820045471197], [93.06764984130876, 22.206390380859375], [93.05977630615229, 22.203952789306584], [93.05385589599604, 22.20322990417492], [93.04913330078142, 22.199544906616268], [93.04830932617216, 22.198900222778434], [93.0466613769533, 22.197620391845817], [93.04608917236345, 22.19658851623541], [93.04565429687494, 22.195796966552734], [93.04450988769526, 22.193729400634766], [93.04653930664068, 22.190019607543945], [93.05370330810564, 22.1758193969726], [93.05493927001959, 22.165430068969727], [93.0520095825197, 22.15666007995617], [93.05082702636719, 22.1501407623291], [93.04801940917974, 22.14581108093273], [93.04698944091791, 22.139059066772518], [93.04692840576178, 22.138669967651424], [93.05409240722673, 22.131700515747127], [93.05921936035156, 22.12754058837902], [93.06260681152372, 22.120861053466797], [93.06648254394548, 22.11326980590843], [93.06556701660162, 22.102052688598576], [93.05976104736357, 22.099790573120174], [93.05208587646496, 22.09924125671398], [93.0462722778322, 22.101320266723633], [93.03917694091791, 22.10493087768566], [93.03649139404325, 22.10493087768566], [93.03219604492193, 22.10493087768566], [93.02297973632812, 22.105649948120117], [93.0159759521485, 22.105470657348746], [93.01326751709001, 22.1022109985351], [93.01325225830078, 22.09805107116705], [93.01558685302734, 22.093080520629996], [93.01449584960943, 22.0852108001709], [93.01175689697283, 22.079330444335938], [93.00807189941435, 22.06991958618164], [93.00377655029303, 22.061149597168082], [93.00076293945318, 22.05564117431652], [92.99996948242193, 22.050380706787223], [92.99994659423828, 22.03954124450695], [93.00066375732422, 22.03629875183117], [93.00158691406278, 22.032121658325195], [93.00671386718778, 22.02301216125511], [93.00845336914091, 22.01992034912115], [93.01037597656244, 22.011150360107422], [93.00958251953153, 22.002651214599837], [93.01014709472685, 21.995780944824162], [93.00985717773455, 21.991720199584904], [93.00924682617188, 21.983930587768555], [93.00662994384771, 21.979860305786133], [92.99897766113298, 21.97794914245617], [92.99238586425793, 21.98084068298334], [92.98802947998075, 21.982919692993164], [92.98739624023443, 21.9849605560305], [92.98580932617205, 21.990062713623274], [92.98175048828153, 22.00189971923828], [92.97953033447283, 22.00641059875511], [92.97313690185575, 22.00995254516613], [92.96945190429693, 22.014110565185604], [92.9669265747072, 22.020259857177848], [92.96656799316406, 22.027120590210018], [92.96093750000028, 22.030189514160213], [92.95580291748075, 22.02992057800293], [92.95281982421892, 22.027385711669922], [92.95111846923828, 22.02593994140625], [92.94843292236345, 22.022861480713118], [92.94210815429688, 22.018341064453125], [92.94023895263689, 22.018766403198356], [92.93463897705107, 22.020040512085018], [92.93161010742188, 22.017509460449162], [92.93395996093756, 22.014751434326115], [92.93569183349615, 22.012720108032283], [92.93908691406267, 22.00855827331543], [92.9321670532226, 22.00186157226574], [92.92771148681646, 21.99588966369629], [92.92479705810547, 21.987110137939453], [92.9222564697265, 21.980802536010856], [92.91944885253923, 21.97382164001465], [92.91575622558622, 21.965049743652457], [92.91446685791033, 21.95663070678711], [92.91610717773466, 21.949409484863395], [92.91088867187506, 21.946229934692326], [92.90797424316423, 21.95045471191412], [92.9058380126956, 21.95355033874523], [92.90471649169922, 21.980760574340763], [92.90133666992188, 21.9903507232666], [92.89640808105474, 22.0039005279541], [92.89425659179705, 22.011962890625114], [92.88942718505888, 22.0181827545166], [92.88574218750006, 22.021520614624023], [92.8795394897461, 22.02593994140625], [92.87467956542974, 22.030099868774528], [92.87246704101557, 22.036510467529297], [92.87130737304716, 22.046649932861328], [92.87014770507841, 22.054241180419865], [92.87016296386747, 22.060750961303825], [92.86773681640642, 22.06536293029791], [92.86328125000028, 22.06762123107916], [92.856986999512, 22.065631866455192], [92.85463714599615, 22.064889907836914], [92.8490219116211, 22.062351226806868], [92.84464263916016, 22.063432693481502], [92.84464263916016, 22.068130493164062], [92.84144592285156, 22.072010040283203], [92.8365097045899, 22.076351165771428], [92.83249664306646, 22.076440811157283], [92.82563781738287, 22.079669952392578], [92.82028961181646, 22.090339660644645], [92.81709289550787, 22.095569610595817], [92.8104095458985, 22.097640991210938], [92.8033294677735, 22.10225105285639], [92.79515838623053, 22.106210708618278], [92.78878784179705, 22.108909606933594], [92.78312683105474, 22.108631134033203], [92.77741241455084, 22.109790802001953], [92.77675628662126, 22.110015869140568], [92.7737426757813, 22.111049652099723], [92.77305603027372, 22.11178016662592], [92.76925659179716, 22.115840911865178], [92.7701263427735, 22.12306976318365], [92.76567077636719, 22.126319885253963], [92.75129699707043, 22.132709503173885], [92.74314117431669, 22.135948181152457], [92.73781585693354, 22.13900947570812], [92.73275756835943, 22.149589538574276], [92.71788787841803, 22.152629852295036], [92.70797729492193, 22.153511047363224], [92.70343780517607, 22.153781890869254], [92.70034027099615, 22.14964294433605], [92.69935607910162, 22.148332595825252], [92.7006225585937, 22.138389587402457], [92.69966888427729, 22.122390747070426], [92.69896697998047, 22.11822128295904], [92.69713592529308, 22.09930992126465], [92.69754791259794, 22.086221694946232], [92.6969528198245, 22.080881118774357], [92.69355773925776, 22.077249526977653], [92.69132232666033, 22.08113098144554], [92.69062805175787, 22.094789505004996], [92.68955993652338, 22.107091903686637], [92.6864471435548, 22.1094207763673], [92.68383789062494, 22.105348587036133], [92.6845321655274, 22.09205055236839], [92.68530273437511, 22.085550308227596], [92.68550872802763, 22.081739425659123], [92.68578338623064, 22.07650947570795], [92.68685913085966, 22.069910049438533], [92.68725585937528, 22.06312751770031], [92.68628692626982, 22.058599472045955], [92.68667602539091, 22.050010681152344], [92.68997955322283, 22.04097938537609], [92.6894989013673, 22.035739898681584], [92.68794250488287, 22.03239059448248], [92.68817138671886, 22.030719757080192], [92.68843841552751, 22.02858924865734], [92.687271118164, 22.023878097534237], [92.68435668945324, 22.017910003662337], [92.68077850341791, 22.014190673828352], [92.67681121826189, 22.014091491699162], [92.67154693603521, 22.014711380004826], [92.66322326660185, 22.015501022338924], [92.65924072265625, 22.014722824096737], [92.64929962158232, 22.00341415405296], [92.64469909667997, 21.998189926147575], [92.64100646972662, 21.992210388183594], [92.63791656494158, 21.988670349121207], [92.63006591796875, 21.98495292663597], [92.62895202636736, 21.98461723327648], [92.6181259155274, 21.981380462646428], [92.61231994628906, 21.980289459228516], [92.61193084716791, 21.9818496704101], [92.61178588867205, 21.981702804565487], [92.60968017578142, 21.97683715820324], [92.60926818847656, 21.979230880737532], [92.60923004150419, 21.982749938964957], [92.60878753662115, 21.983842849731445], [92.60874938964844, 21.98610115051264], [92.60809326171903, 21.987440109253157], [92.60888671875, 21.992839813232422], [92.61154174804682, 21.995809555053768], [92.61154937744135, 22.000169754028434], [92.61039733886713, 22.003410339355412], [92.61019897460966, 22.00398063659668], [92.60881042480474, 22.00612068176264], [92.60824584960949, 22.006759643554744], [92.6072082519533, 22.007930755615234], [92.60646057128906, 22.00930976867687], [92.60513305664068, 22.010099411010742], [92.6041870117188, 22.015062332153434], [92.6041870117188, 22.02021980285656], [92.60419464111334, 22.020500183105526], [92.60426330566435, 22.025320053100586], [92.60485839843778, 22.0308895111084], [92.603988647461, 22.031890869140625], [92.60308074951178, 22.031990051269645], [92.60132598876959, 22.034400939941634], [92.59902954101568, 22.037759780883903], [92.59998321533209, 22.040359497070426], [92.60058593750006, 22.04381942749029], [92.60146331787126, 22.04541015625], [92.60225677490251, 22.046850204467717], [92.60473632812517, 22.049879074096793], [92.60521697998075, 22.05183982849121], [92.60498046875006, 22.057630538940657], [92.60475921630865, 22.057758331298885], [92.60366821289074, 22.058389663696232], [92.60330963134794, 22.058969497680664], [92.60235595703153, 22.05937004089361], [92.6011581420899, 22.060470581054688], [92.60067749023432, 22.061981201171875], [92.59919738769548, 22.064479827880973], [92.59949493408232, 22.066202163696232], [92.59992980957031, 22.06870079040533], [92.60002899169928, 22.06950187683117], [92.59970855712919, 22.07061004638672], [92.59776306152355, 22.07407951354992], [92.59732055664068, 22.07483291625971], [92.5958099365235, 22.077390670776367], [92.59500885009783, 22.078140258789176], [92.59326171875017, 22.08216285705572], [92.59172058105469, 22.086479187011946], [92.59136199951189, 22.087511062622184], [92.59076690673828, 22.089220046997127], [92.58867645263672, 22.09415054321289], [92.58761596679693, 22.096942901611442], [92.5866317749024, 22.099519729614315], [92.58441162109386, 22.105510711670036], [92.5841369628908, 22.106201171874943], [92.5826873779298, 22.108631134033203], [92.58061218261747, 22.111757278442496], [92.58024597167997, 22.1123104095459], [92.5783233642581, 22.114770889282283], [92.57530212402338, 22.118299484252987], [92.5736694335938, 22.121570587158146], [92.57187652587885, 22.124828338623047], [92.5716171264649, 22.12585067749029], [92.57128906250028, 22.126750946044922], [92.5704193115235, 22.12912178039562], [92.57118225097662, 22.1323299407959], [92.57538604736334, 22.13369941711437], [92.58024597167997, 22.1339626312257], [92.5853118896485, 22.134809494018555], [92.58763885498053, 22.13965988159191], [92.59162902832037, 22.13817024230957], [92.59648132324213, 22.13656044006359], [92.59654998779303, 22.13647270202648], [92.59796142578153, 22.13470840454113], [92.60176849365246, 22.12993049621582], [92.6046676635745, 22.12628936767578], [92.60489654541033, 22.125997543334904], [92.60997772216825, 22.12130928039562], [92.61215972900408, 22.133132934570312], [92.61366271972656, 22.14209747314453], [92.61479187011713, 22.14685821533203], [92.61452484130865, 22.14773178100586], [92.6138305664062, 22.149969100952205], [92.61374664306646, 22.150711059570312], [92.61406707763689, 22.15513038635254], [92.61347198486328, 22.16059112548828], [92.61389160156267, 22.172941207885742], [92.61161041259766, 22.176088333129883], [92.60906219482416, 22.176549911498967], [92.6071319580081, 22.177871704101676], [92.6063766479495, 22.178390502929744], [92.60475158691412, 22.182510375976506], [92.60456848144537, 22.186660766601676], [92.60356903076189, 22.18959999084467], [92.60305023193365, 22.194629669189453], [92.6025009155274, 22.200019836425895], [92.6013870239259, 22.20289039611822], [92.60132598876959, 22.205120086669922], [92.60041809082037, 22.20938110351574], [92.60073089599626, 22.21487045288086], [92.59953308105463, 22.222150802612305], [92.59858703613281, 22.227130889892635], [92.59770202636724, 22.232080459594783], [92.59826660156256, 22.238500595092887], [92.5979461669923, 22.248300552368278], [92.59767913818376, 22.257150650024414], [92.59700012207043, 22.25918006896984], [92.59503936767584, 22.26496124267578], [92.59284973144526, 22.271312713623047], [92.59041595459001, 22.276790618896598], [92.5889282226563, 22.28243064880371], [92.58849334716814, 22.284572601318416], [92.58616638183622, 22.289381027221737], [92.58563995361345, 22.294862747192496], [92.5856704711914, 22.303680419921875], [92.58743286132818, 22.317480087280387], [92.58753204345703, 22.32098007202171], [92.58699035644548, 22.32245063781744], [92.58539581298857, 22.32829093933111], [92.58454132080084, 22.331029891967717], [92.58409881591797, 22.33242988586437], [92.58239746093767, 22.337432861328125], [92.58109283447266, 22.340930938720703], [92.57949066162138, 22.347070693969954], [92.5780868530274, 22.35268974304222], [92.57791900634777, 22.353380203247127], [92.57785034179688, 22.354290008544922], [92.57740020751947, 22.356580734253043], [92.57707214355486, 22.360240936279297], [92.57633972167974, 22.3631401062014], [92.57473754882807, 22.3670597076416], [92.5731964111331, 22.370910644531364], [92.57031250000028, 22.377090454101562], [92.56933593750011, 22.380952835083008], [92.56809997558611, 22.383501052856673], [92.56735229492205, 22.386121749878043], [92.56690216064482, 22.387699127197266], [92.56562042236345, 22.391870498657283], [92.56598663330095, 22.393579483032283], [92.56542205810564, 22.397066116333065], [92.564453125, 22.403049468994254], [92.56466674804705, 22.40570068359375], [92.5641479492188, 22.414131164550838], [92.56407165527344, 22.414871215820312], [92.56212615966825, 22.426109313964844], [92.56199645996111, 22.42683982849121], [92.56183624267584, 22.42758941650385], [92.55945587158232, 22.437900543213118], [92.55899810791021, 22.44256973266596], [92.55831146240263, 22.44832992553711], [92.55815887451172, 22.451379776001033], [92.55812072753935, 22.452161788940373], [92.55760955810564, 22.462690353393555], [92.55748748779303, 22.463502883911076], [92.55593872070318, 22.469129562377873], [92.5531997680664, 22.481111526489258], [92.55146026611322, 22.492160797119084], [92.55055236816423, 22.50250053405756], [92.5504913330081, 22.503690719604492], [92.5502319335938, 22.506231307983626], [92.550033569336, 22.508214950561637], [92.54993438720697, 22.509809494018555], [92.5504684448245, 22.510959625244368], [92.55123901367216, 22.514810562133732], [92.55175781250006, 22.51616096496582], [92.55168151855486, 22.517351150512695], [92.55265045166033, 22.518949508666992], [92.55278015136747, 22.52050018310547], [92.55213928222662, 22.52099037170416], [92.54972076416044, 22.5224609375], [92.54920959472673, 22.52242469787609], [92.54872131347662, 22.522390365600586], [92.54773712158209, 22.524379730224723], [92.5470962524414, 22.525720596313477], [92.54763031005888, 22.527940750122184], [92.54688262939447, 22.530740737915266], [92.54564666748053, 22.532890319824162], [92.54514312744169, 22.535980224609375], [92.54503631591814, 22.536979675293026], [92.54492950439464, 22.538200378418082], [92.5441284179688, 22.541900634765625], [92.54342651367216, 22.546749114990234], [92.54297637939459, 22.549840927124023], [92.54161834716803, 22.554100036621094], [92.53990936279303, 22.5545272827149], [92.53926086425776, 22.554689407348633], [92.53795623779314, 22.553880691528434], [92.53713989257841, 22.555429458618107], [92.5374603271485, 22.558120727539062], [92.53755187988281, 22.558887481689567], [92.536849975586, 22.560739517212028], [92.53560638427763, 22.561410903930664], [92.5349731445313, 22.561939239502067], [92.53412628173828, 22.561853408813533], [92.53272247314464, 22.561710357666072], [92.53144836425781, 22.5623397827149], [92.53190612792974, 22.563829421997013], [92.53197479248075, 22.563964843749943], [92.53314208984403, 22.566110610961857], [92.53380584716803, 22.569839477539176], [92.53350830078153, 22.571010589599666], [92.5337295532226, 22.57498931884777], [92.53449249267572, 22.57538032531761], [92.53505706787104, 22.575199127197266], [92.5357513427735, 22.575689315795955], [92.53685760498053, 22.575170516967717], [92.53868103027338, 22.575450897216854], [92.5396804809572, 22.5764999389649], [92.54033660888678, 22.578317642211857], [92.54049682617193, 22.57875061035162], [92.54019927978544, 22.581361770629996], [92.5399627685548, 22.583911895751896], [92.53988647460955, 22.585420608520508], [92.5401000976563, 22.58843994140625], [92.54001617431635, 22.59234046936041], [92.53987121582048, 22.600191116333065], [92.53980255126982, 22.604110717773494], [92.53816223144548, 22.608341217041016], [92.53724670410162, 22.614059448242244], [92.5359573364259, 22.617748260498104], [92.53630065917974, 22.622381210327205], [92.53623199462908, 22.626930236816406], [92.53536987304693, 22.630050659179744], [92.53529357910173, 22.63037872314453], [92.53404998779308, 22.635690689087028], [92.5340194702149, 22.637990951538086], [92.5339660644533, 22.642839431762695], [92.53263092041033, 22.651090621948185], [92.53174591064459, 22.656141281127987], [92.52913665771513, 22.663539886474837], [92.52839660644531, 22.664882659912337], [92.52780151367216, 22.66596031188959], [92.52738189697277, 22.669130325317383], [92.52703857421903, 22.675069808960075], [92.52697753906256, 22.676160812377987], [92.52631378173845, 22.677743911743164], [92.52388000488287, 22.683521270751953], [92.52156829834001, 22.687820434570312], [92.52040100097673, 22.695329666137752], [92.51918792724638, 22.700920104980412], [92.51761627197271, 22.707719802856502], [92.51505279541016, 22.714439392089957], [92.51342010498053, 22.71931076049816], [92.51052856445318, 22.724929809570426], [92.50717926025419, 22.732368469238395], [92.50434112548857, 22.735540390014933], [92.50421142578142, 22.735679626464844], [92.50589752197283, 22.73576927185053], [92.51139831542997, 22.736610412597827], [92.5100708007812, 22.738189697265852], [92.50569915771484, 22.73942947387718], [92.50308227539062, 22.741138458251953], [92.5052108764649, 22.743602752685547], [92.50551605224626, 22.74395942688011], [92.50443267822271, 22.744182586669922], [92.48864746093756, 22.747440338134993], [92.48825073242193, 22.747714996338004], [92.48461914062506, 22.750249862671012], [92.48722839355486, 22.751777648925838], [92.49140930175798, 22.752040863037337], [92.49212646484403, 22.753862380981445], [92.49137878417963, 22.754671096801985], [92.48815917968767, 22.757070541381893], [92.48741912841814, 22.75966072082548], [92.48130035400408, 22.762451171875057], [92.48464965820324, 22.764450073242358], [92.48383331298834, 22.7653102874757], [92.48365783691412, 22.76600837707514], [92.48313140869169, 22.766889572143725], [92.48324584960938, 22.770820617675838], [92.48652648925787, 22.772830963134993], [92.48278045654325, 22.776901245117188], [92.48266601562517, 22.778787612914982], [92.48252105712896, 22.78170013427757], [92.4776611328125, 22.784280776977653], [92.47705841064482, 22.786640167236442], [92.47654724121111, 22.78764152526867], [92.47644042968756, 22.78907012939453], [92.47599029541033, 22.790702819824503], [92.47663879394543, 22.79348945617693], [92.4779663085938, 22.796159744262866], [92.47779083251982, 22.79833030700678], [92.47281646728521, 22.80081939697294], [92.47123718261724, 22.802770614624023], [92.47013854980474, 22.804201126098633], [92.4688262939456, 22.807100296020735], [92.46962738037138, 22.810287475586165], [92.46646881103521, 22.81054878234886], [92.46261596679705, 22.814060211181697], [92.46256256103544, 22.814172744751204], [92.4616928100586, 22.816049575805664], [92.46118927001964, 22.816850662231673], [92.46063995361357, 22.818378448486328], [92.46067047119135, 22.820108413696346], [92.45883941650396, 22.820920944214095], [92.45768737792969, 22.821136474609375], [92.45748901367205, 22.822988510131836], [92.45915222167963, 22.82357978820812], [92.45842742919939, 22.826370239258097], [92.45915222167963, 22.82740974426281], [92.45918273925798, 22.828029632568473], [92.46000671386724, 22.829088211059855], [92.46166229248064, 22.829750061035384], [92.46292877197294, 22.830579757690373], [92.46444702148466, 22.831890106201172], [92.46475982666021, 22.832761764526424], [92.46404266357428, 22.834398269653548], [92.46311950683622, 22.836509704589957], [92.45941925048834, 22.840080261230526], [92.45751190185553, 22.841730117797795], [92.46125030517572, 22.843391418456974], [92.46318817138689, 22.842510223388786], [92.4645004272461, 22.843219757080305], [92.46286010742193, 22.84506607055664], [92.46112823486334, 22.847009658813533], [92.46166992187517, 22.848680496216048], [92.45997619628906, 22.85215759277355], [92.45947265625011, 22.852710723876953], [92.45919799804705, 22.85377120971691], [92.46103668212919, 22.85332107543968], [92.46185302734392, 22.85340118408226], [92.46305847167974, 22.853200912475643], [92.46340179443376, 22.853128433227823], [92.46385955810558, 22.85303115844721], [92.46466064453153, 22.853790283203182], [92.46437072753912, 22.856027603149357], [92.46283721923828, 22.85783958435053], [92.46221923828142, 22.858430862426985], [92.46221160888672, 22.858570098876896], [92.46205902099626, 22.860391616821403], [92.46093750000006, 22.861530303955305], [92.45897674560564, 22.861980438232536], [92.45813751220714, 22.86207008361822], [92.45619964599615, 22.862501144409407], [92.45452880859403, 22.863479614257812], [92.45352935791021, 22.86556053161644], [92.45464324951178, 22.867429733276367], [92.45539093017595, 22.86898994445812], [92.45745849609392, 22.87046813964855], [92.45826721191412, 22.871959686279297], [92.45612335205095, 22.873859405517578], [92.45374298095709, 22.87539291381836], [92.45239257812506, 22.87589073181158], [92.45108032226574, 22.876888275146655], [92.45056152343744, 22.877531051635742], [92.45008087158209, 22.879060745239542], [92.45005798339844, 22.88140106201172], [92.4502258300783, 22.88418960571289], [92.45017242431669, 22.885419845581282], [92.44837188720709, 22.886690139770792], [92.44789886474604, 22.890569686889876], [92.44753265380876, 22.89359092712425], [92.44552612304693, 22.89489364624029], [92.44521331787138, 22.895099639892805], [92.4450759887697, 22.894956588745345], [92.44323730468756, 22.89307022094738], [92.44193267822294, 22.89158058166504], [92.44168090820318, 22.891164779663143], [92.44113159179693, 22.890270233154297], [92.44082641601591, 22.889570236206055], [92.44039916992199, 22.88858032226574], [92.43940734863287, 22.88689041137718], [92.4382934570313, 22.886705398559684], [92.43784332275408, 22.886629104614485], [92.4376525878908, 22.88667106628435], [92.43691253662115, 22.88683128356928], [92.43633270263678, 22.885549545288086], [92.43289947509771, 22.8869304656983], [92.430717468262, 22.889720916748047], [92.43090820312528, 22.893829345703352], [92.43126678466825, 22.89525985717796], [92.42994689941435, 22.896709442138615], [92.42923736572283, 22.89875030517578], [92.42809295654314, 22.901781082153434], [92.42517089843778, 22.904939651489485], [92.42418670654308, 22.90606117248535], [92.42302703857428, 22.906080245971793], [92.42074584960943, 22.9089298248291], [92.41876220703142, 22.912960052490234], [92.42037963867216, 22.917190551757926], [92.42105865478533, 22.918668746948356], [92.42124176025408, 22.919059753418026], [92.42143249511736, 22.920120239257812], [92.41864776611334, 22.920270919799805], [92.41799163818376, 22.919452667236328], [92.41713714599638, 22.918390274047965], [92.4166564941408, 22.916820526123274], [92.41600036621122, 22.915779113769588], [92.4153671264649, 22.91547966003418], [92.41340637207048, 22.916070938110636], [92.41272735595709, 22.916120529175032], [92.41142272949247, 22.91673088073759], [92.41098785400396, 22.916860580444563], [92.4100189208985, 22.917150497436637], [92.40879058837885, 22.916282653808764], [92.40715026855474, 22.916059494018555], [92.40563201904303, 22.916099548339844], [92.40441131591791, 22.916530609130973], [92.40404510498064, 22.917026519775618], [92.40392303466803, 22.917190551757926], [92.40200042724615, 22.91991806030279], [92.40152740478544, 22.921680450439567], [92.40091705322277, 22.925460815429688], [92.40011596679693, 22.92745971679716], [92.39904785156278, 22.92931938171415], [92.3975906372072, 22.930879592895735], [92.39749145507841, 22.930948257446573], [92.39655303955107, 22.931600570678768], [92.39512634277344, 22.931921005249023], [92.39367675781278, 22.93161964416504], [92.39212799072271, 22.931070327759016], [92.3909759521485, 22.930711746216048], [92.39077758789068, 22.93070220947294], [92.3905105590822, 22.930681228637695], [92.3892211914063, 22.930580139160327], [92.38691711425798, 22.930629730224723], [92.38551330566435, 22.930389404297046], [92.3849411010745, 22.930318832397404], [92.3847198486331, 22.93028831481945], [92.38291168212908, 22.930139541626204], [92.3809890747072, 22.93028068542509], [92.37882232666044, 22.9309215545656], [92.37731170654325, 22.931749343872013], [92.37577819824247, 22.93376159667997], [92.37542724609375, 22.934881210327262], [92.3753280639649, 22.937311172485522], [92.37577819824247, 22.93988990783697], [92.37648010253912, 22.94207000732422], [92.37728118896513, 22.944580078125057], [92.37792968750017, 22.946460723877067], [92.3787460327149, 22.94852828979498], [92.37966156005876, 22.951250076293945], [92.38002014160173, 22.952739715576456], [92.3803176879884, 22.95549964904791], [92.37993621826183, 22.95824050903326], [92.379203796387, 22.959808349609375], [92.37872314453125, 22.96084976196289], [92.3782196044923, 22.962270736694393], [92.37783813476574, 22.96476936340349], [92.37802886962902, 22.96771049499506], [92.37879180908214, 22.971410751343], [92.37940216064482, 22.975719451904297], [92.37967681884766, 22.9769611358642], [92.3803100585938, 22.980699539184627], [92.38050079345709, 22.98188972473156], [92.38346099853533, 22.98549842834501], [92.38549804687528, 22.986930847168196], [92.38304138183588, 22.990970611572266], [92.38365173339861, 22.99155044555664], [92.38558197021501, 22.99345970153803], [92.3847961425783, 22.998281478881836], [92.38584136962896, 23.001710891723917], [92.38382720947283, 23.006498336791992], [92.38307952880876, 23.00780105590843], [92.38179016113287, 23.00996971130394], [92.382553100586, 23.01336288452154], [92.38403320312517, 23.017919540405273], [92.38578796386724, 23.02210807800293], [92.38655090332037, 23.02804756164562], [92.38598632812506, 23.03457069396967], [92.38556671142595, 23.037269592285384], [92.3854598999024, 23.037998199463175], [92.3904571533206, 23.041830062866268], [92.39064788818388, 23.04229164123558], [92.39263916015642, 23.04701995849632], [92.39311218261747, 23.049100875854776], [92.39322662353521, 23.049909591674748], [92.39364624023443, 23.052509307861442], [92.39366912841808, 23.058168411255167], [92.392318725586, 23.061372756958235], [92.39158630371122, 23.062540054321346], [92.39111328125017, 23.06423950195324], [92.39080810546886, 23.06493949890165], [92.38844299316423, 23.07007980346674], [92.38845825195318, 23.076219558716048], [92.38706970214861, 23.080219268799], [92.38597106933594, 23.081649780273608], [92.38587188720732, 23.08368110656761], [92.38388061523443, 23.08743095397955], [92.38243865966825, 23.085710525512695], [92.38033294677763, 23.086750030517578], [92.37901306152372, 23.087860107421932], [92.37804412841825, 23.088802337646655], [92.37747955322294, 23.0893497467041], [92.3772659301759, 23.090391159057617], [92.37635803222685, 23.091659545898494], [92.37452697753906, 23.095422744751147], [92.37404632568388, 23.096410751343058], [92.3730087280274, 23.097379684448356], [92.37077331542974, 23.0977401733399], [92.36904907226568, 23.098510742187727], [92.36882781982428, 23.10087966918968], [92.3674392700197, 23.10303115844755], [92.36625671386713, 23.10458946228033], [92.3661727905274, 23.10539054870617], [92.36579895019537, 23.105949401855696], [92.36535644531267, 23.11034965515148], [92.36786651611334, 23.113260269165096], [92.36837005615234, 23.11478042602539], [92.36885070800787, 23.11746978759777], [92.370346069336, 23.119951248169002], [92.37139892578153, 23.12240982055664], [92.37246704101568, 23.12458038330078], [92.37343597412115, 23.127870559692383], [92.37255096435541, 23.129520416259822], [92.37181854248064, 23.129989624023665], [92.37061309814482, 23.13133049011242], [92.3687820434572, 23.132280349731445], [92.36728668212896, 23.132181167602653], [92.36624145507841, 23.134830474853743], [92.36512756347656, 23.13664817810087], [92.36473846435541, 23.137420654297102], [92.36515808105486, 23.13878822326683], [92.36627197265625, 23.142459869384993], [92.3683395385745, 23.145280838012752], [92.36869049072294, 23.14603042602539], [92.36820983886736, 23.14797019958513], [92.3680419921875, 23.149539947509993], [92.36824035644537, 23.15238952636713], [92.36891174316435, 23.153371810913313], [92.36926269531278, 23.15389060974138], [92.36956024169939, 23.155519485473633], [92.37162780761736, 23.1597518920899], [92.37137603759794, 23.16107940673851], [92.37033081054688, 23.162670135498274], [92.36978912353521, 23.16640090942377], [92.3678283691408, 23.17130088806175], [92.36634063720709, 23.173980712890625], [92.36614227294928, 23.17601966857916], [92.36600494384771, 23.17641258239746], [92.36563110351574, 23.17748069763195], [92.36540985107428, 23.181499481201342], [92.36624145507841, 23.18346023559593], [92.36640167236357, 23.18348121643095], [92.36955261230486, 23.183908462524357], [92.36865234375006, 23.186250686645508], [92.36660766601591, 23.187522888183594], [92.36511993408197, 23.187900543212947], [92.36300659179716, 23.189199447631836], [92.36257171630865, 23.19071960449213], [92.36219787597668, 23.1920299530031], [92.36202239990263, 23.194709777832145], [92.36157226562506, 23.19709014892578], [92.36302947998047, 23.199230194091967], [92.36414337158232, 23.2014999389649], [92.36411285400419, 23.203798294067383], [92.36400604248064, 23.20522117614746], [92.36450958251982, 23.208761215210075], [92.36450958251982, 23.211509704589787], [92.3638763427735, 23.213888168335018], [92.36425018310553, 23.216730117798022], [92.36421203613298, 23.217941284179744], [92.36402893066423, 23.220159530639876], [92.3637084960938, 23.22227287292486], [92.36297607421903, 23.2253608703615], [92.36219787597668, 23.22742080688488], [92.36210632324236, 23.229251861572322], [92.36183929443388, 23.23046112060547], [92.36109924316435, 23.237537384033317], [92.36251831054693, 23.2385196685791], [92.36437225341814, 23.238418579101506], [92.36795806884794, 23.238548278808878], [92.36934661865251, 23.238857269287223], [92.3726425170899, 23.239585876464844], [92.37316131591814, 23.239700317383097], [92.37631225585949, 23.239749908447493], [92.3782196044923, 23.23997116088873], [92.38342285156244, 23.239910125732422], [92.3848495483399, 23.239940643310774], [92.38620758056646, 23.240022659301758], [92.38684082031278, 23.24008178710966], [92.38928985595732, 23.24008941650402], [92.3902969360351, 23.240409851074276], [92.39154815673834, 23.240530014038086], [92.39260101318376, 23.240642547607422], [92.39756011962908, 23.240600585937557], [92.39839172363287, 23.2407035827639], [92.39933776855474, 23.240819931030387], [92.40022277832031, 23.240940093994425], [92.40679168701178, 23.241956710815543], [92.40863037109392, 23.242242813110465], [92.40863037109392, 23.246080398559513], [92.40766906738298, 23.248010635376147], [92.40653228759783, 23.250000000000284], [92.40619659423834, 23.2518310546875], [92.40579986572283, 23.252780914306754], [92.40550994873075, 23.25580978393583], [92.40360260009794, 23.258409500122127], [92.40193176269526, 23.258859634399357], [92.40029907226568, 23.26019287109375], [92.39920043945324, 23.26144027709961], [92.39879608154303, 23.262100219726562], [92.39798736572266, 23.263469696045036], [92.39711761474638, 23.26497077941889], [92.39652252197271, 23.266321182251147], [92.39616394042997, 23.267202377319336], [92.3961029052735, 23.267351150512752], [92.39688110351568, 23.26836013793968], [92.39698028564453, 23.268480300903548], [92.39721679687517, 23.268808364868335], [92.39787292480497, 23.268329620361328], [92.39929199218767, 23.26728820800804], [92.40061187744158, 23.266321182251147], [92.40055084228544, 23.26732063293457], [92.40046691894531, 23.268690109252873], [92.40042877197283, 23.269350051879826], [92.39944458007807, 23.271709442138842], [92.39768981933622, 23.275920867919922], [92.39454650878923, 23.282131195068644], [92.39318084716814, 23.283279418945312], [92.39086151123041, 23.285230636596964], [92.38903808593756, 23.28881072998047], [92.39003753662115, 23.290380477905558], [92.38982391357428, 23.29446029663086], [92.38967895507841, 23.29726028442377], [92.38954925537126, 23.29831123352062], [92.38890838623075, 23.30352020263672], [92.38771057128912, 23.30855941772461], [92.38710784912126, 23.309480667114258], [92.38575744628923, 23.311349868774414], [92.38423156738298, 23.3134708404541], [92.38291168212908, 23.318067550659293], [92.38243103027372, 23.319351196289062], [92.38123321533209, 23.32067108154297], [92.38022613525408, 23.32067108154297], [92.37893676757818, 23.32119941711437], [92.37673187255888, 23.32116127014166], [92.37615966796903, 23.31961059570341], [92.37557983398466, 23.31900978088379], [92.3753280639649, 23.318189620971907], [92.3739318847658, 23.32059097290039], [92.37351226806635, 23.321332931518498], [92.37285614013678, 23.32292938232439], [92.37290954589872, 23.323600769043026], [92.3722229003908, 23.326799392700195], [92.3751678466798, 23.32818031311058], [92.37715148925798, 23.331529617309513], [92.3793563842774, 23.33518028259283], [92.3795013427735, 23.33567047119152], [92.38114929199219, 23.3413028717041], [92.38173675537126, 23.346780776977653], [92.38205718994169, 23.34741020202665], [92.38353729248053, 23.350210189819563], [92.38372039794928, 23.353620529174805], [92.38146972656278, 23.35647010803251], [92.38156127929705, 23.35913276672369], [92.3804016113283, 23.362489700317383], [92.37979125976591, 23.363229751586914], [92.37827301025385, 23.364240646362248], [92.37722015380865, 23.364778518676758], [92.37580871582031, 23.365289688110295], [92.37506103515642, 23.37026023864769], [92.37435913085943, 23.371021270752237], [92.37361145019537, 23.37047004699724], [92.37232971191435, 23.368560791015625], [92.37049865722673, 23.367290496826172], [92.36939239501959, 23.36709976196289], [92.36769866943365, 23.36688041687023], [92.36640167236357, 23.367380142212028], [92.36537933349615, 23.36794090270996], [92.36418914794939, 23.369520187377987], [92.36355590820341, 23.371400833129826], [92.363510131836, 23.37356948852556], [92.36419677734392, 23.37495994567871], [92.36658477783214, 23.377086639404524], [92.36727142334001, 23.377700805664062], [92.36872100830107, 23.378429412841854], [92.36914062500017, 23.3789005279541], [92.36869049072294, 23.38037109375], [92.36830139160168, 23.380540847778434], [92.36644744873041, 23.38134002685547], [92.36437225341814, 23.381242752075252], [92.3626785278322, 23.380870819092024], [92.36160278320318, 23.38088035583496], [92.36061859130865, 23.381149291992188], [92.35981750488298, 23.381288528442496], [92.3595733642581, 23.382402420044002], [92.35952758789074, 23.385320663452205], [92.3620910644533, 23.386520385742415], [92.36240386962919, 23.387128829955998], [92.36338806152372, 23.389060974121207], [92.36319732666044, 23.391019821166992], [92.36222076416044, 23.39105224609375], [92.36106109619169, 23.391090393066463], [92.36042022705084, 23.39131164550787], [92.35943603515642, 23.39202117919922], [92.35858917236357, 23.394720077514933], [92.3586730957033, 23.398149490356445], [92.3603820800783, 23.40205955505371], [92.3623123168947, 23.403799057006836], [92.36221313476591, 23.407421112060604], [92.36177062988287, 23.409072875976847], [92.36113739013689, 23.409950256347656], [92.35851287841803, 23.411951065063533], [92.35572052001982, 23.41307067871122], [92.35395812988287, 23.413600921630803], [92.3534698486331, 23.414369583129883], [92.35250091552763, 23.414770126342887], [92.35330963134783, 23.41686058044445], [92.35391998291033, 23.418970108032454], [92.35408020019548, 23.41950988769537], [92.35392761230469, 23.42259025573742], [92.3533782958985, 23.424301147460994], [92.35291290283197, 23.429380416870174], [92.35237121582048, 23.43127059936529], [92.35150909423834, 23.43260955810547], [92.35021209716825, 23.43425941467308], [92.34963226318388, 23.4346981048584], [92.34929656982422, 23.434949874877987], [92.34732055664074, 23.43558120727539], [92.34712982177746, 23.43564033508312], [92.34693908691418, 23.43540191650402], [92.34606933593767, 23.434310913086108], [92.34522247314464, 23.433639526367415], [92.34261322021479, 23.43243026733427], [92.34246826171892, 23.430980682373217], [92.34217834472685, 23.430072784423828], [92.34076690673828, 23.431182861328182], [92.34046936035185, 23.43243026733427], [92.3400268554688, 23.43425941467308], [92.3386306762697, 23.436479568481445], [92.33764648437494, 23.44141006469738], [92.33715057373053, 23.445699691772404], [92.33584594726568, 23.44939041137701], [92.33658599853521, 23.452550888061467], [92.3384780883789, 23.453870773315543], [92.33899688720703, 23.45495986938488], [92.33908081054693, 23.456010818481502], [92.33650207519526, 23.45603942871088], [92.33460235595697, 23.455841064453068], [92.33356475830084, 23.457456588745174], [92.33293151855486, 23.458431243896428], [92.33233642578142, 23.46133041381836], [92.333061218262, 23.460960388183707], [92.33493804931669, 23.460969924926815], [92.3365707397461, 23.459970474243164], [92.33776092529303, 23.46195983886713], [92.33805084228533, 23.464479446411076], [92.33551788330107, 23.467460632324332], [92.33241271972662, 23.46825027465843], [92.33110809326183, 23.469089508056754], [92.33049011230474, 23.469360351562614], [92.32904815673857, 23.470140457153377], [92.32711029052763, 23.470710754394645], [92.3245697021485, 23.472730636596964], [92.32408905029325, 23.47310256958002], [92.32319641113298, 23.473802566528434], [92.32453155517595, 23.476181030273494], [92.3260574340822, 23.476419448852596], [92.32839202880865, 23.47672843933134], [92.32901763916044, 23.476810455322493], [92.33110046386724, 23.477149963378963], [92.3325500488283, 23.478651046753043], [92.33122253417986, 23.481019973755167], [92.33013153076178, 23.48162841796875], [92.32985687255876, 23.481781005859318], [92.32826232910185, 23.482589721679688], [92.32563781738276, 23.485889434814396], [92.32344055175787, 23.49015045166027], [92.32482147216825, 23.490499496460075], [92.32534027099615, 23.49056053161621], [92.32579803466825, 23.490739822387752], [92.32625579834001, 23.49091911315935], [92.32750701904325, 23.491880416870117], [92.32653045654308, 23.493730545043945], [92.32545471191406, 23.49446487426752], [92.32451629638689, 23.495109558105582], [92.32450866699236, 23.495912551879996], [92.32535552978521, 23.496259689331225], [92.3258209228515, 23.496450424194506], [92.32678985595703, 23.49691963195818], [92.32694244384794, 23.498750686645565], [92.32656860351591, 23.500579833984602], [92.32620239257807, 23.50135040283226], [92.32624816894548, 23.502161026001204], [92.32650756835943, 23.50629043579096], [92.3263473510745, 23.508340835571232], [92.32485961914091, 23.51012992858898], [92.32456207275396, 23.51048088073736], [92.32341766357428, 23.511320114135913], [92.3229522705081, 23.5139102935791], [92.32222747802751, 23.516679763794002], [92.32182312011713, 23.518949508667163], [92.32153320312506, 23.519630432129134], [92.3212203979495, 23.52197074890148], [92.32319641113298, 23.52465248107916], [92.31913757324247, 23.528720855713118], [92.317192077637, 23.53067970275896], [92.3162384033206, 23.530750274658203], [92.31466674804693, 23.531190872192667], [92.31336212158209, 23.532989501953352], [92.3128204345706, 23.533781051635856], [92.3138198852539, 23.537601470947436], [92.31388854980474, 23.537860870361385], [92.31420135498047, 23.540029525756893], [92.31565856933605, 23.542570114135856], [92.31613922119158, 23.54540061950712], [92.31606292724638, 23.546091079712028], [92.31514739990229, 23.54866027832037], [92.31700134277372, 23.55105018615734], [92.31799316406278, 23.5546112060548], [92.31540679931646, 23.560211181640625], [92.31349945068365, 23.562589645385856], [92.31352996826178, 23.56334114074707], [92.31362152099604, 23.565521240234318], [92.31366729736345, 23.566629409790266], [92.31233978271501, 23.569490432739485], [92.31146240234386, 23.570550918579272], [92.31201934814459, 23.57554054260254], [92.31149291992216, 23.57909011840826], [92.30976104736357, 23.582878112792912], [92.30918884277372, 23.583610534668082], [92.30887603759783, 23.58456039428711], [92.3077163696289, 23.586700439453068], [92.30586242675781, 23.591262817382756], [92.30486297607439, 23.591079711914006], [92.30309295654325, 23.589479446411133], [92.30223846435547, 23.588661193847656], [92.30182647705095, 23.588071823120174], [92.30129241943365, 23.58871078491228], [92.29943084716803, 23.590339660644702], [92.29914093017595, 23.59106063842796], [92.29698181152372, 23.59328079223627], [92.2936096191408, 23.595960617065543], [92.29290008544928, 23.60130119323742], [92.29328155517584, 23.605350494384766], [92.29315948486357, 23.607570648193303], [92.2933197021485, 23.61483001709007], [92.29334259033214, 23.615530014038313], [92.29424285888678, 23.618221282959098], [92.2945861816408, 23.619510650634993], [92.29772949218761, 23.62155914306652], [92.30062866210966, 23.622110366821516], [92.30017852783209, 23.625259399414062], [92.29764556884783, 23.62706565856945], [92.29606628417963, 23.62818908691429], [92.29294586181646, 23.62980270385765], [92.29216766357428, 23.629680633545036], [92.29132843017595, 23.629241943359546], [92.29013824462919, 23.62887001037609], [92.2884826660158, 23.627229690551758], [92.28655242919939, 23.62783050537115], [92.28576660156244, 23.62765502929716], [92.28476715087919, 23.627788543701115], [92.2837982177735, 23.6280899047851], [92.28356933593756, 23.628999710083235], [92.28144073486345, 23.630050659179688], [92.28246307373053, 23.633369445801065], [92.28507995605474, 23.635971069335938], [92.28533172607433, 23.63622093200695], [92.28620910644548, 23.63653945922863], [92.28373718261719, 23.637920379638842], [92.28129577636724, 23.638990402221907], [92.28075408935558, 23.639259338378963], [92.28053283691412, 23.639369964599666], [92.28003692626982, 23.64383888244629], [92.2803573608399, 23.64449119567871], [92.28231811523466, 23.647310256958235], [92.28520965576172, 23.651269912719727], [92.28611755371122, 23.653659820556697], [92.2880172729495, 23.657161712646428], [92.29251861572271, 23.670101165771598], [92.2941207885745, 23.672580718994254], [92.29532623291033, 23.67551040649414], [92.2959594726563, 23.678922653198356], [92.2959289550783, 23.682270050048885], [92.29593658447283, 23.684680938720703], [92.29593658447283, 23.686859130859375], [92.29524993896496, 23.692699432373047], [92.29489898681669, 23.694231033325423], [92.29416656494135, 23.69610023498535], [92.29306030273455, 23.698709487914982], [92.2916107177735, 23.700889587402628], [92.29068756103544, 23.70306015014654], [92.28984069824219, 23.704111099243164], [92.28881072998075, 23.70527076721214], [92.28563690185564, 23.706840515136832], [92.28301239013678, 23.70835113525402], [92.2803573608399, 23.71441078186035], [92.27670288085943, 23.721061706543026], [92.27626037597673, 23.721870422363565], [92.2691802978515, 23.72811126709007], [92.26850128173834, 23.728610992431868], [92.26634979248064, 23.738727569580135], [92.26827239990251, 23.756401062012003], [92.26711273193376, 23.76189994812023], [92.26802825927729, 23.766508102416935], [92.26779937744169, 23.76997184753418], [92.26374053955084, 23.791650772094727], [92.26354980468756, 23.799741744995117], [92.2623367309572, 23.80488014221197], [92.2606506347658, 23.807081222534464], [92.25939941406278, 23.81499099731468], [92.26947784423834, 23.817779541015852], [92.27665710449236, 23.815208435058764], [92.27910614013672, 23.81669998168968], [92.28076934814482, 23.815130233764762], [92.28372955322283, 23.816272735595703], [92.28584289550787, 23.81568908691412], [92.28678894042969, 23.81678009033203], [92.2857131958009, 23.82262039184593], [92.28344726562528, 23.823438644409237], [92.28359985351568, 23.82420158386236], [92.28159332275408, 23.826160430908146], [92.2820663452149, 23.8309001922608], [92.27709197998053, 23.83658027648937], [92.2758865356447, 23.839929580688704], [92.27392578125028, 23.84165954589872], [92.27413940429682, 23.843610763549805], [92.27474975585955, 23.84905815124523], [92.27657318115263, 23.852920532226676], [92.28524017334001, 23.85733032226574], [92.2877807617188, 23.863029479980582], [92.28779602050787, 23.866960525512695], [92.29196929931646, 23.87144851684593], [92.2939071655274, 23.871322631835938], [92.29514312744158, 23.870109558105582], [92.29505157470709, 23.86548042297386], [92.30063629150419, 23.866439819335994], [92.30422973632841, 23.863821029663086], [92.30729675292997, 23.863870620727482], [92.30986022949236, 23.86264038085966], [92.31553649902344, 23.863491058349894], [92.31957244873064, 23.865200042724666], [92.32019805908209, 23.865829467773494], [92.31822204589861, 23.86705017089855], [92.31852722167997, 23.867980957031534], [92.32198333740263, 23.869810104370174], [92.32213592529303, 23.87379074096708], [92.32041168212896, 23.878009796142692], [92.3190307617188, 23.877681732177905], [92.31710815429705, 23.879180908203182], [92.31749725341797, 23.881380081177042], [92.31655883789068, 23.88166809082054], [92.31626129150419, 23.883291244506836], [92.31713104248053, 23.884088516235295], [92.31932830810575, 23.883678436279524], [92.31952667236322, 23.886100769043253], [92.31828308105474, 23.88795852661127], [92.31899261474626, 23.88916969299322], [92.31849670410162, 23.890489578247298], [92.31918334960955, 23.89073181152338], [92.31990814208979, 23.889869689941634], [92.32068634033203, 23.89124107360834], [92.32157135009777, 23.891399383544865], [92.32302856445312, 23.904159545898665], [92.32360076904297, 23.904678344726562], [92.32578277587919, 23.904430389404297], [92.32773590087885, 23.90626907348627], [92.32985687255876, 23.905519485473633], [92.33049011230474, 23.907592773437727], [92.33114624023466, 23.9118022918704], [92.3293914794923, 23.918859481811808], [92.33065795898438, 23.921449661254996], [92.32968139648455, 23.923120498657283], [92.3279190063476, 23.923999786376896], [92.32116699218756, 23.926111221313477], [92.3180770874024, 23.930351257324503], [92.31340026855497, 23.934530258178825], [92.31270599365251, 23.941230773925895], [92.3134078979495, 23.943290710449276], [92.31122589111334, 23.94561958313011], [92.31262207031278, 23.957450866699332], [92.31144714355474, 23.96058273315458], [92.3133392333985, 23.9609699249267], [92.31262969970732, 23.970211029052734], [92.31521606445318, 23.970951080322436], [92.31498718261736, 23.972169876098917], [92.31768035888689, 23.97210121154808], [92.3196411132813, 23.97532081604004], [92.32206726074236, 23.975250244140625], [92.32274627685575, 23.97981071472168], [92.3241195678711, 23.9794597625733], [92.3255233764649, 23.983261108398438], [92.3277893066408, 23.984701156616154], [92.32772064209013, 23.98573112487793], [92.32579803466825, 23.98747062683111], [92.3290557861331, 23.98965072631836], [92.32723999023443, 24.001920700073242], [92.32746124267584, 24.004209518432617], [92.32464599609403, 24.00653076171875], [92.31716156005865, 24.017629623413143], [92.31748199462908, 24.018899917602823], [92.31886291503912, 24.019201278686637], [92.32087707519531, 24.017908096313704], [92.3217163085938, 24.018779754638786], [92.31833648681669, 24.02259063720703], [92.31909942626982, 24.02547073364252], [92.31669616699236, 24.027971267700195], [92.31926727294928, 24.030241012573526], [92.31932067871122, 24.03128051757824], [92.3141326904298, 24.034711837768555], [92.31719970703153, 24.037500381469727], [92.31754302978521, 24.039520263672046], [92.31542205810553, 24.04490089416521], [92.3152694702149, 24.048690795898438], [92.3168258666995, 24.05135154724144], [92.31904602050787, 24.05011940002464], [92.3203201293947, 24.051170349121094], [92.31859588623064, 24.057302474975643], [92.32174682617193, 24.058719635009766], [92.31909179687511, 24.06133079528837], [92.31680297851574, 24.066759109497127], [92.31817626953153, 24.06908035278326], [92.31918334960955, 24.069498062133732], [92.3212966918947, 24.06837081909191], [92.3233184814456, 24.06961059570324], [92.32287597656256, 24.071790695190657], [92.32364654541021, 24.073289871215934], [92.32733154296903, 24.07450294494629], [92.32701873779314, 24.07644271850586], [92.32287597656256, 24.07695960998535], [92.32282257080095, 24.077480316162166], [92.3280792236331, 24.080591201782227], [92.3290786743164, 24.082160949707088], [92.32811737060541, 24.08502006530773], [92.32878112792974, 24.089120864868278], [92.3279190063476, 24.09376907348627], [92.33019256591825, 24.095981597900447], [92.33155059814447, 24.098751068115234], [92.32834625244158, 24.09859848022461], [92.32971191406256, 24.101150512695312], [92.32943725585966, 24.102870941162394], [92.33230590820307, 24.1052703857423], [92.33235931396501, 24.106809616088867], [92.3293228149414, 24.11033821105957], [92.33188629150419, 24.11176109313982], [92.33170318603544, 24.11314010620123], [92.32859039306646, 24.115909576416186], [92.32824707031261, 24.124591827392635], [92.33103942871094, 24.127971649169922], [92.32878112792974, 24.12972068786621], [92.32924652099638, 24.131620407104492], [92.32816314697283, 24.135169982910213], [92.32824707031261, 24.13862037658714], [92.32924652099638, 24.139850616455135], [92.33230590820307, 24.140459060669116], [92.33228302001982, 24.144029617309684], [92.33352661132818, 24.144329071045092], [92.33529663085943, 24.143550872802678], [92.33631134033197, 24.144359588623047], [92.33683776855497, 24.146789550781477], [92.33435058593761, 24.150829315185547], [92.3318481445313, 24.163570404052678], [92.32946777343767, 24.164520263671932], [92.32855987548828, 24.166112899780444], [92.32993316650396, 24.174650192260856], [92.32998657226591, 24.18004989624046], [92.33080291748064, 24.18207168579096], [92.33040618896479, 24.18483161926298], [92.32704162597662, 24.186109542846793], [92.32961273193388, 24.18815040588396], [92.32884216308622, 24.18913078308134], [92.32945251464838, 24.19115066528326], [92.32476043701178, 24.194761276245117], [92.32470703125017, 24.196311950683594], [92.32556915283209, 24.197540283203182], [92.32514953613287, 24.199020385742188], [92.32022094726568, 24.202579498291243], [92.32019805908209, 24.204299926757756], [92.32480621337896, 24.20470809936529], [92.32460784912115, 24.205789566040096], [92.31899261474626, 24.20899963378912], [92.31608581542997, 24.213218688964957], [92.31273651123053, 24.21099090576189], [92.30974578857433, 24.21479988098156], [92.30966949462908, 24.21612167358421], [92.31359863281278, 24.22113037109375], [92.31375122070324, 24.222900390625227], [92.30341339111334, 24.22162055969244], [92.30088043212908, 24.222040176391715], [92.30116271972668, 24.224510192871037], [92.3019332885745, 24.225101470947322], [92.29763031005876, 24.227228164672795], [92.29917144775408, 24.22936820983915], [92.29946899414091, 24.23162078857422], [92.29631042480486, 24.233829498291016], [92.29627990722673, 24.236061096191634], [92.29682159423857, 24.23807907104498], [92.29485321044928, 24.240709304809627], [92.29406738281256, 24.244321823120288], [92.2953033447265, 24.24801063537592], [92.29709625244146, 24.24954032897955], [92.29660797119169, 24.251729965209904], [92.30349731445341, 24.25269126892084], [92.31050109863287, 24.25134849548334], [92.3140716552735, 24.252601623535156], [92.37652587890653, 24.251310348511026], [92.39570617675787, 24.252529144287337], [92.40683746337919, 24.251939773559798], [92.41645050048845, 24.253429412841967], [92.42237854003923, 24.253110885620117], [92.42253112792963, 24.248170852661246], [92.42005157470697, 24.235202789306868], [92.4185180664062, 24.221649169921818], [92.42018127441418, 24.217889785766545], [92.41822052001959, 24.21091079711914], [92.41971588134783, 24.202470779418945], [92.41897583007818, 24.194360733032283], [92.42214965820307, 24.18852996826172], [92.43321228027338, 24.183269500732422], [92.43419647216814, 24.18138122558605], [92.43445587158209, 24.174140930175895], [92.43775177001982, 24.170499801635913], [92.43814086914091, 24.16913032531761], [92.43522644042974, 24.162578582763786], [92.43656921386724, 24.15242958068859], [92.43743133544939, 24.15135002136236], [92.43875885009783, 24.1512508392334], [92.44182586669939, 24.152851104736442], [92.4438858032226, 24.15309906005865], [92.45063018798828, 24.143690109253157], [92.45722198486357, 24.14350128173828], [92.46306610107428, 24.136369705200252], [92.46483612060575, 24.136631011963175], [92.46597290039091, 24.134750366211165], [92.4668273925783, 24.13504028320324], [92.4685897827149, 24.138000488281477], [92.4733505249024, 24.139961242676065], [92.47332000732439, 24.142030715942383], [92.47482299804705, 24.142910003662166], [92.47960662841814, 24.140899658203182], [92.48087310791044, 24.141321182251033], [92.48149871826189, 24.142940521240348], [92.47875213623075, 24.148710250854606], [92.48062896728521, 24.150110244751033], [92.48065948486357, 24.152299880981445], [92.48293304443371, 24.152719497680664], [92.4835586547851, 24.153930664062443], [92.481185913086, 24.157079696655558], [92.48264312744158, 24.15709114074707], [92.48396301269548, 24.158140182495117], [92.4849014282226, 24.15930938720703], [92.48493957519548, 24.161380767822493], [92.4858627319336, 24.162200927734375], [92.4880828857423, 24.16221809387207], [92.49475860595714, 24.159940719604776], [92.50013732910185, 24.16052055358915], [92.50245666503906, 24.16211128234869], [92.50325775146501, 24.166669845580998], [92.50488281250028, 24.16731071472168], [92.50678253173857, 24.16682052612299], [92.50953674316423, 24.162889480590877], [92.51283264160162, 24.162578582763786], [92.51200103759783, 24.16481971740734], [92.50863647460943, 24.169200897217024], [92.51373291015642, 24.169260025024585], [92.51479339599638, 24.170200347900675], [92.5135726928711, 24.17358016967779], [92.51512908935553, 24.175487518310604], [92.51759338378912, 24.17621040344261], [92.5217590332033, 24.172929763793945], [92.52539825439453, 24.172929763793945], [92.52966308593761, 24.174800872802848], [92.52990722656244, 24.176410675048828], [92.53151702880865, 24.177419662475586], [92.53289031982428, 24.180530548095817], [92.53346252441412, 24.18083190917963], [92.53147888183611, 24.183460235595703], [92.53781890869146, 24.196470260620117], [92.53639984130854, 24.199899673462028], [92.53726959228521, 24.20193099975586], [92.54147338867193, 24.206228256225643], [92.54242706298834, 24.21062088012701], [92.54223632812506, 24.21417808532715], [92.54574584960932, 24.219900131225586], [92.54738616943365, 24.22440910339367], [92.54778289794933, 24.231889724731502], [92.54693603515642, 24.234760284423828], [92.5470962524414, 24.23769950866705], [92.54882812500017, 24.243230819702205], [92.55063629150396, 24.24589920043951], [92.55893707275408, 24.24789047241211], [92.5645599365235, 24.250089645385742], [92.58184051513689, 24.245359420776595], [92.58801269531256, 24.244861602783203], [92.59140014648443, 24.245981216430664], [92.59356689453136, 24.24858856201172], [92.59596252441423, 24.24930953979515], [92.60595703125011, 24.24920082092285], [92.60795593261736, 24.250080108642805], [92.61158752441423, 24.25334930419922], [92.61308288574219, 24.255838394164982], [92.61550903320341, 24.263620376587028], [92.61576843261736, 24.270530700683594], [92.61682128906256, 24.275310516357536], [92.61904144287126, 24.28132057189947], [92.61940002441423, 24.286779403686637], [92.61905670166021, 24.28787040710455], [92.61723327636747, 24.289060592651424], [92.6167831420899, 24.291231155395735], [92.61830902099615, 24.299709320068473], [92.61802673339838, 24.304359436035213], [92.61963653564459, 24.30846023559576], [92.61943817138678, 24.311508178710938], [92.62310028076178, 24.320289611816406], [92.62335205078153, 24.33077049255371], [92.62428283691435, 24.332651138305778], [92.62616729736334, 24.334472656250227], [92.6306381225586, 24.333370208740234], [92.63590240478527, 24.335741043090934], [92.63771820068376, 24.335519790649528], [92.638236999512, 24.334430694580192], [92.63654327392578, 24.334238052368107], [92.63668823242216, 24.33269119262701], [92.63925933837908, 24.33175086975092], [92.63983917236328, 24.329730987548828], [92.64099121093756, 24.3287105560305], [92.64501190185553, 24.32767105102539], [92.64594268798828, 24.329231262206974], [92.64524841308605, 24.33180999755882], [92.64904022216803, 24.32875061035179], [92.64978027343756, 24.329221725463867], [92.649398803711, 24.330820083618164], [92.65184020996111, 24.330339431762752], [92.65203857421892, 24.332860946655273], [92.65239715576189, 24.335290908813704], [92.6564559936524, 24.33912086486822], [92.65759277343756, 24.34155082702648], [92.65751647949213, 24.343509674072322], [92.65847015380854, 24.34346008300787], [92.6607208251956, 24.345149993896428], [92.66224670410185, 24.34343910217285], [92.66323089599604, 24.343799591064567], [92.66410827636724, 24.346740722656364], [92.66525268554693, 24.345211029052734], [92.66699981689464, 24.345609664916992], [92.67478179931646, 24.349800109863395], [92.67964172363276, 24.347780227661076], [92.68379974365263, 24.347480773925895], [92.6840209960937, 24.34988975524908], [92.68799591064482, 24.352010726928825], [92.69066619873075, 24.354801177978572], [92.6916732788086, 24.356420516967887], [92.69177246093756, 24.362169265747127], [92.69391632080107, 24.36363029479986], [92.69420623779303, 24.364959716796875], [92.69325256347662, 24.367820739746094], [92.6950073242188, 24.369569778442383], [92.69687652587896, 24.37400054931652], [92.69827270507824, 24.374961853027457], [92.70240783691412, 24.375232696533317], [92.7041091918947, 24.376220703125057], [92.70343780517607, 24.383800506591854], [92.7074508666995, 24.387010574340934], [92.70742034912115, 24.392410278320312], [92.71421813964861, 24.405321121215934], [92.71412658691435, 24.407779693603516], [92.71508789062528, 24.40876960754406], [92.71420288085955, 24.410369873046932], [92.71411895751982, 24.41296005249046], [92.71511840820307, 24.414520263671875], [92.71813964843778, 24.41621971130371], [92.72376251220703, 24.435949325561637], [92.73053741455107, 24.452751159668026], [92.74360656738287, 24.474628448486442], [92.74884033203153, 24.488540649414062], [92.75077819824213, 24.491491317748967], [92.75132751464872, 24.49436950683605], [92.7545013427735, 24.501119613647518], [92.75364685058588, 24.507041931152344], [92.75918579101562, 24.51176071167015], [92.76451110839838, 24.51883125305187], [92.7651977539063, 24.520849227905387], [92.7791366577149, 24.486499786376953], [92.78222656250028, 24.47480010986328], [92.78437805175798, 24.47120285034191], [92.78624725341825, 24.463739395141545], [92.78987884521479, 24.45607948303234], [92.79390716552734, 24.444040298462028], [92.79778289794928, 24.43470954895031], [92.80031585693371, 24.431970596313533], [92.80284881591791, 24.427280426025447], [92.80425262451172, 24.422990798950195], [92.80381774902344, 24.421722412109318], [92.80004882812517, 24.421461105346793], [92.80079650878923, 24.419050216674805]]]}}, {"type": "Feature", "properties": {"ID_0": 105, "ISO": "IND", "NAME_0": "India", "ID_1": 25, "NAME_1": "Nagaland", "NL_NAME_1": null, "VARNAME_1": null, "TYPE_1": "State", "ENGTYPE_1": "State"}, "geometry": {"type": "Polygon", "coordinates": [[[95.21444702148449, 26.936950683593693], [95.21705627441412, 26.934200286865234], [95.22556304931635, 26.934429168701342], [95.2293090820313, 26.930631637573242], [95.23184967041044, 26.9261417388916], [95.23396301269526, 26.920600891113452], [95.23396301269526, 26.9187526702882], [95.23195648193365, 26.917890548706055], [95.2320861816408, 26.914831161499194], [95.23410034179699, 26.909650802612305], [95.23377227783197, 26.905902862548942], [95.23132324218767, 26.89834976196289], [95.23385620117193, 26.89084053039545], [95.22992706298857, 26.88566970825201], [95.21782684326178, 26.88686943054205], [95.21285247802734, 26.885602951049748], [95.21135711669928, 26.88173294067377], [95.20642852783209, 26.877870559692326], [95.18450164794933, 26.864830017089957], [95.1857681274414, 26.859630584716797], [95.19304656982428, 26.851169586181754], [95.195610046387, 26.849620819091854], [95.19732666015653, 26.849391937255916], [95.1977081298831, 26.851539611816406], [95.20423889160173, 26.848939895629883], [95.20860290527344, 26.850719451904354], [95.20641326904303, 26.846281051635856], [95.20050811767584, 26.842878341674748], [95.19904327392607, 26.839929580688477], [95.20056152343778, 26.83288955688505], [95.20258331298834, 26.828750610351676], [95.2035522460938, 26.82131958007824], [95.206840515137, 26.811691284179858], [95.2151184082033, 26.79837989807129], [95.22157287597656, 26.793540954589844], [95.22747039794916, 26.792341232299805], [95.23501586914068, 26.789289474487305], [95.24025726318354, 26.789171218872184], [95.24172210693371, 26.78693008422863], [95.24491882324224, 26.787330627441634], [95.24253845214838, 26.78451156616228], [95.23467254638683, 26.780349731445426], [95.23163604736357, 26.777692794799975], [95.23330688476568, 26.773719787597656], [95.23317718505888, 26.771930694580078], [95.22920227050781, 26.768470764160213], [95.22408294677751, 26.76172256469738], [95.22010040283203, 26.75982093811035], [95.21926116943388, 26.75555038452154], [95.22136688232416, 26.75152015686058], [95.22097778320341, 26.7474308013916], [95.21685028076189, 26.7413005828858], [95.21614074707037, 26.735319137573242], [95.2282028198245, 26.723848342895565], [95.22965240478521, 26.71688270568859], [95.23610687255876, 26.7122097015382], [95.23369598388678, 26.697099685668945], [95.23596954345709, 26.69152069091797], [95.23597717285162, 26.688230514526367], [95.23763275146501, 26.686290740966797], [95.23449707031278, 26.683071136474666], [95.23166656494135, 26.677610397339095], [95.22805786132812, 26.673070907592887], [95.22743225097685, 26.67202186584484], [95.22473144531256, 26.66752052307129], [95.219482421875, 26.660650253295955], [95.21485900878935, 26.65567970275879], [95.20983886718756, 26.65150833129877], [95.20780944824247, 26.650196075439453], [95.20616912841814, 26.64912986755371], [95.19699859619158, 26.647359848022404], [95.19127655029314, 26.647718429565543], [95.18202209472668, 26.64326095581066], [95.17431640625017, 26.634180068969727], [95.17141723632812, 26.630069732666243], [95.16478729248047, 26.626602172851676], [95.16137695312506, 26.624822616577262], [95.15833282470709, 26.62322998046875], [95.15470886230474, 26.61948966979992], [95.15373229980474, 26.609579086303825], [95.15248870849638, 26.60183906555187], [95.1522064208985, 26.597610473632926], [95.15303039550793, 26.593618392944336], [95.15622711181646, 26.586811065673942], [95.15448760986328, 26.580802917480582], [95.15081787109375, 26.576818466186523], [95.14875030517595, 26.574569702148438], [95.14450073242182, 26.567880630493278], [95.14442443847662, 26.563650131225586], [95.14441680908209, 26.56301116943365], [95.14274597167997, 26.562288284301815], [95.13854980468778, 26.560472488403434], [95.13384246826172, 26.562351226806868], [95.12681579589861, 26.562351226806868], [95.12468719482422, 26.55661010742199], [95.121322631836, 26.55295181274414], [95.11479187011736, 26.54800033569336], [95.11642456054716, 26.544797897338867], [95.11905670166021, 26.539648056030273], [95.12077331542974, 26.53447914123541], [95.12078094482428, 26.529790878296126], [95.11315155029303, 26.518711090088004], [95.11251068115251, 26.518381118774414], [95.10684967041021, 26.5154781341555], [95.10349273681635, 26.512889862060547], [95.10462188720732, 26.50909996032715], [95.1024169921875, 26.50317955017084], [95.09599304199224, 26.498479843139705], [95.09099578857428, 26.494590759277457], [95.08790588378923, 26.490659713745174], [95.08403015136747, 26.485942840576286], [95.0820083618164, 26.48358917236328], [95.08042144775385, 26.481740951538143], [95.07920074462896, 26.480607986450195], [95.07602691650385, 26.477661132812443], [95.07578277587902, 26.47587013244629], [95.07543945312528, 26.47333908081066], [95.0723266601563, 26.46982955932623], [95.0719604492188, 26.46941947937006], [95.0687866210937, 26.466672897338924], [95.0672073364259, 26.461549758911133], [95.06630706787104, 26.456779479980696], [95.06640625000006, 26.450370788574332], [95.0717163085938, 26.45039939880371], [95.07508087158197, 26.452432632446346], [95.07630157470709, 26.45257949829096], [95.08161926269548, 26.453229904174805], [95.0870208740235, 26.4519882202149], [95.09056091308611, 26.447250366211165], [95.0968170166015, 26.439399719238338], [95.09998321533209, 26.43602943420416], [95.10151672363287, 26.43267059326172], [95.10618591308594, 26.429990768432617], [95.1086730957033, 26.42373085021967], [95.10768890380854, 26.418800354003963], [95.10581970214861, 26.41502952575695], [95.10544586181658, 26.411060333251953], [95.10495758056646, 26.406469345092717], [95.10476684570318, 26.401250839233455], [95.12166595459001, 26.398040771484602], [95.12503814697294, 26.395469665527344], [95.13085174560553, 26.390609741210994], [95.1357421875, 26.387832641601506], [95.13594055175781, 26.383230209350586], [95.1345825195312, 26.37568283081066], [95.13191223144526, 26.366701126098576], [95.12973022460943, 26.362039566040266], [95.12829589843744, 26.354661941528434], [95.1316528320313, 26.34650039672863], [95.13347625732439, 26.34259986877447], [95.12753295898432, 26.33591079711914], [95.1280364990235, 26.330680847168026], [95.12822723388678, 26.329259872436523], [95.1287460327149, 26.325349807739258], [95.12937164306646, 26.321641921997184], [95.12989807128912, 26.317222595214957], [95.13123321533209, 26.307371139526424], [95.13153839111322, 26.302581787109375], [95.13082885742205, 26.296550750732365], [95.13114929199213, 26.292499542236442], [95.12979125976591, 26.288721084594727], [95.12709045410168, 26.284980773925895], [95.12126922607439, 26.279371261596737], [95.12069702148455, 26.27487182617199], [95.12268829345709, 26.268709182739258], [95.1249084472658, 26.264249801635742], [95.12873840332031, 26.260232925415153], [95.1296691894533, 26.25617027282709], [95.12831878662126, 26.252580642700252], [95.12577819824247, 26.245838165283203], [95.12290191650402, 26.242549896240348], [95.1212310791015, 26.23870086669922], [95.12313842773432, 26.232980728149528], [95.12837219238287, 26.229490280151367], [95.13320922851591, 26.22564125061041], [95.1405868530274, 26.218130111694563], [95.14253997802746, 26.214241027832145], [95.13822937011719, 26.209241867065373], [95.13420104980463, 26.207670211792106], [95.12829589843744, 26.203149795532454], [95.1246719360351, 26.196620941162053], [95.12773132324219, 26.193958282470703], [95.12581634521479, 26.182720184326172], [95.12298583984392, 26.17633819580078], [95.12021636962896, 26.17225074768089], [95.11805725097656, 26.1689395904541], [95.11683654785185, 26.163009643554688], [95.12049865722673, 26.155109405517635], [95.12378692626959, 26.149110794067383], [95.12787628173857, 26.136970520019645], [95.12535858154303, 26.13132286071783], [95.1231765747072, 26.12766265869135], [95.12088775634783, 26.121999740600813], [95.1205673217774, 26.109741210937443], [95.1232528686524, 26.104209899902287], [95.12671661376964, 26.100999832153263], [95.13150024414091, 26.100311279296932], [95.13804626464861, 26.102558135986442], [95.1442260742188, 26.100950241088867], [95.1479797363283, 26.097919464111555], [95.15162658691406, 26.09489059448248], [95.15746307373075, 26.096162796020565], [95.16591644287126, 26.099010467529297], [95.17098999023466, 26.09678268432623], [95.17698669433611, 26.0922794342041], [95.18015289306669, 26.089809417724553], [95.18535614013689, 26.08468246459961], [95.18569946289057, 26.080350875854492], [95.18357086181669, 26.07451057434082], [95.18161010742193, 26.07258796691889], [95.18031311035168, 26.071310043335075], [95.17752838134783, 26.06756019592291], [95.17302703857428, 26.061759948730526], [95.1680526733399, 26.057769775390852], [95.16557312011724, 26.053379058837834], [95.16519165039068, 26.04455947875988], [95.1650009155274, 26.038871765136776], [95.16488647460966, 26.037250518798885], [95.16471862792963, 26.0350017547608], [95.16263580322266, 26.03141975402832], [95.16140747070318, 26.030290603637695], [95.14891052246094, 26.01881027221691], [95.14264678955095, 26.010868072509766], [95.14066314697294, 26.006471633911133], [95.13662719726574, 26.004180908203182], [95.13154602050781, 26.000101089477482], [95.12798309326178, 25.995279312133846], [95.1175384521485, 25.987749099731445], [95.11010742187506, 25.97567939758312], [95.10971832275396, 25.974876403808537], [95.10646820068365, 25.968151092529297], [95.10016632080084, 25.96494674682623], [95.09335327148466, 25.96148109436041], [95.08847808837908, 25.95757293701172], [95.07894897460955, 25.950838088989315], [95.07344055175787, 25.94902992248535], [95.06549835205107, 25.94767951965332], [95.05741119384771, 25.946977615356502], [95.0530624389649, 25.944501876830998], [95.0499572753908, 25.939220428467024], [95.04489898681669, 25.934789657592717], [95.0366973876956, 25.93507003784191], [95.03584289550798, 25.931470870971737], [95.03617858886719, 25.92861175537115], [95.03636169433588, 25.927040100097656], [95.03311157226557, 25.92438125610363], [95.02803039550781, 25.919849395751896], [95.0218658447265, 25.90999984741211], [95.02146148681669, 25.9090194702149], [95.02009582519543, 25.90570068359375], [95.0193328857423, 25.901020050048828], [95.01978302001953, 25.898000717163086], [95.02030181884794, 25.89451026916504], [95.02217102050787, 25.887540817260742], [95.01902770996111, 25.884790420532283], [95.01747894287104, 25.882942199706974], [95.01557159423822, 25.88067245483421], [95.0154113769533, 25.872020721435547], [95.01824188232416, 25.867830276489315], [95.02142333984386, 25.861850738525504], [95.02436828613298, 25.858470916748047], [95.02754974365263, 25.851480484008903], [95.03002929687528, 25.84931945800787], [95.03322601318365, 25.846530914306868], [95.03371429443376, 25.840419769287337], [95.034233093262, 25.833890914916935], [95.03462982177763, 25.82896041870123], [95.0347518920899, 25.82744979858421], [95.03497314453136, 25.826419830322266], [95.03604888916021, 25.823762893676815], [95.03748321533232, 25.82022285461437], [95.04032897949247, 25.81703948974615], [95.04384613037126, 25.813020706176758], [95.04937744140642, 25.81007194519043], [95.05179595947294, 25.805170059204045], [95.0514907836914, 25.79911994934082], [95.04759216308622, 25.78771018981945], [95.04550170898466, 25.782791137695426], [95.04564666748058, 25.778629302978743], [95.05252838134794, 25.762659072875977], [95.04440307617205, 25.75329971313488], [95.04238891601568, 25.75019645690918], [95.04068756103527, 25.74757957458519], [95.03369140624994, 25.741439819335938], [95.02719879150385, 25.740619659423828], [95.0188827514649, 25.73846817016596], [95.00939941406256, 25.73851013183605], [95.00241088867182, 25.732629776001033], [94.99931335449247, 25.726631164550838], [94.99877929687494, 25.72210121154791], [94.9987258911134, 25.721679687500057], [94.99323272705107, 25.71426010131836], [94.98903656005888, 25.709079742431754], [94.98367309570341, 25.704280853271598], [94.97991943359375, 25.701892852783203], [94.97630310058611, 25.699501037597656], [94.97386932373053, 25.697357177734318], [94.97316741943371, 25.696741104126033], [94.95376586914057, 25.683441162109318], [94.94287109375028, 25.675279617309513], [94.93757629394531, 25.669031143188477], [94.93509674072266, 25.664550781249943], [94.93415069580095, 25.661052703857422], [94.93263244628923, 25.654020309448185], [94.93186950683611, 25.652015686035156], [94.92983245849615, 25.64665985107422], [94.92662811279308, 25.64056015014654], [94.92550659179716, 25.632350921630916], [94.92227935791044, 25.624469757080078], [94.92090606689464, 25.61483192443842], [94.91967773437517, 25.61114120483404], [94.917221069336, 25.607652664184627], [94.91146087646501, 25.603300094604492], [94.90468597412115, 25.601404190063533], [94.90345764160173, 25.601060867309684], [94.89572143554693, 25.59799957275385], [94.88897705078142, 25.593111038208008], [94.88892364501947, 25.592874526977653], [94.8891677856447, 25.592180252075195], [94.88871765136747, 25.5920028686524], [94.88770294189459, 25.58761978149414], [94.89189147949224, 25.582059860229606], [94.89707946777372, 25.577400207519474], [94.90415954589872, 25.571180343627987], [94.90499114990251, 25.56711006164562], [94.88783264160173, 25.565418243408317], [94.85855102539091, 25.563402175903377], [94.85678100585943, 25.563440322876033], [94.85647583007841, 25.56332588195795], [94.85301208496105, 25.56330108642578], [94.8499374389649, 25.5608749389649], [94.84944152832026, 25.560689926147518], [94.84799957275396, 25.55934906005865], [94.84342193603521, 25.55574035644537], [94.83686065673828, 25.55048942565918], [94.8339233398438, 25.546730041503906], [94.82979583740229, 25.538391113281477], [94.8296737670899, 25.534860610962028], [94.8296127319336, 25.532979965210018], [94.82884216308588, 25.528118133544922], [94.82533264160162, 25.52094078063965], [94.82209014892584, 25.51719093322754], [94.82023620605497, 25.513681411743278], [94.81864929199224, 25.506851196289062], [94.81555938720709, 25.499927520751953], [94.81249237060564, 25.495370864868278], [94.80587768554693, 25.493360519409237], [94.79711914062511, 25.493730545043945], [94.78983306884771, 25.49119949340826], [94.78452301025396, 25.49017906188959], [94.77896118164068, 25.48427963256836], [94.77274322509794, 25.481292724609375], [94.76705932617188, 25.48242950439453], [94.76452636718778, 25.485431671142578], [94.76232147216814, 25.491500854492244], [94.75668334960949, 25.49201965332037], [94.75576019287138, 25.48900032043457], [94.75541687011719, 25.48788070678711], [94.75154876709013, 25.482509613037053], [94.74651336669928, 25.479129791259766], [94.73921203613281, 25.476779937744084], [94.73088836669928, 25.474700927734432], [94.72178649902355, 25.472459793090877], [94.7146301269533, 25.471002578735295], [94.70243072509783, 25.46860122680664], [94.70092773437506, 25.468496322631836], [94.69567108154325, 25.468130111694393], [94.68863677978544, 25.465499877929688], [94.68242645263678, 25.45973014831543], [94.66976165771479, 25.455360412597656], [94.66597747802751, 25.455400466918945], [94.65873718261736, 25.457050323486555], [94.65645599365251, 25.45860099792486], [94.64823150634766, 25.461620330810774], [94.63297271728516, 25.465658187866268], [94.6253433227539, 25.469089508056697], [94.6074829101563, 25.482440948486385], [94.59736633300787, 25.48625946044922], [94.59488677978521, 25.488149642944336], [94.59084320068376, 25.48974990844721], [94.58719635009766, 25.492450714111328], [94.58500671386724, 25.496870040893555], [94.57459259033197, 25.505229949951172], [94.5681762695313, 25.50658988952631], [94.55741882324213, 25.512769699096737], [94.55899810791033, 25.524339675903377], [94.5612564086914, 25.530691146850643], [94.55827331542974, 25.534879684448242], [94.56347656250011, 25.5396728515625], [94.559867858887, 25.54570960998541], [94.56289672851574, 25.549510955810547], [94.56137847900402, 25.560510635375977], [94.56465911865263, 25.567939758300838], [94.5604095458985, 25.567989349365234], [94.56153869628912, 25.578330993652457], [94.55574035644548, 25.58581161499029], [94.55957031250017, 25.59411048889166], [94.5651473999024, 25.60260009765625], [94.56690979003918, 25.604101181030273], [94.56862640380871, 25.60779190063488], [94.5728225708009, 25.61131286621105], [94.57691955566423, 25.62037277221691], [94.57850646972662, 25.626251220703125], [94.5837707519533, 25.634490966796875], [94.59050750732428, 25.640270233154297], [94.59455108642584, 25.642650604248104], [94.59519958496094, 25.643850326538143], [94.58693695068371, 25.64659118652355], [94.57608795166044, 25.644701004028377], [94.57723236084013, 25.648330688476676], [94.57678985595709, 25.65283012390148], [94.58135223388678, 25.65739250183111], [94.58204650878906, 25.660610198974723], [94.58522033691418, 25.66177940368658], [94.58344268798834, 25.66522026062023], [94.58558654785162, 25.67000961303711], [94.58737182617182, 25.671800613403434], [94.58532714843767, 25.67485046386713], [94.58812713623041, 25.677270889282283], [94.58996582031256, 25.681249618530387], [94.59694671630876, 25.686910629272518], [94.59561920166033, 25.69128036499029], [94.58705139160156, 25.691890716552848], [94.58297729492182, 25.69320106506359], [94.57861328125, 25.695999145507926], [94.57301330566418, 25.69765090942377], [94.56799316406256, 25.69222068786621], [94.56507873535173, 25.680820465088004], [94.55222320556652, 25.667411804199162], [94.55178070068365, 25.66246032714838], [94.5447387695313, 25.657541275024357], [94.53954315185564, 25.651081085205192], [94.53154754638672, 25.65012931823736], [94.53066253662121, 25.642589569091797], [94.52818298339855, 25.644290924072266], [94.52419281005888, 25.6434326171875], [94.51451110839838, 25.630491256713924], [94.51090240478516, 25.629909515380973], [94.50866699218756, 25.62689971923851], [94.50779724121122, 25.618949890136832], [94.50537109375, 25.616992950439453], [94.50183105468756, 25.620021820068303], [94.4999389648438, 25.61881828308111], [94.4992980957033, 25.616502761840934], [94.49341583251959, 25.614330291748047], [94.4911117553711, 25.618650436401595], [94.49118041992199, 25.61979866027832], [94.47403717041044, 25.621641159057617], [94.44927215576166, 25.601089477539062], [94.44782257080084, 25.598041534423942], [94.44428253173857, 25.596010208129883], [94.43773651123053, 25.59585952758789], [94.43002319335938, 25.592721939086914], [94.42565917968767, 25.581470489502067], [94.422378540039, 25.57599067687994], [94.42510223388689, 25.572999954223746], [94.42639160156244, 25.561450958252067], [94.425590515137, 25.55291938781744], [94.42027282714872, 25.542650222778377], [94.41680908203153, 25.541940689087028], [94.41089630126982, 25.543518066406307], [94.40448760986345, 25.540899276733512], [94.38854217529303, 25.536569595337028], [94.36466979980474, 25.5214900970459], [94.32901000976568, 25.50835037231468], [94.32068634033232, 25.499280929565543], [94.31353759765625, 25.49447059631342], [94.30898284912115, 25.49380111694336], [94.3026428222658, 25.494632720947322], [94.29899597167969, 25.50070953369135], [94.29074096679716, 25.509519577026424], [94.28674316406278, 25.511699676513672], [94.27986907959013, 25.505451202392578], [94.27414703369169, 25.502990722656364], [94.26693725585932, 25.502439498901367], [94.25726318359392, 25.503419876098746], [94.25205993652338, 25.49907112121582], [94.23174285888678, 25.498310089111442], [94.22914123535185, 25.496009826660156], [94.22297668457037, 25.49677276611328], [94.2198562622072, 25.499629974365348], [94.21485137939482, 25.500240325927678], [94.21280670166033, 25.50282096862793], [94.21292877197294, 25.50817108154297], [94.20690155029314, 25.511640548706282], [94.20688629150408, 25.513950347900504], [94.1992492675783, 25.522769927978516], [94.19072723388678, 25.530780792236328], [94.19013977050787, 25.534629821777457], [94.19390869140642, 25.5421981811524], [94.19486999511736, 25.55242919921875], [94.19184875488281, 25.55095100402832], [94.18276977539074, 25.55325126647955], [94.17954254150419, 25.550189971923942], [94.16790771484403, 25.547010421752873], [94.1635284423831, 25.549921035766715], [94.1601104736331, 25.55525016784668], [94.15287780761713, 25.54784011840843], [94.151840209961, 25.541851043701172], [94.14820098876959, 25.531690597534237], [94.14523315429716, 25.527639389038143], [94.13873291015653, 25.52370071411127], [94.12850952148455, 25.52588081359869], [94.10607910156256, 25.52890014648449], [94.09210968017584, 25.532730102539176], [94.09252166748053, 25.537969589233626], [94.09619903564482, 25.54171943664562], [94.09496307373053, 25.546440124511832], [94.08595275878923, 25.559730529785213], [94.08003997802751, 25.561599731445312], [94.0694198608399, 25.558980941772575], [94.06469726562511, 25.56637001037592], [94.05412292480486, 25.576759338378963], [94.04599761962896, 25.580949783325252], [94.04361724853533, 25.577480316162053], [94.03900909423822, 25.579860687255916], [94.03916168212919, 25.58303070068382], [94.03791809082048, 25.581928253173828], [94.034896850586, 25.581489562988338], [94.0334091186524, 25.584701538085938], [94.02726745605474, 25.587989807129134], [94.02551269531267, 25.5933895111084], [94.01473236083996, 25.59613037109375], [94.01039886474604, 25.595399856567383], [94.0076522827149, 25.590940475463867], [94.00782775878912, 25.587528228759822], [94.01175689697283, 25.57909011840826], [94.0122833251956, 25.5752983093264], [94.01159667968767, 25.57274818420416], [94.01042175292986, 25.571311950683594], [94.00744628906256, 25.569850921630803], [94.00061035156261, 25.573881149292106], [93.98046875, 25.571252822876204], [93.97785186767584, 25.566160202026367], [93.97264862060547, 25.561180114746037], [93.9652175903322, 25.556577682495117], [93.95738983154297, 25.556751251220703], [93.94351959228521, 25.563432693481673], [93.93012237548845, 25.56538963317871], [93.91932678222662, 25.564029693603572], [93.91709136962919, 25.566720962524528], [93.91089630126953, 25.56752967834467], [93.9048461914063, 25.5674285888673], [93.90023803710943, 25.568729400634766], [93.89196014404297, 25.568420410156193], [93.8783721923831, 25.561981201171875], [93.86223602294939, 25.55752944946289], [93.85231781005876, 25.55864906311041], [93.84420776367199, 25.561691284179744], [93.83648681640642, 25.563060760498047], [93.83347320556646, 25.56137275695812], [93.8332595825197, 25.55642127990734], [93.82504272460955, 25.55599975585949], [93.82334899902344, 25.54816246032709], [93.81971740722673, 25.54438972473156], [93.81594085693365, 25.545448303222884], [93.80784606933594, 25.544519424438533], [93.77948760986334, 25.538049697876033], [93.77182006835955, 25.540809631347656], [93.77063751220697, 25.540279388427848], [93.77097320556652, 25.536020278930778], [93.7689514160158, 25.530710220336857], [93.76818084716797, 25.525291442871207], [93.76931762695312, 25.517709732055778], [93.76428985595714, 25.51548194885254], [93.76579284667974, 25.499900817871207], [93.76934814453142, 25.49677276611328], [93.77339172363287, 25.49784088134777], [93.78846740722662, 25.50649070739769], [93.79724884033209, 25.504381179809513], [93.80404663085955, 25.499029159545955], [93.80760955810575, 25.495559692382756], [93.8138885498048, 25.48472976684576], [93.80899810791016, 25.46558952331543], [93.80522918701172, 25.463420867919865], [93.8024291992188, 25.460409164428825], [93.7983627319336, 25.453931808471623], [93.79374694824236, 25.448659896850586], [93.79020690917974, 25.443380355835018], [93.78810882568365, 25.435880661010742], [93.78447723388678, 25.431938171386776], [93.78053283691435, 25.429500579833984], [93.7810668945313, 25.424711227417106], [93.76441955566412, 25.418130874633903], [93.76033782958979, 25.41411972045904], [93.74666595459001, 25.40571022033697], [93.74198913574247, 25.399919509887695], [93.74006652832043, 25.395179748535213], [93.74131774902361, 25.389440536499137], [93.73979187011736, 25.384418487548942], [93.73100280761736, 25.380371093749943], [93.72310638427763, 25.375581741333065], [93.71897888183611, 25.37035942077648], [93.71804046630876, 25.361600875854606], [93.71158599853521, 25.358089447021598], [93.69998168945318, 25.359422683715763], [93.69277954101591, 25.361589431762695], [93.69145202636747, 25.34741973876953], [93.68712615966814, 25.331211090088004], [93.68392181396484, 25.329629898071403], [93.67207336425798, 25.32871055603033], [93.67395782470703, 25.31728172302269], [93.67294311523466, 25.311510086059684], [93.6660919189456, 25.30828094482422], [93.6647491455081, 25.30424118041998], [93.66561126708984, 25.2984294891358], [93.65161895751947, 25.279020309448356], [93.65136718750006, 25.27366065979004], [93.64990997314447, 25.269119262695426], [93.64354705810553, 25.265882492065373], [93.64311981201178, 25.260011672973746], [93.63809204101562, 25.250398635864258], [93.63186645507818, 25.242919921875057], [93.62890625000028, 25.23574829101574], [93.62114715576189, 25.224912643432617], [93.6125793457033, 25.20619010925293], [93.6080169677735, 25.20205116271984], [93.60428619384794, 25.204320907592773], [93.60103607177763, 25.202392578125114], [93.59709930419939, 25.204299926757926], [93.59303283691435, 25.20391273498541], [93.59285736084013, 25.206670761108455], [93.59484100341814, 25.21113014221197], [93.59197998046892, 25.213909149170036], [93.59028625488287, 25.219949722290153], [93.5880584716798, 25.222169876098633], [93.5858459472658, 25.222311019897518], [93.58164978027361, 25.226009368896484], [93.57820129394531, 25.225690841674805], [93.57485198974615, 25.227550506591797], [93.57076263427734, 25.232450485229606], [93.57009887695318, 25.23560905456543], [93.5631332397461, 25.246589660644588], [93.55471038818388, 25.250528335571232], [93.54717254638678, 25.248491287231445], [93.54120635986328, 25.245380401611442], [93.5293579101562, 25.248359680175895], [93.5206069946289, 25.248781204223746], [93.51642608642595, 25.244770050048885], [93.5084304809572, 25.243709564208928], [93.505142211914, 25.24413108825678], [93.50417327880888, 25.25338172912592], [93.51078796386724, 25.27560806274414], [93.50437927246088, 25.275770187378043], [93.49489593505876, 25.278720855712947], [93.48754119873058, 25.2759304046632], [93.48338317871122, 25.27663993835455], [93.47675323486345, 25.279039382934798], [93.47258758544922, 25.28544044494629], [93.4746322631836, 25.292419433593864], [93.47513580322277, 25.299680709838867], [93.47402191162138, 25.309280395507812], [93.46797943115251, 25.313810348510742], [93.46312713623058, 25.319860458373967], [93.45670318603516, 25.325260162353572], [93.45796966552746, 25.330051422119254], [93.46193695068365, 25.336589813232365], [93.45790863037115, 25.340919494628906], [93.45188903808622, 25.344190597534237], [93.45374298095709, 25.348119735717773], [93.46231842041021, 25.358869552612532], [93.46626281738298, 25.36173057556175], [93.47821807861357, 25.379882812500057], [93.47728729248041, 25.38600921630865], [93.4739379882813, 25.393110275268555], [93.46718597412104, 25.40306091308588], [93.46325683593756, 25.41096115112316], [93.46540832519543, 25.415870666503906], [93.46514892578125, 25.42340278625494], [93.46186828613298, 25.4346981048584], [93.45687103271513, 25.44194984436041], [93.44359588623047, 25.450609207153263], [93.4349594116211, 25.45477294921875], [93.42751312255854, 25.455261230468807], [93.42201995849626, 25.454799652099723], [93.41710662841803, 25.452791213989315], [93.40291595458984, 25.459182739257812], [93.39591979980474, 25.464120864868278], [93.39041900634771, 25.469169616699276], [93.39190673828125, 25.474201202392635], [93.39103698730497, 25.478042602539062], [93.39131164550798, 25.48143005371105], [93.39050292968744, 25.485628128051815], [93.38710021972673, 25.49031066894537], [93.38636779785173, 25.49335098266613], [93.38304138183622, 25.497568130493164], [93.37181854248041, 25.50113105773937], [93.37114715576178, 25.505149841308594], [93.36689758300798, 25.507869720458928], [93.36502075195318, 25.510139465332088], [93.36682128906278, 25.51287269592291], [93.36472320556669, 25.516168594360465], [93.36004638671892, 25.52032279968256], [93.35756683349626, 25.52766990661644], [93.35417938232428, 25.53119087219261], [93.35016632080084, 25.533670425415266], [93.35234069824247, 25.537570953369254], [93.3492279052735, 25.538328170776424], [93.34458160400408, 25.536079406738338], [93.34039306640642, 25.53729057312006], [93.335746765137, 25.54541015625], [93.3317413330081, 25.546810150146484], [93.33338165283209, 25.549020767211857], [93.3412628173831, 25.554859161376953], [93.34546661376982, 25.561120986938533], [93.34831237792997, 25.563219070434627], [93.35439300537115, 25.565200805664062], [93.36070251464855, 25.56043815612793], [93.36418151855463, 25.560649871826286], [93.36598205566412, 25.563261032104492], [93.36515808105469, 25.569761276245117], [93.36943817138678, 25.570259094238338], [93.37342071533209, 25.569171905517635], [93.37599182128935, 25.571041107177734], [93.37683868408203, 25.57374000549322], [93.37648773193365, 25.57731056213379], [93.38269805908203, 25.576179504394588], [93.38474273681669, 25.577920913696516], [93.38503265380876, 25.581199645996037], [93.38311004638689, 25.58279991149908], [93.38240051269537, 25.58475112915039], [93.39063262939459, 25.589099884033317], [93.39005279541021, 25.59472084045416], [93.400199890137, 25.596281051635742], [93.40683746337896, 25.596479415893555], [93.40924835205095, 25.600410461425838], [93.40963745117205, 25.604101181030273], [93.40722656250006, 25.606491088867415], [93.40763854980497, 25.6094207763673], [93.40904998779314, 25.611690521240234], [93.41227722167986, 25.6136798858642], [93.41677856445324, 25.614889144897575], [93.41487121582043, 25.61664009094261], [93.41829681396496, 25.621059417724666], [93.4224700927735, 25.62226104736328], [93.42753601074236, 25.631458282470646], [93.43102264404303, 25.6292018890382], [93.43418121337885, 25.629869461059684], [93.43908691406261, 25.632339477539062], [93.43918609619158, 25.634399414062614], [93.44152069091803, 25.634780883789176], [93.4443969726563, 25.63804244995123], [93.44679260253906, 25.63881111145031], [93.449935913086, 25.63493156433117], [93.45198059082048, 25.637479782104492], [93.45935821533197, 25.63312911987316], [93.46195983886724, 25.633390426635856], [93.46121978759777, 25.636550903320312], [93.45860290527338, 25.638420104980412], [93.45713806152344, 25.640590667724723], [93.46070098876947, 25.64154815673828], [93.46556854248053, 25.644191741943473], [93.4685287475586, 25.643760681152287], [93.47477722167997, 25.644290924072266], [93.47593688964872, 25.647989273071403], [93.4833526611331, 25.645769119262695], [93.48359680175781, 25.651760101318416], [93.48721313476557, 25.650470733642635], [93.49072265625006, 25.653438568115234], [93.4901962280274, 25.65596961975109], [93.49394226074236, 25.655260086059513], [93.49991607666021, 25.65652084350586], [93.50208282470697, 25.662019729614315], [93.50829315185553, 25.66681098938011], [93.5101928710938, 25.671020507812614], [93.52028656005865, 25.683670043945312], [93.51938629150402, 25.685970306396598], [93.51683807373047, 25.68807029724144], [93.52272796630876, 25.69320106506359], [93.52593994140625, 25.699672698974666], [93.52855682373075, 25.69376945495611], [93.53057098388672, 25.69269943237299], [93.53149414062517, 25.69400596618658], [93.53797912597673, 25.703199386596793], [93.54355621337896, 25.701700210571346], [93.54441833496122, 25.705900192260685], [93.54592895507841, 25.710189819335938], [93.54881286621088, 25.714700698852596], [93.5497817993164, 25.718971252441406], [93.54619598388689, 25.7215194702149], [93.54483795166033, 25.726970672607536], [93.54669952392607, 25.734470367431584], [93.54988098144537, 25.732440948486385], [93.55692291259771, 25.737739562988338], [93.55626678466797, 25.741928100585994], [93.5619430541995, 25.74094963073742], [93.56548309326178, 25.74134063720726], [93.57006072998053, 25.751739501953125], [93.56925201416033, 25.755010604858455], [93.57341766357416, 25.756610870361328], [93.57382202148438, 25.759660720825195], [93.57324981689453, 25.760799407958984], [93.5837707519533, 25.75774955749523], [93.5871887207033, 25.7594509124757], [93.58712005615263, 25.76555061340332], [93.58822631835943, 25.768150329589844], [93.59266662597685, 25.7662410736084], [93.5937118530274, 25.764289855957145], [93.59834289550787, 25.768360137939567], [93.60275268554716, 25.77082061767578], [93.60556793212896, 25.76745986938471], [93.60571289062517, 25.77263069152832], [93.60807037353521, 25.776870727539176], [93.61141204834001, 25.77649116516119], [93.62232971191412, 25.779830932617188], [93.62355804443388, 25.78392028808605], [93.62113189697283, 25.785230636596793], [93.62381744384783, 25.790428161621207], [93.62695312500006, 25.791601181030273], [93.62753295898449, 25.7986297607423], [93.62979888916021, 25.799980163574162], [93.62899780273443, 25.80439949035656], [93.63334655761736, 25.805240631103516], [93.63405609130888, 25.809970855713004], [93.63611602783214, 25.81368064880371], [93.64029693603521, 25.81343078613304], [93.6409988403322, 25.81792068481468], [93.64435577392607, 25.81957054138178], [93.64849090576178, 25.823970794677734], [93.65235900878935, 25.82282066345209], [93.65673828125028, 25.826351165771598], [93.66082763671892, 25.824380874633846], [93.66860961914062, 25.824630737304688], [93.6695098876956, 25.82879257202171], [93.6725616455081, 25.828121185302678], [93.6780624389649, 25.828870773315543], [93.68287658691435, 25.835750579833928], [93.68250274658232, 25.840700149536133], [93.69201660156278, 25.844129562378043], [93.69053649902338, 25.847568511962834], [93.69377136230463, 25.84724998474121], [93.69785308837896, 25.851312637329215], [93.70359039306646, 25.853500366210994], [93.70363616943371, 25.849700927734432], [93.70237731933594, 25.846990585327262], [93.70548248291021, 25.848630905151367], [93.70643615722662, 25.85329055786127], [93.69090270996122, 25.88927078247076], [93.68582916259766, 25.9049396514892], [93.68768310546875, 25.909440994262752], [93.69767761230474, 25.917068481445426], [93.70506286621111, 25.921279907226506], [93.71250915527361, 25.922670364379826], [93.71650695800798, 25.92172050476097], [93.7289428710938, 25.92839813232422], [93.73645019531261, 25.930538177490178], [93.75009155273455, 25.937280654907283], [93.75184631347662, 25.936370849609375], [93.75202178955084, 25.939601898193587], [93.74941253662121, 25.94205093383789], [93.75885009765642, 25.948690414428825], [93.76278686523466, 25.954929351806754], [93.76841735839844, 25.95504951477062], [93.77025604248041, 25.95350074768072], [93.76954650878923, 25.95799064636236], [93.77301788330084, 25.966020584106445], [93.77881622314482, 25.963251113891715], [93.78028106689459, 25.960609436035156], [93.7851867675783, 25.958299636840934], [93.78660583496105, 25.954231262207145], [93.78942108154303, 25.95258140563965], [93.7891921997072, 25.94901084899908], [93.78659820556646, 25.94744110107422], [93.78940582275396, 25.946020126342887], [93.79067993164062, 25.944190979003906], [93.79141998291044, 25.94005012512207], [93.79326629638678, 25.936740875244368], [93.78861999511736, 25.932960510253906], [93.793212890625, 25.930980682373047], [93.79360961914068, 25.926040649414176], [93.79226684570318, 25.922519683837834], [93.79630279541021, 25.918191909790266], [93.79833221435564, 25.90969276428217], [93.798110961914, 25.906288146972656], [93.79573059082037, 25.90121078491211], [93.79514312744146, 25.898040771484375], [93.79184722900408, 25.894912719726676], [93.79145812988298, 25.890058517456282], [93.78745269775408, 25.878929138183707], [93.78827667236334, 25.87572097778326], [93.79064178466825, 25.87378120422369], [93.79181671142572, 25.869691848754883], [93.78578186035162, 25.866899490356502], [93.78528594970732, 25.863260269165266], [93.78147125244169, 25.859270095825252], [93.78359222412138, 25.853929519653377], [93.78296661376959, 25.851400375366325], [93.78380584716791, 25.84996032714838], [93.77982330322283, 25.84630966186529], [93.78108978271513, 25.84464073181158], [93.78259277343756, 25.838220596313477], [93.78452301025419, 25.83578109741211], [93.78734588623053, 25.827962875366154], [93.7887573242187, 25.826019287109602], [93.79070281982439, 25.82080078125], [93.7913208007813, 25.816030502319393], [93.79576110839855, 25.814350128173942], [93.80758666992199, 25.816337585449332], [93.81157684326178, 25.821269989013672], [93.81884002685558, 25.826229095458984], [93.82137298583979, 25.832401275634822], [93.82430267333984, 25.84709167480463], [93.83274078369146, 25.85625076293968], [93.842338562012, 25.86260986328125], [93.85170745849604, 25.862970352172795], [93.86872863769548, 25.855409622192383], [93.87362670898466, 25.850919723510742], [93.8827362060548, 25.845909118652457], [93.88854980468767, 25.85246086120611], [93.89161682128923, 25.85864067077648], [93.89340972900396, 25.864810943603572], [93.8986129760745, 25.863750457763786], [93.90184020996122, 25.87103080749523], [93.91382598876964, 25.88176918029808], [93.91590118408209, 25.887662887573185], [93.92385101318376, 25.889802932739315], [93.93463134765653, 25.89142990112299], [93.94019317626982, 25.900960922241268], [93.94835662841808, 25.901201248169002], [93.95983886718778, 25.90525054931652], [93.96075439453136, 25.90585517883312], [93.9691696166995, 25.911422729492188], [93.97197723388678, 25.917539596557674], [93.97939300537115, 25.919679641723633], [93.98268127441418, 25.92626953125], [93.97109222412138, 25.944852828979606], [93.97084808349615, 25.953260421753043], [93.96920776367188, 25.960840225219727], [93.9560089111331, 25.97418975830078], [93.95804595947271, 25.981571197509993], [93.96058654785185, 25.997009277343693], [93.95897674560553, 26.002458572387695], [93.95598602294933, 26.004570007324276], [93.95488739013666, 26.0073299407959], [93.9583816528322, 26.01189041137718], [93.96266174316418, 26.022159576416016], [93.96312713623064, 26.033351898193303], [93.96588897705084, 26.04240036010748], [93.97263336181635, 26.04496192932129], [93.97450256347685, 26.05216026306158], [93.98081207275419, 26.058631896972656], [93.99111938476591, 26.07263946533226], [93.98938751220732, 26.074119567871094], [93.98602294921892, 26.083568572998047], [93.9864273071289, 26.08830070495617], [93.99096679687517, 26.08949089050293], [93.99249267578142, 26.09278106689453], [93.992172241211, 26.0978298187257], [93.99413299560558, 26.10608863830572], [93.99957275390642, 26.10847091674816], [94.00216674804716, 26.1113796234132], [94.00213623046886, 26.114860534668082], [93.99986267089872, 26.11590957641613], [93.99495697021484, 26.115701675414982], [93.99124145507818, 26.11812019348156], [93.99282073974638, 26.120269775390625], [93.9964828491211, 26.122369766235295], [93.99661254882824, 26.128139495849553], [93.99832916259777, 26.129358291626033], [93.99830627441412, 26.130979537963924], [93.99326324462908, 26.1328182220459], [93.99075317382807, 26.133871078491325], [93.99320220947294, 26.137390136718693], [93.9962768554687, 26.13741111755371], [93.99965667724621, 26.136499404907227], [94.0030975341798, 26.13902091979992], [94.00522613525419, 26.14186096191412], [94.00636291503935, 26.14723968505865], [94.00290679931652, 26.15133857727062], [93.99965667724621, 26.158241271972656], [94.00434875488298, 26.164070129394645], [94.00389862060575, 26.169380187988395], [94.0048065185548, 26.17327117919922], [94.00876617431646, 26.18053054809576], [94.0130004882813, 26.186281204223633], [94.021957397461, 26.191459655761776], [94.02661895751953, 26.197149276733626], [94.03109741210943, 26.19939041137718], [94.03573608398466, 26.203189849853572], [94.03681945800787, 26.20972061157238], [94.03656005859392, 26.217710494995117], [94.0404663085938, 26.223510742187727], [94.0381698608399, 26.229511260986385], [94.04178619384771, 26.233890533447322], [94.04421997070312, 26.239969253540266], [94.04913330078125, 26.250211715698356], [94.05285644531256, 26.255790710449332], [94.0646362304688, 26.261770248413086], [94.0704727172851, 26.26003074645996], [94.07601928710938, 26.269239425659407], [94.0778198242188, 26.27535057067894], [94.07682037353533, 26.285200119018555], [94.08006286621111, 26.288810729980582], [94.08444213867205, 26.28860092163086], [94.08722686767607, 26.290420532226562], [94.0902862548831, 26.29713058471674], [94.09807586669933, 26.302940368652287], [94.10267639160185, 26.308691024780273], [94.10447692871111, 26.322040557861385], [94.1080474853515, 26.32640075683588], [94.11128997802729, 26.3260498046875], [94.11840820312517, 26.32271957397461], [94.1287231445313, 26.323249816894588], [94.11936187744158, 26.330490112304744], [94.11936950683594, 26.333700180053768], [94.12397003173834, 26.33591079711914], [94.13565826416027, 26.338218688964957], [94.1387710571289, 26.341552734375057], [94.14264678955084, 26.3421306610108], [94.14383697509771, 26.340200424194563], [94.1422424316408, 26.336040496826115], [94.14671325683605, 26.33542060852045], [94.14932250976568, 26.339080810546932], [94.15453338623058, 26.339981079101562], [94.16452026367188, 26.33934020996105], [94.17214965820312, 26.344409942627067], [94.17550659179693, 26.344219207763786], [94.1792831420899, 26.350839614868278], [94.17999267578142, 26.354120254516545], [94.17533874511747, 26.355131149292106], [94.16938018798834, 26.35406112670904], [94.16767120361334, 26.3533096313476], [94.16446685791044, 26.360120773315373], [94.17357635498053, 26.367578506469783], [94.17560577392595, 26.37175941467308], [94.17549133300787, 26.374450683593864], [94.17404937744135, 26.37782287597679], [94.17909240722662, 26.388721466064453], [94.17694091796892, 26.399560928344727], [94.1768417358399, 26.413410186767635], [94.17401123046903, 26.42089080810547], [94.17652130126947, 26.428070068359318], [94.17575836181635, 26.431800842285384], [94.18654632568365, 26.46051025390625], [94.20111846923857, 26.469900131225813], [94.20936584472673, 26.483722686767578], [94.21148681640642, 26.48984909057623], [94.22361755371122, 26.50057029724121], [94.22891998291027, 26.503261566162223], [94.23989105224626, 26.51143074035656], [94.24482727050781, 26.51692008972168], [94.25205230712885, 26.52773284912132], [94.25331878662115, 26.53252983093273], [94.26257324218767, 26.54394912719721], [94.27674102783209, 26.558839797973633], [94.2822875976563, 26.563539505004826], [94.28978729248075, 26.564109802246094], [94.28890991210955, 26.55990028381359], [94.28530883789062, 26.558240890503043], [94.28483581542997, 26.55536270141613], [94.28562164306635, 26.54656982421875], [94.28494262695318, 26.54029083251953], [94.28562164306635, 26.53409194946289], [94.28906249999994, 26.52517127990734], [94.28878784179693, 26.51831817626953], [94.2870712280274, 26.51496124267601], [94.28723907470709, 26.508520126342717], [94.29023742675798, 26.495969772338867], [94.29242706298834, 26.490030288696346], [94.29392242431646, 26.48074150085455], [94.30330657958996, 26.467260360717887], [94.31098175048857, 26.46606063842779], [94.31347656249994, 26.46500015258789], [94.31651306152372, 26.462930679321516], [94.32430267334013, 26.47070121765148], [94.32478332519548, 26.472209930420036], [94.32388305664068, 26.479379653930778], [94.3293228149414, 26.48384094238287], [94.33259582519548, 26.48502922058117], [94.33693695068354, 26.484819412231445], [94.34340667724638, 26.49003982543951], [94.34963226318365, 26.49284172058117], [94.35206604003906, 26.495750427246207], [94.35182189941406, 26.49920272827154], [94.35356140136736, 26.5021591186524], [94.3555297851563, 26.5034503936767], [94.35372161865229, 26.504810333252067], [94.35111236572266, 26.508621215820312], [94.35459136962896, 26.510280609131087], [94.3587493896485, 26.509141921997184], [94.36445617675798, 26.510330200195312], [94.3692474365235, 26.509990692138615], [94.37761688232439, 26.513120651245117], [94.37806701660162, 26.517160415649528], [94.37690734863287, 26.523170471191463], [94.37827301025402, 26.525260925293196], [94.39141082763678, 26.53282928466797], [94.39408874511724, 26.532640457153263], [94.39656066894537, 26.529731750488224], [94.39945220947294, 26.532320022583008], [94.39891815185541, 26.53454971313488], [94.40248107910162, 26.53880119323742], [94.40133666992193, 26.544080734252987], [94.40267944335949, 26.546861648559798], [94.40674591064447, 26.54825019836437], [94.40795135498047, 26.549711227416935], [94.4076385498048, 26.552400588989315], [94.40479278564482, 26.55523109436041], [94.40609741210943, 26.557380676269474], [94.40896606445318, 26.55713081359869], [94.41195678710938, 26.55845069885254], [94.41057586669922, 26.560598373413086], [94.40776062011719, 26.561428070068416], [94.40930938720709, 26.56899070739746], [94.41188049316435, 26.573400497436523], [94.41484832763678, 26.583280563354435], [94.40600585937517, 26.601930618286133], [94.40857696533209, 26.609790802001953], [94.40786743164091, 26.61433029174799], [94.40988159179693, 26.616439819335994], [94.43448638916021, 26.625379562378043], [94.45452117919928, 26.639020919799805], [94.45680999755865, 26.63664054870617], [94.4625015258789, 26.635459899902344], [94.46482086181646, 26.638710021972656], [94.4644622802735, 26.64036941528343], [94.46166229248075, 26.643840789795036], [94.46141815185553, 26.64809036254877], [94.45857238769543, 26.65534973144537], [94.46183013916044, 26.663160324096793], [94.46452331542997, 26.667510986328125], [94.46794128417997, 26.669820785522575], [94.4857482910158, 26.67370033264183], [94.49279785156267, 26.67225265502941], [94.49826812744169, 26.6737117767334], [94.50300598144543, 26.677690505981502], [94.5071411132813, 26.682979583740348], [94.50994873046875, 26.683429718017578], [94.51550292968767, 26.687299728393555], [94.5196762084961, 26.694601058960018], [94.52009582519548, 26.701450347900504], [94.5227279663086, 26.70436859130882], [94.52776336669928, 26.70128059387207], [94.54087066650408, 26.709632873535156], [94.54505920410173, 26.710901260376204], [94.55036926269526, 26.710170745849837], [94.554672241211, 26.70844078063965], [94.56112670898443, 26.708139419555664], [94.5634384155274, 26.707370758056754], [94.5647277832033, 26.70600128173828], [94.56233215332043, 26.693830490112532], [94.56295013427729, 26.690631866455078], [94.56608581542974, 26.689928054809627], [94.57086944580084, 26.690059661865234], [94.574691772461, 26.691020965576172], [94.57150268554716, 26.69622230529791], [94.58278656005854, 26.70557975769043], [94.5853881835938, 26.703310012817496], [94.58898162841803, 26.70244026184082], [94.59240722656256, 26.70273017883312], [94.5949325561524, 26.706550598144474], [94.59501647949219, 26.71236038208002], [94.59616851806658, 26.718179702758903], [94.59831237792974, 26.719940185546875], [94.60372161865246, 26.716171264648494], [94.60468292236357, 26.717210769653377], [94.60463714599615, 26.719852447509936], [94.60318756103544, 26.723810195923022], [94.60048675537138, 26.725259780883903], [94.59333038330095, 26.726131439208984], [94.59517669677763, 26.729890823364258], [94.59993743896513, 26.737720489502067], [94.60414886474604, 26.73928070068365], [94.61006164550776, 26.740102767944336], [94.61044311523432, 26.735860824585075], [94.61194610595732, 26.73265075683605], [94.61740112304693, 26.73055076599121], [94.62014770507841, 26.72673988342291], [94.62108612060575, 26.721170425415096], [94.62271881103516, 26.719530105590934], [94.62829589843756, 26.718629837036133], [94.63197326660185, 26.7196502685548], [94.64028930664068, 26.723970413208008], [94.64621734619146, 26.724510192871094], [94.65338897705095, 26.72363090515148], [94.65853881835955, 26.724800109863395], [94.66513824462902, 26.727760314941406], [94.68660736084001, 26.732589721679915], [94.6914825439456, 26.73575973510748], [94.69687652587908, 26.73969078063959], [94.71140289306658, 26.75282287597662], [94.71969604492216, 26.758039474487305], [94.73188018798834, 26.76400947570795], [94.73651123046903, 26.767410278320312], [94.73773193359375, 26.76885032653837], [94.74167633056635, 26.77357101440458], [94.74236297607428, 26.778640747070256], [94.74579620361334, 26.78214073181175], [94.750717163086, 26.779670715332088], [94.75409698486345, 26.774311065673942], [94.7563705444336, 26.7722682952882], [94.75934600830084, 26.7741374969483], [94.76003265380876, 26.776628494262695], [94.76235961914068, 26.779930114746207], [94.76832580566418, 26.783397674560604], [94.76906585693365, 26.791099548339844], [94.77308654785168, 26.79496192932129], [94.78563690185553, 26.79857063293457], [94.79078674316412, 26.801452636718977], [94.79496002197271, 26.803731918335075], [94.8022079467774, 26.80606079101574], [94.80535888671903, 26.81219100952154], [94.80161285400408, 26.8138103485108], [94.79664611816423, 26.818519592285156], [94.80671691894526, 26.821229934692326], [94.80918121337919, 26.8232803344726], [94.81305694580095, 26.824760437011832], [94.81507110595732, 26.83002090454113], [94.81540679931646, 26.83680915832531], [94.81669616699219, 26.84147071838379], [94.82109069824224, 26.844869613647518], [94.82173156738293, 26.849309921264762], [94.82108306884766, 26.854459762573356], [94.82628631591803, 26.85931015014654], [94.83226013183622, 26.862710952759016], [94.83645629882841, 26.868459701538086], [94.83878326416033, 26.87400054931652], [94.84584045410173, 26.876791000366325], [94.85153198242182, 26.881340026855526], [94.85334777832037, 26.885339736938477], [94.85900878906267, 26.893280029296818], [94.86531829834001, 26.906909942626896], [94.86862182617193, 26.909891128540153], [94.86963653564482, 26.91500854492199], [94.88154602050781, 26.926710128784407], [94.88622283935575, 26.932460784912223], [94.89447021484375, 26.93733024597168], [94.90129089355497, 26.940340042114485], [94.90882110595703, 26.94227027893072], [94.91385650634777, 26.94256973266613], [94.91799163818365, 26.94514274597168], [94.92376708984386, 26.950330734252987], [94.92816162109386, 26.952100753784237], [94.9336013793947, 26.938539505004883], [94.93855285644548, 26.937971115112532], [94.94122314453142, 26.939271926880167], [94.94709014892572, 26.940200805664006], [94.95728302001959, 26.94355010986351], [94.9641723632813, 26.94064140319847], [94.96676635742205, 26.936180114746207], [94.96794128417986, 26.931489944458008], [94.97067260742193, 26.92836189270031], [94.97425842285162, 26.927602767944336], [94.9796600341798, 26.92462158203125], [94.98567199707048, 26.918249130249023], [94.98944854736328, 26.917829513549748], [94.99205017089855, 26.918388366699276], [94.99118804931658, 26.922920227050838], [94.9930572509765, 26.926160812377987], [94.99946594238287, 26.92428970336914], [95.00579071044933, 26.924869537353516], [95.01657104492205, 26.924352645874023], [95.02134704589861, 26.925399780273494], [95.02855682373047, 26.932510375976676], [95.03804779052763, 26.938480377197493], [95.05464935302763, 26.94087982177757], [95.06533813476591, 26.94819068908697], [95.08686065673857, 26.952741622924748], [95.11004638671875, 26.966909408569336], [95.1132202148437, 26.972320556640682], [95.11350250244146, 26.97758102417015], [95.11694335937506, 26.9836807250976], [95.1263809204101, 26.986909866333065], [95.13698577880865, 26.99357986450201], [95.14276123046903, 26.99830055236822], [95.14948272705078, 26.999839782714957], [95.1545028686524, 27.006040573120174], [95.1955184936524, 27.042949676513672], [95.19579315185575, 27.03250122070324], [95.19785308837902, 27.019840240478516], [95.1976165771485, 27.015689849853516], [95.20008087158209, 27.00622940063488], [95.19982147216791, 26.999359130859375], [95.19626617431646, 26.99781036376953], [95.19519805908232, 26.989990234375], [95.20043945312517, 26.985559463501204], [95.20775604248053, 26.98470115661644], [95.20996093750017, 26.982629776000977], [95.2052230834961, 26.98217010498047], [95.20655822753906, 26.978820800781477], [95.20877075195341, 26.975080490112305], [95.2150421142581, 26.970371246338004], [95.21366882324224, 26.968120574951456], [95.20883941650408, 26.965351104736385], [95.20675659179693, 26.962591171264705], [95.20851135253912, 26.960729598999308], [95.21341705322283, 26.958789825439396], [95.20923614501959, 26.956670761108455], [95.21219635009794, 26.94334983825695], [95.21444702148449, 26.936950683593693]]]}}, {"type": "Feature", "properties": {"ID_0": 105, "ISO": "IND", "NAME_0": "India", "ID_1": 30, "NAME_1": "Sikkim", "NL_NAME_1": null, "VARNAME_1": null, "TYPE_1": "State", "ENGTYPE_1": "State"}, "geometry": {"type": "Polygon", "coordinates": [[[88.64525604248064, 28.09912109375017], [88.65410614013678, 28.089839935302848], [88.66110229492205, 28.07963943481451], [88.66677093505854, 28.074079513549975], [88.67280578613287, 28.072839736938647], [88.6733169555664, 28.07307052612299], [88.67363739013666, 28.073272705078352], [88.67510986328153, 28.07420158386259], [88.67711639404314, 28.077379226684684], [88.68579864501982, 28.078979492187727], [88.6952209472658, 28.076980590820256], [88.69785308837885, 28.077369689941577], [88.70388793945318, 28.0781307220459], [88.714340209961, 28.075691223144702], [88.71943664550798, 28.076370239257926], [88.7291412353515, 28.07528114318859], [88.74034881591825, 28.07599067688011], [88.7480545043947, 28.07406616210966], [88.75108337402344, 28.07331275939964], [88.75361633300781, 28.07193946838379], [88.75363922119146, 28.07150077819847], [88.75614929199224, 28.06971168518072], [88.76803588867216, 28.06124114990257], [88.76827239990251, 28.060630798339844], [88.76880645751947, 28.060630798339844], [88.7691268920899, 28.060400009155273], [88.77075195312517, 28.059120178222884], [88.77073669433611, 28.05866050720215], [88.77076721191423, 28.05820083618181], [88.77332305908209, 28.056861877441634], [88.7822875976563, 28.050769805908374], [88.78254699707026, 28.04961967468273], [88.78280639648443, 28.048490524292276], [88.78356170654297, 28.048032760620345], [88.78431701660173, 28.047601699829386], [88.78562164306658, 28.044240951538143], [88.78663635253912, 28.043550491333235], [88.78663635253912, 28.043100357055664], [88.79471588134794, 28.03704261779808], [88.794731140137, 28.036598205566406], [88.79498291015642, 28.036390304565487], [88.79609680175781, 28.035900115966797], [88.79749298095709, 28.03277969360363], [88.79766082763689, 28.032470703125057], [88.79943084716803, 28.031120300293196], [88.79944610595709, 28.030691146850813], [88.80226898193365, 28.028774261474723], [88.80532836914068, 28.0267009735108], [88.80532836914068, 28.0262508392334], [88.80560302734403, 28.0260906219483], [88.80786895751982, 28.02527046203619], [88.81670379638689, 28.020980834961165], [88.81925964355474, 28.019741058349837], [88.8207092285158, 28.01897811889671], [88.82534790039068, 28.01705932617199], [88.8290557861331, 28.015159606933878], [88.8329010009765, 28.011539459228743], [88.83463287353533, 28.000408172607592], [88.83564758300787, 27.999490737915266], [88.83571624755888, 27.999120712280444], [88.83625030517584, 27.99889945983915], [88.83625030517584, 27.998212814331055], [88.83677673339844, 27.996850967407283], [88.83905792236345, 27.99505996704096], [88.84088134765653, 27.991001129150675], [88.84029388427763, 27.976802825927734], [88.83981323242205, 27.96523094177269], [88.83995819091791, 27.964109420776595], [88.84300994873041, 27.961610794067667], [88.84407043457037, 27.956422805786417], [88.83972930908232, 27.952791213989315], [88.83644866943365, 27.947359085083008], [88.83641815185553, 27.94491958618164], [88.83625030517584, 27.93200111389166], [88.83954620361357, 27.930419921875057], [88.841781616211, 27.929830551147575], [88.85353088378923, 27.926731109619254], [88.85443878173857, 27.926488876342944], [88.8589477539063, 27.925270080566463], [88.86123657226568, 27.9234619140625], [88.86480712890642, 27.913061141967887], [88.86682891845732, 27.909099578857422], [88.87023162841825, 27.902429580688533], [88.87071990966814, 27.902439117431868], [88.87074279785162, 27.901979446411303], [88.8714675903322, 27.901819229126204], [88.87725067138678, 27.897491455078068], [88.87967681884783, 27.895679473876896], [88.87966156005876, 27.895259857177848], [88.88018798828153, 27.895240783691406], [88.88046264648443, 27.893659591674805], [88.88050079345709, 27.893209457397575], [88.8810119628908, 27.893209457397575], [88.88138580322283, 27.89253044128418], [88.88136291503923, 27.889049530029297], [88.8809356689456, 27.88638305664091], [88.87996673584013, 27.880310058594034], [88.88076782226557, 27.87014007568382], [88.88089752197271, 27.869840621948413], [88.88176727294939, 27.867870330810547], [88.88456726074247, 27.86539077758789], [88.8857421875, 27.861337661743164], [88.88564300537115, 27.859058380126896], [88.88539886474626, 27.85891723632841], [88.88297271728521, 27.857490539550952], [88.88286590576166, 27.857030868530444], [88.88209533691435, 27.855442047119084], [88.88208770751982, 27.855308532714957], [88.88099670410173, 27.83896064758312], [88.880386352539, 27.837600708007756], [88.8789672851563, 27.83714103698742], [88.87782287597662, 27.836240768432788], [88.87709045410168, 27.833971023559855], [88.87666320800787, 27.83337974548357], [88.87623596191423, 27.83263015747093], [88.87528228759783, 27.831069946289347], [88.873031616211, 27.82739067077665], [88.86830139160162, 27.824541091919116], [88.86752319335943, 27.824600219726676], [88.86553955078142, 27.823680877685774], [88.86234283447271, 27.821750640869368], [88.85573577880888, 27.818122863769645], [88.85537719726591, 27.817888259887923], [88.854263305664, 27.8165225982666], [88.85412597656267, 27.814950942993107], [88.85463714599604, 27.814741134643782], [88.85476684570318, 27.813600540161417], [88.85527038574236, 27.812450408935604], [88.8573226928711, 27.81134033203125], [88.85745239257841, 27.808162689208984], [88.85682678222662, 27.798879623413086], [88.85233306884794, 27.7783203125], [88.85260772705078, 27.768350601196346], [88.85431671142595, 27.760370254516715], [88.8545761108399, 27.759330749511776], [88.85592651367216, 27.756940841674805], [88.85694885253923, 27.756019592285327], [88.85752868652361, 27.754590988159123], [88.85852813720709, 27.753690719604492], [88.85952758789068, 27.75300979614252], [88.86136627197283, 27.748941421509073], [88.86238098144537, 27.739000320434684], [88.86107635498075, 27.735830307006893], [88.85428619384783, 27.730171203613565], [88.85372924804705, 27.729145050048942], [88.85151672363287, 27.72405052185087], [88.85051727294928, 27.718200683593693], [88.85000610351574, 27.717531204223633], [88.84127807617216, 27.71206283569336], [88.83888244628912, 27.7111625671389], [88.83862304687494, 27.710470199585245], [88.83863830566423, 27.708219528198526], [88.83940124511736, 27.705720901489258], [88.83988952636724, 27.705511093139933], [88.84040832519537, 27.70527839660639], [88.84117889404303, 27.702810287475813], [88.84552764892595, 27.700311660766715], [88.84552001953142, 27.694431304931754], [88.84416961669939, 27.68892288208002], [88.84449768066435, 27.685941696167163], [88.84500885009771, 27.681619644165153], [88.84526062011747, 27.68070030212408], [88.84545898437528, 27.680080413818416], [88.84673309326178, 27.675582885742415], [88.8466110229495, 27.669040679931925], [88.8466110229495, 27.66889953613304], [88.84562683105497, 27.66723823547386], [88.84310913085943, 27.66299819946306], [88.83843994140625, 27.658710479736555], [88.83679199218756, 27.657569885254077], [88.83412170410162, 27.65332221984886], [88.8322372436524, 27.65032958984375], [88.82601928710966, 27.6454696655274], [88.8223266601563, 27.642839431762752], [88.82073211669939, 27.64229011535673], [88.81981658935553, 27.641941070556697], [88.81552886962919, 27.642669677734318], [88.81375122070318, 27.643320083618164], [88.81320190429716, 27.643520355224723], [88.81067657470709, 27.64282035827631], [88.80990600585943, 27.641918182373274], [88.80713653564482, 27.63625907897955], [88.806396484375, 27.63219070434593], [88.80824279785185, 27.619129180908374], [88.8085021972658, 27.61433029174833], [88.80797576904297, 27.613639831543082], [88.80548858642595, 27.60325050354021], [88.8019561767581, 27.59984016418457], [88.80095672607428, 27.599611282348576], [88.80098724365246, 27.599180221557617], [88.80046081542997, 27.599172592163086], [88.80046081542997, 27.598711013794116], [88.79789733886724, 27.596460342407283], [88.79740905761747, 27.596460342407283], [88.79741668701166, 27.596002578735522], [88.79457092285156, 27.59399986267107], [88.79406738281256, 27.59399986267107], [88.79280853271513, 27.591989517211857], [88.79177856445318, 27.590610504150618], [88.7885360717774, 27.588069915771484], [88.78726959228544, 27.585571289062557], [88.7855758666995, 27.576280593872127], [88.78481292724638, 27.575380325317496], [88.78368377685541, 27.574480056762695], [88.78227996826178, 27.573360443115405], [88.76847839355486, 27.567998886108683], [88.76822662353544, 27.567899703979492], [88.76822662353544, 27.56743812561035], [88.76732635498064, 27.56677246093767], [88.76706695556669, 27.5649604797365], [88.76786804199219, 27.559970855713175], [88.76840209960966, 27.55974960327177], [88.76891326904303, 27.55952262878418], [88.77311706542974, 27.544509887695312], [88.77510070800776, 27.537599563598746], [88.7755432128908, 27.53728294372587], [88.77635955810553, 27.536720275879134], [88.77913665771501, 27.534009933471907], [88.77990722656267, 27.532651901245345], [88.77987670898432, 27.53222084045416], [88.78424835205107, 27.52951812744169], [88.7860183715822, 27.52906036376953], [88.78703308105474, 27.529300689697436], [88.78806304931669, 27.529069900512695], [88.78856658935553, 27.528600692749023], [88.78894805908209, 27.526130676269474], [88.78882598876982, 27.525011062622184], [88.78768920898432, 27.5245304107666], [88.78698730468767, 27.520839691162394], [88.78666687011724, 27.51917266845726], [88.7861709594726, 27.51510047912626], [88.78613281250028, 27.513629913330192], [88.78602600097673, 27.511489868164062], [88.78517150878935, 27.506460189819506], [88.78322601318365, 27.496480941772575], [88.7833328247072, 27.494529724121094], [88.78428649902361, 27.49373054504406], [88.78501129150419, 27.492979049682845], [88.78555297851591, 27.492418289184513], [88.7854309082033, 27.487672805786303], [88.78524017334001, 27.4872531890872], [88.78474426269537, 27.486164093017692], [88.78390502929705, 27.48432731628435], [88.78315734863298, 27.482700347900504], [88.78259277343767, 27.47958374023449], [88.78231811523466, 27.4780654907226], [88.78144073486345, 27.473190307617415], [88.78144073486345, 27.472532272338867], [88.78145599365251, 27.46775817871105], [88.7821655273437, 27.4632568359375], [88.7833862304688, 27.45555114746105], [88.78428649902361, 27.453990936279467], [88.78733825683611, 27.452421188354606], [88.78736877441423, 27.451299667358683], [88.78759765625006, 27.450170516967717], [88.7924346923831, 27.448026657104776], [88.794731140137, 27.44701004028326], [88.79459381103533, 27.44495010375988], [88.79402160644548, 27.436609268188704], [88.79490661621122, 27.432769775390852], [88.79500579833984, 27.432649612426815], [88.7965316772461, 27.430780410766715], [88.8003234863283, 27.428701400757063], [88.80316925048845, 27.427139282226506], [88.80406951904325, 27.425331115722884], [88.80407714843778, 27.425090789795206], [88.80600738525385, 27.414239883423022], [88.80712127685575, 27.411199569702205], [88.8080596923831, 27.408641815185774], [88.80932617187506, 27.40518951416044], [88.81009674072271, 27.40475845336914], [88.81009674072271, 27.40430068969738], [88.81136322021484, 27.40318107604986], [88.81175994873064, 27.403020858764762], [88.81175994873064, 27.402561187744197], [88.81745147705072, 27.40071105957037], [88.81920623779314, 27.399322509765625], [88.81925964355474, 27.399255752563704], [88.81932067871122, 27.399183273315487], [88.82083892822294, 27.39736938476591], [88.82170104980486, 27.39571952819847], [88.82238006591825, 27.394081115722713], [88.82536315917974, 27.39143943786621], [88.82536315917974, 27.390991210937557], [88.82536315917974, 27.390560150146598], [88.8311996459961, 27.388750076294002], [88.83271789550781, 27.386510848999023], [88.83316802978521, 27.386510848999023], [88.83349609375017, 27.386510848999023], [88.83348846435547, 27.386051177978516], [88.83423614501947, 27.385839462280387], [88.83444213867188, 27.38460731506359], [88.83473205566412, 27.382900238037337], [88.8355178833009, 27.38244056701666], [88.83831024169928, 27.3788299560548], [88.83982849121094, 27.378158569335938], [88.84134674072283, 27.377700805664176], [88.8423461914063, 27.377941131592024], [88.84411621093778, 27.379079818725756], [88.84451293945341, 27.379730224609432], [88.84718322753935, 27.380859375], [88.84829711914074, 27.382680892944336], [88.84835815429688, 27.382768630981445], [88.84895324707048, 27.38360023498541], [88.85270690917997, 27.38632965087885], [88.85653686523466, 27.386779785156307], [88.85883331298822, 27.385869979858512], [88.8616333007813, 27.38361930847168], [88.86213684082048, 27.382509231567496], [88.86313629150396, 27.3806800842288], [88.86466217041021, 27.37977027893072], [88.86721801757841, 27.36824989318842], [88.86875152587885, 27.3673610687257], [88.86942291259771, 27.36718177795416], [88.87046813964838, 27.366886138916243], [88.87915039062506, 27.36444091796892], [88.87924957275385, 27.36437416076666], [88.8809890747072, 27.36318969726574], [88.88320922851591, 27.35766029357916], [88.88506317138678, 27.346809387207145], [88.88561248779303, 27.34550857543968], [88.88861083984375, 27.338441848754996], [88.8891067504884, 27.338220596313704], [88.88986206054693, 27.336400985718], [88.8939361572265, 27.333940505981445], [88.89395141601562, 27.333469390869197], [88.89599609375028, 27.33305168151867], [88.8971481323245, 27.333395004272575], [88.90054321289068, 27.334409713745117], [88.90693664550798, 27.330673217773438], [88.90786743164062, 27.330129623413143], [88.90916442871122, 27.330415725708065], [88.9119491577149, 27.331029891967773], [88.9141616821289, 27.330200195312614], [88.91535949707031, 27.329633712768498], [88.92176055908232, 27.32660865783697], [88.92237091064453, 27.326320648193644], [88.92163085937517, 27.325550079345817], [88.91873931884766, 27.322549819946346], [88.91842651367193, 27.322219848633097], [88.91485595703136, 27.318660736084098], [88.91423797607428, 27.31795120239252], [88.9135131835938, 27.316360473632812], [88.91250610351568, 27.309339523315487], [88.90946197509771, 27.30594253540039], [88.90915679931669, 27.301715850830362], [88.90912628173834, 27.301599502563704], [88.90910339355474, 27.300512313842773], [88.90988922119146, 27.29827117919922], [88.91039276123064, 27.298036575317496], [88.91053771972656, 27.293060302734318], [88.90727233886747, 27.28354072570812], [88.90651702880854, 27.282411575317496], [88.90376281738287, 27.27880096435564], [88.90196990966814, 27.27723884582531], [88.89920806884771, 27.274972915649528], [88.89792633056669, 27.275192260742188], [88.89762115478516, 27.27515411376953], [88.89715576171903, 27.275096893310547], [88.89614868164068, 27.27495193481468], [88.8944625854495, 27.274013519287166], [88.89424133300787, 27.273891448974553], [88.89286804199224, 27.27313041687023], [88.88329315185564, 27.26905059814453], [88.87987518310564, 27.26610374450695], [88.87934875488287, 27.266099929809627], [88.87722778320318, 27.2629203796389], [88.87671661376964, 27.260879516601562], [88.8731765747072, 27.259061813354435], [88.87241363525408, 27.258842468261776], [88.86381530761719, 27.26221466064453], [88.85621643066423, 27.261293411254883], [88.84709167480474, 27.26172065734869], [88.84381866455095, 27.260829925537337], [88.84306335449236, 27.261268615722656], [88.83519744873047, 27.263069152832145], [88.83088684082037, 27.262359619140625], [88.83040618896513, 27.262599945068473], [88.83040618896513, 27.2621307373048], [88.82712554931652, 27.260562896728516], [88.82409667968778, 27.2600994110108], [88.82318878173828, 27.25874137878418], [88.822563171387, 27.257617950439567], [88.8200302124024, 27.256460189819393], [88.82003784179693, 27.256000518798828], [88.81996917724626, 27.25554084777832], [88.8189163208009, 27.254989624023494], [88.81221008300787, 27.25237464904791], [88.81018829345732, 27.252166748046932], [88.80110168457048, 27.247579574585075], [88.80033874511736, 27.246236801147575], [88.79960632324224, 27.23719024658203], [88.79960632324224, 27.23470115661621], [88.80011749267595, 27.23311996459978], [88.8006896972658, 27.220680236816634], [88.79923248291021, 27.21572494506836], [88.79518890380876, 27.208469390869084], [88.79191589355486, 27.20449829101574], [88.79128265380888, 27.20427131652849], [88.78964233398455, 27.20190048217796], [88.78917694091825, 27.20008087158226], [88.78890991210943, 27.198499679565657], [88.78919982910185, 27.189920425414982], [88.78820037841803, 27.185834884643555], [88.78717041015642, 27.184246063232365], [88.7846755981447, 27.18198966979992], [88.77886962890636, 27.179950714111555], [88.77684020996094, 27.17948341369629], [88.7748413085938, 27.179710388183707], [88.76992797851591, 27.17930030822754], [88.7680740356447, 27.178903579712085], [88.76598358154314, 27.178541183471793], [88.7617568969726, 27.175878524780558], [88.76138305664062, 27.17519187927246], [88.76085662841814, 27.17519187927246], [88.76088714599615, 27.174751281738395], [88.76054382324224, 27.174472808838004], [88.75889587402338, 27.17265892028803], [88.75839233398443, 27.171970367431697], [88.75830078125028, 27.168914794921875], [88.75845336914074, 27.168014526367244], [88.75894927978533, 27.167787551879826], [88.76069641113287, 27.158100128173942], [88.76048278808594, 27.157131195068473], [88.75975799560553, 27.155017852783317], [88.75385284423834, 27.151840209960994], [88.75168609619158, 27.148210525512695], [88.73718261718767, 27.139520645141715], [88.73253631591825, 27.137350082397745], [88.7245407104495, 27.138521194458235], [88.71779632568365, 27.143970489502067], [88.71496582031261, 27.15023994445795], [88.71180725097673, 27.165149688720987], [88.70197296142584, 27.174110412597713], [88.69149780273443, 27.178699493408317], [88.6844100952149, 27.180229187011776], [88.68036651611345, 27.179510116577262], [88.67350006103533, 27.176610946655387], [88.66806793212919, 27.17198944091814], [88.65959930419928, 27.162210464477653], [88.65645599365263, 27.162401199340934], [88.64248657226574, 27.167158126831055], [88.63875579834001, 27.16772079467779], [88.63327789306646, 27.174530029297102], [88.61901855468756, 27.18785285949707], [88.60678863525396, 27.189661026001033], [88.60352325439459, 27.19115257263178], [88.59810638427729, 27.191371917724666], [88.59751892089872, 27.192710876465128], [88.59400177001959, 27.191181182861385], [88.59147644042986, 27.194459915161246], [88.58702087402372, 27.190532684326115], [88.58509063720732, 27.19283294677757], [88.5662918090822, 27.1878604888916], [88.55899047851591, 27.188751220703125], [88.54084014892607, 27.18371009826666], [88.5289993286134, 27.177761077880803], [88.52075195312506, 27.178180694580078], [88.52047729492182, 27.175029754638786], [88.52980804443388, 27.1657905578615], [88.52672576904325, 27.16027259826683], [88.53202819824224, 27.154329299926815], [88.52993011474615, 27.150150299072436], [88.52674102783232, 27.149772644043082], [88.521713256836, 27.150342941284123], [88.51870727539074, 27.147800445556754], [88.51596069335938, 27.143739700317667], [88.51222991943388, 27.141031265258903], [88.5075073242187, 27.13599014282221], [88.50295257568376, 27.134050369262695], [88.49890136718778, 27.131219863891772], [88.49640655517607, 27.12815284729004], [88.49561309814459, 27.12536048889183], [88.49185180664091, 27.12487030029297], [88.48668670654325, 27.126779556274357], [88.48127746582037, 27.122850418090877], [88.47377777099626, 27.120700836181754], [88.4690780639649, 27.117301940918196], [88.46672058105486, 27.11394119262701], [88.46479797363281, 27.104791641235465], [88.46018218994169, 27.09584999084484], [88.45449829101562, 27.089649200439453], [88.44628143310541, 27.08539962768566], [88.43962097167969, 27.08416938781761], [88.43194580078153, 27.081609725952205], [88.42914581298845, 27.083620071411246], [88.41100311279297, 27.090700149536246], [88.39765930175781, 27.09443092346197], [88.38751983642607, 27.098409652710075], [88.37065124511724, 27.099412918091048], [88.36387634277338, 27.098421096801758], [88.3523025512697, 27.101070404052848], [88.34793853759771, 27.103321075439567], [88.34516143798857, 27.106901168823413], [88.34079742431635, 27.110670089721623], [88.33174133300787, 27.108167648315714], [88.32383728027344, 27.104900360107365], [88.32007598876953, 27.107320785522518], [88.32048797607428, 27.116640090942496], [88.31881713867199, 27.11934089660639], [88.31127166748064, 27.12535095214855], [88.30449676513678, 27.128601074218864], [88.2998886108399, 27.127998352050838], [88.294906616211, 27.124771118164176], [88.2781372070313, 27.130830764770508], [88.27735137939453, 27.131191253662223], [88.27088928222662, 27.130130767822266], [88.26345825195318, 27.127370834350813], [88.25154876708984, 27.12536048889183], [88.2400665283206, 27.12037086486839], [88.23250579834001, 27.119768142700195], [88.22690582275419, 27.121389389038086], [88.22151184082037, 27.125270843505973], [88.21383666992188, 27.135122299194336], [88.20986938476568, 27.133401870727823], [88.19561767578153, 27.136230468750114], [88.18850708007818, 27.13442039489769], [88.18367767334001, 27.13520050048851], [88.17899322509771, 27.13471031188982], [88.17260742187517, 27.13031959533714], [88.15843963623075, 27.11435127258312], [88.15544128417986, 27.112100601196232], [88.15231323242216, 27.111709594726562], [88.14377593994135, 27.117071151733626], [88.13662719726568, 27.116878509521598], [88.12690734863287, 27.12308120727539], [88.12329101562506, 27.123790740966967], [88.09593963623064, 27.135509490967024], [88.09266662597656, 27.136278152465934], [88.08863830566435, 27.13875007629423], [88.0858459472658, 27.141510009765682], [88.08383178710966, 27.145019531250114], [88.08299255371094, 27.148939132690487], [88.08390808105486, 27.161069869995288], [88.08325958251982, 27.165042877197266], [88.07869720459013, 27.16792106628418], [88.07309722900396, 27.174417495727823], [88.0723266601563, 27.179340362548828], [88.06926727294928, 27.184949874877987], [88.06745147705107, 27.190269470215014], [88.06883239746111, 27.19435119628929], [88.07540893554693, 27.19880104064964], [88.07495117187517, 27.200839996337834], [88.06823730468744, 27.204730987549055], [88.06433868408209, 27.207830429077376], [88.06173706054716, 27.211299896240348], [88.05819702148438, 27.213890075683707], [88.04676055908209, 27.216110229492415], [88.03292846679716, 27.22103118896507], [88.0239868164062, 27.220661163330192], [88.01696777343767, 27.21887207031267], [88.02149200439482, 27.22472953796381], [88.02162933349615, 27.228885650634936], [88.02182006835943, 27.235515594482536], [88.02185821533232, 27.23554611206049], [88.02431488037121, 27.237415313720817], [88.02435302734403, 27.237409591675032], [88.02742004394526, 27.236915588378963], [88.02745819091814, 27.236907958984432], [88.02684783935541, 27.241718292236328], [88.02684020996122, 27.24175643920921], [88.03031921386736, 27.249114990234432], [88.03341674804693, 27.249715805053654], [88.03338623046892, 27.251579284668196], [88.03321838378912, 27.26301574707054], [88.03441619873053, 27.265615463257063], [88.0329132080081, 27.271715164184684], [88.03561401367216, 27.281415939331055], [88.03429412841791, 27.28599548339838], [88.0407104492188, 27.29142570495634], [88.04076385498075, 27.291435241699446], [88.0465087890625, 27.292442321777457], [88.0436401367187, 27.30112648010271], [88.04411315917974, 27.304016113281307], [88.0477142333985, 27.30985641479515], [88.05111694335955, 27.312314987182617], [88.05203247070307, 27.318447113037166], [88.05519866943365, 27.324256896972884], [88.05522155761747, 27.32430076599138], [88.0626983642581, 27.32823753356962], [88.06273651123064, 27.328256607055664], [88.0661163330081, 27.334115982055607], [88.06921386718767, 27.33558082580595], [88.0688552856447, 27.33664131164568], [88.06731414794939, 27.34101486206066], [88.06563568115234, 27.342695236206282], [88.06441497802763, 27.34391593933134], [88.0624389648438, 27.349275588989485], [88.06026458740251, 27.3553409576416], [88.05281829834001, 27.358314514160156], [88.04441833496111, 27.37071609497076], [88.04761505126982, 27.379714965820312], [88.04672241210955, 27.384296417236442], [88.04731750488298, 27.38961601257347], [88.04846191406267, 27.395481109619368], [88.05109405517595, 27.400566101074276], [88.05111694335955, 27.4006156921389], [88.04943084716803, 27.405166625976676], [88.04941558837908, 27.405216217041243], [88.05219268798857, 27.406913757324332], [88.05321502685564, 27.412614822387923], [88.05941772460966, 27.418039321899357], [88.0594635009765, 27.418045043945312], [88.06076049804716, 27.418222427368107], [88.06912994384771, 27.424613952637003], [88.06971740722685, 27.42501449584961], [88.08261871337896, 27.426414489746094], [88.08288574218778, 27.429533004760856], [88.08213043212919, 27.430578231811694], [88.08211517334013, 27.43071556091303], [88.08199310302751, 27.430768966674975], [88.08126831054705, 27.431768417358626], [88.07541656494146, 27.43361473083496], [88.07525634765653, 27.43377876281761], [88.07051849365263, 27.438514709472713], [88.07410430908232, 27.443853378296012], [88.07505798339872, 27.445190429687557], [88.07501983642584, 27.445219039916935], [88.06981658935564, 27.4493160247805], [88.06896972656278, 27.452150344848746], [88.06812286376959, 27.452735900878906], [88.06970977783214, 27.45761871337902], [88.06300354003912, 27.460847854614315], [88.06274414062517, 27.46129226684593], [88.05931854248064, 27.467214584350586], [88.05873107910173, 27.46761512756359], [88.05380249023455, 27.471536636352766], [88.05251312255865, 27.47188949584978], [88.046615600586, 27.47841453552263], [88.0478057861331, 27.481342315673885], [88.04660034179693, 27.484708786010913], [88.04720306396496, 27.492616653442326], [88.04720306396496, 27.49265861511259], [88.04633331298845, 27.49576568603527], [88.04921722412126, 27.501214981079272], [88.05342864990234, 27.504096984863338], [88.05741882324236, 27.504314422607592], [88.0601196289063, 27.509214401245345], [88.06411743164068, 27.511816024780273], [88.06002044677763, 27.516716003418026], [88.064018249512, 27.525115966796932], [88.06983947753912, 27.52609252929699], [88.06781768798857, 27.529315948486328], [88.06613159179716, 27.52990913391136], [88.06241607666021, 27.53121566772461], [88.06205749511724, 27.53271865844721], [88.06166076660162, 27.53463363647478], [88.06163024902344, 27.534791946411133], [88.06348419189453, 27.53972625732439], [88.0635070800783, 27.539754867553768], [88.06771850585955, 27.544515609741268], [88.07120513916021, 27.546100616455078], [88.07182312011747, 27.55554580688505], [88.07862091064459, 27.558387756347827], [88.07864379882818, 27.558416366577376], [88.08361816406256, 27.564615249634016], [88.08201599121111, 27.568098068237475], [88.07781982421892, 27.571815490722884], [88.0871353149414, 27.589000701904467], [88.09541320800787, 27.59731483459484], [88.1082153320313, 27.602315902710018], [88.11631774902344, 27.61034965515148], [88.1168823242187, 27.614038467407283], [88.11791992187506, 27.620815277099894], [88.1221313476563, 27.627029418945256], [88.11991882324247, 27.629514694214038], [88.12329864501959, 27.639173507690714], [88.12329101562506, 27.639213562011832], [88.12262725830095, 27.645267486572436], [88.13381958007841, 27.65511512756342], [88.13981628417986, 27.657215118408487], [88.14026641845709, 27.657711029052734], [88.14725494384783, 27.665403366089095], [88.14822387695312, 27.67155265808111], [88.14941406250006, 27.67881584167509], [88.1503295898438, 27.681222915649528], [88.15135955810575, 27.68379592895525], [88.15744781494152, 27.690382003784407], [88.15742492675787, 27.690420150757063], [88.1509916613399, 27.70168027082741], [88.15094379690373, 27.70166854892466], [88.15091705322271, 27.701654434204045], [88.15091318918559, 27.701661053156897], [88.15071105957037, 27.7020072937014], [88.15197753906244, 27.707904815674055], [88.15811920166033, 27.717214584350756], [88.15733337402361, 27.729116439819393], [88.15733337402361, 27.72915458679205], [88.16104888916021, 27.740617752075366], [88.17231750488287, 27.741338729858626], [88.17235565185575, 27.74134063720703], [88.18121337890642, 27.74681472778343], [88.17931365966797, 27.758115768432845], [88.18341064453153, 27.76147651672369], [88.18344116210932, 27.761503219604663], [88.18601226806646, 27.766027450561467], [88.18603515625006, 27.76606559753418], [88.1852416992188, 27.767219543456974], [88.18421936035156, 27.768815994262866], [88.1842346191408, 27.76921272277832], [88.18441772460955, 27.774515151977482], [88.18789672851562, 27.777000427246264], [88.19072723388689, 27.781208038330192], [88.19075012207048, 27.78123664855957], [88.19794464111322, 27.786329269409407], [88.19992065429693, 27.790529251098746], [88.1964950561524, 27.796003341674805], [88.19252014160162, 27.79791450500494], [88.18951416015653, 27.80121612548828], [88.18789672851562, 27.810306549072493], [88.18152618408232, 27.815536499023438], [88.179985046387, 27.81602859497093], [88.17611694335943, 27.81731605529808], [88.1757202148438, 27.820215225219954], [88.19013214111328, 27.82509613037132], [88.19721984863298, 27.83551597595215], [88.19938659667974, 27.836095809936523], [88.20392608642584, 27.837314605712834], [88.20401000976591, 27.842405319214095], [88.20069122314459, 27.84551048278837], [88.20016479492193, 27.84796905517578], [88.19891357421892, 27.853515625000227], [88.19552612304688, 27.854532241821516], [88.19548034667986, 27.85452270507841], [88.19101715087902, 27.853715896606445], [88.18789672851562, 27.856536865234546], [88.1834259033206, 27.856456756591797], [88.18093872070341, 27.856412887573356], [88.17705535888678, 27.86096954345726], [88.17521667480497, 27.863122940063704], [88.17462158203153, 27.86336708068859], [88.16975402832048, 27.86536026000971], [88.16856384277338, 27.866552352905217], [88.16689300537126, 27.868217468261946], [88.15662384033209, 27.87044715881359], [88.15657806396501, 27.870456695556925], [88.15634918212919, 27.87072181701683], [88.15131378173834, 27.87651443481468], [88.1456146240235, 27.878114700317383], [88.14191436767595, 27.87741470336914], [88.13754272460938, 27.881492614746264], [88.12998199462902, 27.881515502929688], [88.1302032470706, 27.881919860839844], [88.12992858886724, 27.885938644409237], [88.12738037109375, 27.89129066467285], [88.12628173828142, 27.895090103149414], [88.12576293945318, 27.895320892334155], [88.12522888183622, 27.89643859863287], [88.12294769287138, 27.89759063720726], [88.12245941162126, 27.898830413818587], [88.12165069580072, 27.900270462036133], [88.11959075927751, 27.902070999145792], [88.1187973022461, 27.902509689331282], [88.11750793457048, 27.905599594116495], [88.11675262451172, 27.906021118164347], [88.11660003662115, 27.907180786132926], [88.1138916015625, 27.91219139099121], [88.11366271972673, 27.915838241577376], [88.11357879638683, 27.917610168457088], [88.1168060302735, 27.92578125], [88.12586975097673, 27.934429168701172], [88.12886810302763, 27.93829917907715], [88.12895202636736, 27.939849853515796], [88.12880706787115, 27.94552993774414], [88.12370300292997, 27.94798088073742], [88.12365722656256, 27.950241088867415], [88.12390899658232, 27.95092010498064], [88.12998199462902, 27.95594024658226], [88.13308715820307, 27.961610794067667], [88.13474273681646, 27.96298027038597], [88.13906097412126, 27.963479995727823], [88.13981628417986, 27.963260650634766], [88.14000701904314, 27.96318244934082], [88.14676666259777, 27.9605140686038], [88.14720153808588, 27.96034240722679], [88.15368652343744, 27.95778083801281], [88.16722869873041, 27.948272705078125], [88.17362213134771, 27.94470977783226], [88.1756668090822, 27.94427108764677], [88.18276214599615, 27.94356155395502], [88.18865966796875, 27.943679809570312], [88.19293212890653, 27.945451736450195], [88.19476318359375, 27.94621086120611], [88.19554901123053, 27.946918487548885], [88.1957626342774, 27.94711112976097], [88.19713592529325, 27.950500488281534], [88.19922637939482, 27.957969665527514], [88.19970703125017, 27.960479736328125], [88.20028686523455, 27.9614849090579], [88.20259094238287, 27.965480804443473], [88.20349121093767, 27.96615028381376], [88.20347595214838, 27.966619491577205], [88.20980834960955, 27.96778106689476], [88.2113037109375, 27.96715927124052], [88.21411895751982, 27.965990066528434], [88.21527099609403, 27.96557044982916], [88.21584320068388, 27.965360641479663], [88.21663665771479, 27.96496772766136], [88.21801757812517, 27.964460372924805], [88.22157287597685, 27.96401977539074], [88.22233581542997, 27.964260101318587], [88.22312927246094, 27.9644775390625], [88.2261505126956, 27.967220306396655], [88.2296981811524, 27.96792030334467], [88.23018646240234, 27.967773437500057], [88.23046875000006, 27.9676895141601], [88.23097991943376, 27.967220306396655], [88.2327728271485, 27.96587944030773], [88.2329711914063, 27.964921951294116], [88.23517608642595, 27.9541397094726], [88.23747253417986, 27.952590942382926], [88.23771667480474, 27.951469421386662], [88.2377319335938, 27.95055007934576], [88.23825073242188, 27.95034980773937], [88.23825836181646, 27.949890136719034], [88.24388885498075, 27.948539733886776], [88.2479324340822, 27.950101852417163], [88.24817657470709, 27.9501953125], [88.2482452392581, 27.95028305053728], [88.24843597412138, 27.950830459594954], [88.25882720947283, 27.956319808960018], [88.26085662841825, 27.95656967163086], [88.26162719726591, 27.956340789794865], [88.2651977539063, 27.956590652466048], [88.27052307128912, 27.958311080932788], [88.2710266113283, 27.958080291748047], [88.27123260498064, 27.95817184448248], [88.271537780762, 27.958311080932788], [88.27204895019537, 27.958440780639762], [88.27482604980486, 27.960510253906477], [88.27561187744158, 27.96123504638672], [88.27671051025385, 27.964361190796012], [88.2768173217774, 27.965480804443473], [88.27948760986334, 27.967321395874023], [88.28005981445318, 27.967611312866325], [88.28038024902361, 27.96778106689476], [88.28607177734375, 27.96846199035656], [88.29007720947266, 27.96894073486351], [88.29386138916044, 27.968069076538256], [88.30478668212908, 27.969961166381836], [88.30889129638683, 27.97268104553234], [88.31005096435575, 27.973989486694336], [88.31391906738281, 27.978361129760742], [88.31619262695307, 27.979721069336108], [88.3229064941408, 27.981319427490178], [88.32392120361334, 27.98110008239769], [88.32749938964861, 27.981920242309798], [88.32914733886747, 27.982500076294173], [88.33183288574213, 27.984750747680664], [88.3324279785158, 27.985900878906477], [88.33502197265636, 27.987020492553768], [88.33776092529297, 27.987989425659464], [88.34519195556635, 27.989480972289982], [88.35021209716797, 27.9896297454834], [88.35098266601568, 27.989852905273438], [88.35420989990251, 27.989419937134073], [88.36376190185553, 27.988140106201456], [88.37474822998041, 27.983671188354663], [88.38166046142595, 27.979869842529524], [88.38166046142595, 27.979408264160213], [88.38880157470709, 27.97784042358427], [88.38980102539091, 27.978080749511946], [88.39402008056635, 27.979730606079386], [88.39605712890636, 27.98110008239769], [88.40071868896501, 27.983341217041243], [88.40200042724638, 27.983591079711914], [88.40428924560575, 27.98674011230497], [88.40656280517607, 27.98789978027338], [88.4087982177735, 27.99244117736839], [88.40994262695318, 27.99356842041044], [88.41172790527372, 27.99562072753912], [88.41233062744135, 27.996980667114258], [88.42350006103521, 28.005630493164176], [88.42347717285162, 28.006069183349894], [88.42475891113298, 28.006530761718807], [88.42653656005865, 28.008119583130167], [88.42707061767595, 28.008329391479492], [88.43258666992205, 28.01040077209501], [88.45094299316412, 28.01501083374029], [88.45585632324236, 28.01719856262207], [88.46160125732422, 28.019809722900504], [88.46462249755876, 28.0231990814209], [88.46917724609375, 28.032859802246378], [88.4716567993164, 28.036809921264705], [88.47798156738298, 28.042579650878963], [88.48185729980474, 28.045009613037394], [88.48311614990251, 28.04558753967285], [88.48966979980474, 28.04807853698759], [88.50113677978521, 28.04893112182623], [88.5016708374024, 28.048698425293253], [88.50166320800787, 28.048250198364258], [88.50167846679693, 28.047790527343693], [88.50292968749994, 28.04713058471674], [88.50699615478516, 28.04648017883312], [88.51671600341814, 28.044019699096737], [88.52083587646513, 28.041088104248047], [88.52110290527361, 28.040180206299055], [88.52108001709001, 28.03973960876459], [88.52236938476591, 28.03905105590826], [88.52236175537138, 28.038589477539347], [88.52776336669939, 28.036821365356445], [88.53154754638672, 28.036380767822322], [88.53334045410162, 28.036619186401424], [88.53801727294916, 28.03848075866722], [88.53824615478533, 28.038570404052734], [88.53894805908232, 28.03889083862316], [88.5409774780274, 28.040479660034464], [88.54273986816435, 28.044120788574503], [88.54287719726568, 28.049682617187784], [88.54293060302763, 28.05046081542963], [88.54367828369146, 28.05252075195324], [88.54505157470732, 28.05387115478527], [88.55042266845697, 28.061120986938533], [88.55177307128923, 28.063810348510742], [88.55227661132841, 28.06540107727068], [88.55246734619169, 28.07761955261236], [88.5544509887697, 28.08483123779297], [88.55828094482439, 28.087560653686808], [88.56691741943365, 28.088981628418082], [88.56774902343778, 28.088460922241268], [88.5707626342774, 28.086509704589787], [88.57483673095697, 28.085609436035327], [88.57657623291033, 28.08628082275402], [88.5855102539062, 28.090171813964844], [88.58756256103544, 28.09130096435564], [88.58908081054699, 28.09153938293474], [88.59037017822271, 28.091318130493278], [88.59516906738287, 28.095630645751953], [88.59604644775408, 28.096929550171012], [88.60279083251959, 28.09836959838873], [88.60540771484392, 28.099660873413086], [88.61344909667974, 28.10256004333519], [88.6164627075197, 28.10367965698265], [88.61357879638689, 28.108690261840763], [88.61215972900402, 28.109931945800895], [88.611557006836, 28.115779876709098], [88.61083221435575, 28.118740081787166], [88.61046600341825, 28.11963081359886], [88.60688781738281, 28.12281036376953], [88.60672760009783, 28.12618064880371], [88.60746765136736, 28.127550125122355], [88.61181640625028, 28.129610061645792], [88.62123870849626, 28.130968093872184], [88.62523651123064, 28.128261566162337], [88.62687683105497, 28.12714958190918], [88.62687683105497, 28.126689910888672], [88.62689208984403, 28.12626075744629], [88.62895202636747, 28.124689102173136], [88.6296997070313, 28.124469757080305], [88.6297073364259, 28.124019622802734], [88.63049316406278, 28.12379837036127], [88.6317367553711, 28.12109756469738], [88.63226318359392, 28.120861053467024], [88.6327667236331, 28.120630264282283], [88.635063171387, 28.11306190490734], [88.63639068603544, 28.108682632446232], [88.63768768310553, 28.104370117187557], [88.63935852050798, 28.103111267089787], [88.6412429809572, 28.101720809936467], [88.64525604248064, 28.09912109375017]]]}}, {"type": "Feature", "properties": {"ID_0": 105, "ISO": "IND", "NAME_0": "India", "ID_1": 32, "NAME_1": "Tripura", "NL_NAME_1": null, "VARNAME_1": null, "TYPE_1": "State", "ENGTYPE_1": "State"}, "geometry": {"type": "Polygon", "coordinates": [[[92.18519592285168, 24.522872924804688], [92.18895721435553, 24.520191192627067], [92.19126129150396, 24.520980834960938], [92.19272613525408, 24.52146911621105], [92.19426727294939, 24.519729614257926], [92.19705200195341, 24.516582489013786], [92.19986724853521, 24.515260696411133], [92.19983673095709, 24.51119041442871], [92.2072525024414, 24.506631851196403], [92.21160888671892, 24.509332656860295], [92.21247863769543, 24.508981704711914], [92.21714782714861, 24.507200241088867], [92.22030639648466, 24.506267547607536], [92.22113037109375, 24.50295066833496], [92.22148132324247, 24.501510620117188], [92.23087310791033, 24.4996280670166], [92.230941772461, 24.50222969055187], [92.23099517822294, 24.50409126281761], [92.2342681884765, 24.500440597534293], [92.23461914062528, 24.499340057373104], [92.23501586914091, 24.49817085266136], [92.2354125976562, 24.496789932250977], [92.23635101318388, 24.494329452514762], [92.2366027832033, 24.492822647094783], [92.2394180297851, 24.489931106567383], [92.23384094238293, 24.484710693359375], [92.23029327392595, 24.48003959655756], [92.22889709472685, 24.471981048583928], [92.23117065429699, 24.465440750122184], [92.2310867309572, 24.460380554199276], [92.23230743408214, 24.45845031738304], [92.23509979248047, 24.456409454345703], [92.23593902587902, 24.45378112792963], [92.23602294921892, 24.450220108032227], [92.23919677734403, 24.44726753234869], [92.25650024414068, 24.436300277710018], [92.25747680664068, 24.432519912719727], [92.25595855712902, 24.41897964477539], [92.2593383789063, 24.413511276245117], [92.26271057128906, 24.409820556640852], [92.263236999512, 24.408098220825195], [92.26262664794928, 24.404819488525504], [92.26420593261747, 24.397581100463924], [92.2698364257813, 24.394851684570312], [92.27043151855474, 24.390951156616325], [92.27308654785162, 24.38845062255882], [92.272689819336, 24.38619995117199], [92.26988220214855, 24.382198333740234], [92.27249908447271, 24.379350662231673], [92.2722396850586, 24.377569198608512], [92.26825714111345, 24.374809265136662], [92.26757049560553, 24.37325096130371], [92.2681274414063, 24.367279052734602], [92.26407623291033, 24.362159729003963], [92.21285247802746, 24.24930953979515], [92.240531921387, 24.250610351562614], [92.25958251953136, 24.250419616699332], [92.28478240966825, 24.252040863037223], [92.29183197021513, 24.251270294189567], [92.29660797119169, 24.251729965209904], [92.29709625244146, 24.24954032897955], [92.2953033447265, 24.24801063537592], [92.29406738281256, 24.244321823120117], [92.29485321044928, 24.240709304809627], [92.29682159423857, 24.23807907104498], [92.29627990722656, 24.236061096191634], [92.29631042480486, 24.233829498291016], [92.29946899414091, 24.23162078857422], [92.29917144775408, 24.22936820983898], [92.29763031005876, 24.227228164672795], [92.30193328857433, 24.225101470947322], [92.30116271972668, 24.224510192871037], [92.30088043212908, 24.222040176391715], [92.30341339111334, 24.22162055969244], [92.31375122070324, 24.222900390625227], [92.31359863281278, 24.22113037109375], [92.30966949462908, 24.21612167358421], [92.30974578857433, 24.21479988098156], [92.31273651123053, 24.21099090576172], [92.31608581542997, 24.213218688964957], [92.31899261474626, 24.20899963378912], [92.32460784912115, 24.205789566040096], [92.32480621337896, 24.20470809936529], [92.32019805908209, 24.204299926757756], [92.32022094726568, 24.202579498291243], [92.32514953613287, 24.199020385742188], [92.32556915283209, 24.197540283203182], [92.32470703125017, 24.196311950683594], [92.32476043701178, 24.194761276245117], [92.32945251464838, 24.19115066528326], [92.32884216308622, 24.18913078308117], [92.32961273193388, 24.18815040588379], [92.32704162597662, 24.186109542846793], [92.33040618896479, 24.18483161926281], [92.33080291748047, 24.18207168579096], [92.32998657226591, 24.18004989624029], [92.32993316650396, 24.174650192260856], [92.32855987548828, 24.166112899780273], [92.3294677734375, 24.164520263671932], [92.3318481445313, 24.163570404052678], [92.33435058593761, 24.150829315185547], [92.3368377685548, 24.146789550781477], [92.33631134033197, 24.144359588623047], [92.33529663085943, 24.143550872802678], [92.33352661132818, 24.144329071044922], [92.33228302001982, 24.144029617309684], [92.33230590820307, 24.140459060668945], [92.32924652099638, 24.139850616455135], [92.32824707031261, 24.13862037658697], [92.32816314697283, 24.135169982910213], [92.32924652099638, 24.131620407104492], [92.32878112792974, 24.12972068786621], [92.33103942871094, 24.127971649169922], [92.32824707031261, 24.124591827392635], [92.32859039306646, 24.115909576416016], [92.33170318603544, 24.11314010620123], [92.33188629150419, 24.11176109313965], [92.3293228149414, 24.11033821105957], [92.33235931396501, 24.106809616088867], [92.33230590820307, 24.1052703857423], [92.32943725585966, 24.102870941162223], [92.32971191406256, 24.101150512695312], [92.32834625244158, 24.09859848022461], [92.33155059814447, 24.098751068115234], [92.33019256591825, 24.095981597900447], [92.3279190063476, 24.09376907348627], [92.32878112792974, 24.089120864868278], [92.32811737060541, 24.08502006530773], [92.3290786743164, 24.082160949707088], [92.3280792236331, 24.080591201782227], [92.32282257080095, 24.077480316162166], [92.32287597656256, 24.07695960998535], [92.32701873779314, 24.07644271850586], [92.32733154296903, 24.07450294494629], [92.32364654541021, 24.073289871215934], [92.32287597656256, 24.071790695190657], [92.3233184814456, 24.06961059570324], [92.3212966918947, 24.06837081909191], [92.31918334960955, 24.069498062133732], [92.31817626953153, 24.06908035278326], [92.31680297851574, 24.066759109497127], [92.31909179687511, 24.0613307952882], [92.32174682617193, 24.058719635009766], [92.31859588623047, 24.057302474975643], [92.3203201293947, 24.051170349121094], [92.31904602050787, 24.05011940002447], [92.3168258666995, 24.051351547241268], [92.3152694702149, 24.048690795898438], [92.31542205810553, 24.04490089416504], [92.31754302978521, 24.039520263671875], [92.31719970703153, 24.037500381469727], [92.3141326904298, 24.034711837768555], [92.31932067871122, 24.03128051757824], [92.31926727294928, 24.030241012573356], [92.31669616699236, 24.027971267700195], [92.31909942626964, 24.02547073364252], [92.31833648681652, 24.02259063720703], [92.3217163085938, 24.018779754638786], [92.32087707519531, 24.017908096313704], [92.31886291503912, 24.019201278686637], [92.31748199462908, 24.018899917602653], [92.31716156005865, 24.017629623413143], [92.32464599609403, 24.00653076171875], [92.32746124267584, 24.004209518432617], [92.32723999023443, 24.001920700073242], [92.3290557861331, 23.98965072631836], [92.32579803466825, 23.98747062683111], [92.32772064209013, 23.98573112487793], [92.3277893066408, 23.984701156616154], [92.3255233764649, 23.983261108398438], [92.3241195678711, 23.9794597625733], [92.32274627685575, 23.97981071472168], [92.32206726074236, 23.975250244140625], [92.3196411132813, 23.97532081604004], [92.31768035888689, 23.97210121154791], [92.31498718261736, 23.972169876098746], [92.31521606445318, 23.970951080322266], [92.31262969970732, 23.970211029052734], [92.3133392333985, 23.9609699249267], [92.31144714355474, 23.96058273315441], [92.31262207031278, 23.957450866699332], [92.31122589111334, 23.94561958313011], [92.3134078979495, 23.943290710449276], [92.31270599365251, 23.941230773925895], [92.31340026855497, 23.934530258178825], [92.3180770874024, 23.930351257324332], [92.32116699218756, 23.926111221313477], [92.3279190063476, 23.923999786376896], [92.32968139648455, 23.923120498657283], [92.33065795898438, 23.921449661254996], [92.3293914794923, 23.918859481811637], [92.33114624023466, 23.91180229187023], [92.33049011230474, 23.907592773437557], [92.32985687255876, 23.905519485473633], [92.32773590087885, 23.90626907348627], [92.32578277587919, 23.904430389404297], [92.32360076904297, 23.904678344726562], [92.32302856445312, 23.904159545898494], [92.32157135009777, 23.891399383544865], [92.32068634033203, 23.89124107360834], [92.31990814208979, 23.889869689941634], [92.31918334960955, 23.89073181152338], [92.31849670410162, 23.890489578247298], [92.31899261474626, 23.88916969299322], [92.31828308105474, 23.88795852661127], [92.31952667236322, 23.886100769043082], [92.31932830810575, 23.883678436279524], [92.31713104248053, 23.884088516235295], [92.31626129150419, 23.883291244506836], [92.31655883789068, 23.88166809082054], [92.31749725341797, 23.88138008117687], [92.31710815429705, 23.879180908203182], [92.3190307617188, 23.877681732177734], [92.32041168212896, 23.878009796142692], [92.32213592529303, 23.87379074096691], [92.32198333740263, 23.869810104370174], [92.3185272216798, 23.867980957031364], [92.31822204589861, 23.86705017089855], [92.32019805908209, 23.865829467773494], [92.31957244873064, 23.865200042724666], [92.31553649902344, 23.863491058349723], [92.30986022949236, 23.86264038085949], [92.30729675292997, 23.863870620727482], [92.30422973632841, 23.863821029663086], [92.30063629150419, 23.866439819335994], [92.29505157470709, 23.86548042297369], [92.29514312744158, 23.870109558105582], [92.2939071655274, 23.871322631835938], [92.29196929931646, 23.87144851684576], [92.28779602050787, 23.866960525512695], [92.2877807617188, 23.863029479980582], [92.28524017334001, 23.85733032226574], [92.27657318115263, 23.852920532226676], [92.27474975585955, 23.84905815124523], [92.27413940429682, 23.843610763549805], [92.27392578125028, 23.84165954589855], [92.2758865356447, 23.839929580688533], [92.27709197998053, 23.83658027648937], [92.2820663452149, 23.8309001922608], [92.2815933227539, 23.826160430908146], [92.28359985351568, 23.82420158386236], [92.28344726562528, 23.823438644409237], [92.2857131958009, 23.82262039184576], [92.28678894042969, 23.81678009033203], [92.28584289550787, 23.81568908691412], [92.28372955322283, 23.816272735595703], [92.28076934814482, 23.815130233764762], [92.27910614013672, 23.81669998168951], [92.27665710449236, 23.815208435058594], [92.26947784423834, 23.817779541015852], [92.25939941406261, 23.81499099731451], [92.2606506347658, 23.807081222534293], [92.2623367309572, 23.80488014221197], [92.26354980468756, 23.799741744995117], [92.26374053955084, 23.791650772094727], [92.26779937744169, 23.76997184753418], [92.26802825927729, 23.766508102416935], [92.26711273193376, 23.76189994812023], [92.26827239990251, 23.756401062011832], [92.26634979248064, 23.738727569580135], [92.26850128173834, 23.728610992431868], [92.2674789428711, 23.728559494018498], [92.26515960693388, 23.728200912475586], [92.26200103759771, 23.72710037231451], [92.25918579101568, 23.726961135864258], [92.25659942626953, 23.727260589599666], [92.25579833984403, 23.727268218994368], [92.25180816650419, 23.726520538330135], [92.24919891357439, 23.725130081176985], [92.24745178222656, 23.72410011291504], [92.24565124511724, 23.72014808654791], [92.24315643310553, 23.716571807861385], [92.24147033691418, 23.71363067626976], [92.24114990234375, 23.710599899292106], [92.24051666259777, 23.708421707153263], [92.24079132080095, 23.70614051818842], [92.24252319335955, 23.70429992675787], [92.2427368164063, 23.703779220581055], [92.24446105957037, 23.699922561645565], [92.24489593505871, 23.698520660400504], [92.24613952636736, 23.695922851562557], [92.24622344970709, 23.6958065032959], [92.24703216552763, 23.694690704345817], [92.24691009521501, 23.691759109497127], [92.24418640136713, 23.689990997314453], [92.24236297607428, 23.68890953063965], [92.24217987060553, 23.686500549316406], [92.24194335937517, 23.685380935668945], [92.24173736572283, 23.684568405151424], [92.24021911621111, 23.683010101318416], [92.23960113525419, 23.682479858398438], [92.23950195312506, 23.68092155456543], [92.23954772949224, 23.68028068542492], [92.23903656005854, 23.67937088012701], [92.23894500732428, 23.67921257019043], [92.23863983154325, 23.678659439087028], [92.23751831054682, 23.676782608032227], [92.23747253417997, 23.675519943237248], [92.23805999755888, 23.67235946655279], [92.23813629150408, 23.67027091979986], [92.23496246337896, 23.667499542236328], [92.2325592041015, 23.66361045837425], [92.22953033447283, 23.660440444946346], [92.22843933105474, 23.659191131591854], [92.22405242919928, 23.65732002258295], [92.22025299072271, 23.65855979919428], [92.21649169921903, 23.66100120544445], [92.21293640136736, 23.664201736450195], [92.21298980712896, 23.664970397949276], [92.21340942382818, 23.670831680297965], [92.21528625488287, 23.675321578979606], [92.21578216552734, 23.678369522094783], [92.21572113037121, 23.679389953613224], [92.21607208251959, 23.680652618408203], [92.21608734130865, 23.683471679687557], [92.21627807617193, 23.68670082092285], [92.21678924560547, 23.690839767456055], [92.21754455566423, 23.69144248962408], [92.21819305419933, 23.691970825195256], [92.21772766113298, 23.695190429687614], [92.2147674560548, 23.698070526123104], [92.212631225586, 23.700445175170955], [92.21157836914057, 23.701620101928825], [92.20796203613281, 23.70417976379406], [92.20403289794928, 23.706556320190487], [92.20334625244169, 23.706970214843807], [92.20092010498064, 23.707021713256836], [92.19918060302729, 23.707059860229492], [92.19706726074247, 23.709461212158203], [92.19680023193365, 23.70964241027832], [92.19390106201172, 23.71161079406744], [92.19255828857439, 23.711500167846737], [92.19101715087908, 23.710258483886832], [92.1908264160158, 23.71010017395031], [92.19004821777361, 23.710029602050838], [92.18843841552746, 23.709880828857422], [92.18801879882818, 23.710023880004883], [92.18654632568388, 23.710519790649357], [92.18443298339855, 23.714292526245117], [92.18337249755876, 23.718162536621094], [92.18006896972685, 23.721420288085938], [92.17938995361345, 23.72614097595215], [92.17887115478521, 23.73240280151373], [92.17955780029314, 23.734340667724666], [92.1799392700197, 23.738727569580135], [92.18099975585949, 23.741550445556697], [92.1803283691408, 23.742500305175895], [92.17945098876959, 23.743181228637695], [92.1779174804688, 23.743459701538086], [92.17636108398443, 23.743129730224666], [92.17391967773443, 23.742771148681754], [92.17179870605474, 23.74245834350586], [92.1675872802735, 23.74144172668457], [92.16307830810558, 23.739652633666992], [92.15869903564482, 23.737571716308537], [92.15518951416021, 23.73574066162115], [92.15045928955084, 23.732490539550838], [92.15001678466814, 23.731767654418945], [92.14987945556646, 23.731540679931754], [92.14875793457037, 23.728130340576115], [92.14611053466825, 23.721530914306697], [92.1421508789062, 23.715209960937614], [92.1401824951173, 23.713642120361328], [92.13733673095732, 23.711378097534123], [92.13514709472673, 23.70977020263672], [92.13259887695341, 23.706840515136832], [92.13051605224604, 23.704799652099723], [92.12985229492193, 23.703939437866154], [92.1254501342774, 23.698150634765625], [92.121353149414, 23.693500518798885], [92.12110137939459, 23.69322013854992], [92.11708068847662, 23.689691543579215], [92.1145324707033, 23.687059402465763], [92.11273956298857, 23.684810638427848], [92.11017608642584, 23.681600570678825], [92.10935974121094, 23.680149078369197], [92.10852813720714, 23.678670883178768], [92.1058883666995, 23.676469802856502], [92.10466003417974, 23.6760196685791], [92.10391235351568, 23.676090240478516], [92.10305786132812, 23.675920486450423], [92.1009826660158, 23.676561355590934], [92.10009002685553, 23.677078247070426], [92.09902191162138, 23.677700042724666], [92.09623718261736, 23.679479598999137], [92.09464263916044, 23.67922019958496], [92.09194183349638, 23.67779731750494], [92.09065246582026, 23.67712020874029], [92.0880966186524, 23.672840118408203], [92.08638000488287, 23.66815948486328], [92.08624267578153, 23.667011260986385], [92.08544158935558, 23.664369583129826], [92.08531951904297, 23.66341972351097], [92.08535003662126, 23.66053962707531], [92.08701324462919, 23.657480239868278], [92.08702850341791, 23.65386962890625], [92.08480072021484, 23.650819778442326], [92.083549499512, 23.649759292602596], [92.08257293701178, 23.648950576782227], [92.08135986328142, 23.64808082580572], [92.07717895507818, 23.645759582519588], [92.07598876953142, 23.645111083984375], [92.073226928711, 23.64486122131359], [92.07257080078142, 23.644720077514705], [92.07067108154314, 23.644649505615234], [92.06694793701183, 23.64583015441906], [92.06156921386724, 23.647430419921932], [92.0606307983399, 23.647798538208008], [92.05976104736328, 23.64813995361328], [92.05413055419928, 23.65006065368658], [92.048812866211, 23.65261077880865], [92.04593658447271, 23.65430831909174], [92.04315948486322, 23.655958175659237], [92.03862762451189, 23.66028022766136], [92.03553009033197, 23.661661148071403], [92.03144836425787, 23.66078948974615], [92.0282516479495, 23.658550262451172], [92.02677917480486, 23.65740013122553], [92.0236206054688, 23.657640457153434], [92.02312469482416, 23.657964706421012], [92.02201080322283, 23.65937995910656], [92.02223205566423, 23.66314125061058], [92.01859283447283, 23.664911270141715], [92.01632690429688, 23.667182922363224], [92.0144119262697, 23.669111251831055], [92.00952148437506, 23.6760196685791], [92.006889343262, 23.68159103393549], [92.0019760131836, 23.68861007690441], [92.00057220458996, 23.694620132446346], [91.99771118164074, 23.70104026794445], [91.99658966064482, 23.704759597778434], [91.99227905273455, 23.713230133056754], [91.9894104003908, 23.71968269348139], [91.98480224609375, 23.72643089294445], [91.98361968994169, 23.729740142822322], [91.98049163818365, 23.731300354003906], [91.97721099853533, 23.73148727416998], [91.97094726562506, 23.730182647705192], [91.96617889404303, 23.72974967956543], [91.96427154541021, 23.72913932800293], [91.96211242675781, 23.727701187133732], [91.95932006835943, 23.723409652709904], [91.95661163330095, 23.719009399414176], [91.95668029785162, 23.71786117553711], [91.95722961425787, 23.715879440307845], [91.95826721191435, 23.71311187744152], [91.95835113525396, 23.710071563720703], [91.95665740966803, 23.707950592041016], [91.95657348632812, 23.707149505615178], [91.95652770996122, 23.706760406494084], [91.95743560791021, 23.70386123657238], [91.9575500488283, 23.703416824340934], [91.95756530761736, 23.703287124633732], [91.95774078369158, 23.701601028442383], [91.95752716064453, 23.700361251831055], [91.95732879638666, 23.69911956787115], [91.95581817626953, 23.697059631347713], [91.95433807373047, 23.694000244140682], [91.9520874023438, 23.691320419311637], [91.95160675048822, 23.690919876098633], [91.94953918457048, 23.689250946044922], [91.94885253906256, 23.68877029418951], [91.94837188720703, 23.688421249389705], [91.94519805908209, 23.68614006042486], [91.94412231445341, 23.68525123596197], [91.9425659179688, 23.683290481567383], [91.94230651855486, 23.681808471679744], [91.94242095947294, 23.68140029907221], [91.94373321533214, 23.676599502563477], [91.94687652587908, 23.668170928955135], [91.949951171875, 23.65810966491705], [91.95185089111345, 23.646940231323242], [91.95156097412138, 23.639249801635856], [91.95095825195318, 23.63286972045904], [91.95213317871122, 23.628660202026367], [91.95491027832031, 23.623680114746207], [91.95667266845709, 23.61792182922369], [91.95658111572266, 23.614290237426815], [91.95642089843767, 23.608028411865234], [91.95468139648455, 23.5959415435791], [91.95311737060575, 23.591438293457145], [91.95099639892607, 23.58846092224144], [91.95098876953153, 23.586360931396598], [91.95213317871122, 23.58600997924816], [91.9535064697265, 23.586458206176985], [91.9541320800783, 23.586469650268555], [91.95567321777344, 23.587171554565543], [91.95681762695312, 23.58734512329113], [91.95900726318388, 23.586330413818416], [91.96235656738287, 23.581310272216797], [91.96386718750017, 23.57883071899414], [91.9635772705081, 23.57501029968256], [91.96215057373064, 23.571590423583984], [91.96141815185553, 23.570430755615234], [91.96112823486357, 23.56944084167492], [91.96047973632818, 23.56702995300293], [91.96054077148466, 23.56655120849615], [91.96080017089861, 23.565910339355412], [91.96132659912104, 23.565000534057845], [91.96215057373064, 23.564010620117188], [91.96254730224615, 23.563720703125227], [91.96253967285156, 23.562639236450252], [91.9625320434572, 23.56228065490734], [91.96279907226574, 23.560092926025334], [91.96288299560564, 23.55899047851574], [91.96353912353521, 23.556650161743164], [91.96395111083996, 23.555959701538086], [91.9642105102539, 23.555650711059513], [91.96559906005865, 23.55401039123541], [91.9649658203125, 23.551189422607422], [91.96479797363298, 23.550422668457145], [91.9644622802735, 23.547590255737305], [91.96335601806646, 23.54554939270014], [91.96273040771484, 23.543550491333235], [91.962387084961, 23.54193115234375], [91.96131134033232, 23.540081024169922], [91.96093750000028, 23.53762817382824], [91.96299743652355, 23.536119461059627], [91.9652099609375, 23.534509658813477], [91.96605682373075, 23.532890319824332], [91.96649169921875, 23.530960083007926], [91.96788787841803, 23.528940200805607], [91.96540069580078, 23.52807044982916], [91.96494293212919, 23.527610778808594], [91.96411132812506, 23.5277996063233], [91.96318817138683, 23.5276203155517], [91.96131896972685, 23.52729034423851], [91.96115112304688, 23.527259826660213], [91.95986175537126, 23.52561187744152], [91.95983886718767, 23.525390625000057], [91.95980834960932, 23.525039672851676], [91.95955657958996, 23.522319793701115], [91.95964813232439, 23.520210266113338], [91.96054840087919, 23.518081665039062], [91.96132659912104, 23.516201019287223], [91.9646606445313, 23.5158309936524], [91.96578979492193, 23.515220642089844], [91.96810913085943, 23.51378822326683], [91.96865081787115, 23.51240921020502], [91.96871948242199, 23.510772705078068], [91.96858978271484, 23.509700775146598], [91.96898651123064, 23.508960723876896], [91.97032165527361, 23.508268356323242], [91.97187805175798, 23.50699043273937], [91.97306823730474, 23.5059108734132], [91.9742279052735, 23.504360198974723], [91.97393035888672, 23.503040313720817], [91.97245025634783, 23.501792907714957], [91.97204589843767, 23.500669479370117], [91.97175598144537, 23.49934959411621], [91.97223663330095, 23.497890472412223], [91.97270202636724, 23.496860504150618], [91.9751586914063, 23.496168136596737], [91.97605895996111, 23.495960235595817], [91.97602844238281, 23.494979858398438], [91.97550964355469, 23.494060516357536], [91.97363281250006, 23.492750167846793], [91.97305297851568, 23.49244117736822], [91.97274780273466, 23.490610122680607], [91.97386932373058, 23.488359451293945], [91.9745712280274, 23.48656082153343], [91.97458648681646, 23.485570907592773], [91.97516632080084, 23.482442855835018], [91.97331237792997, 23.48076820373541], [91.97191619873053, 23.481048583984375], [91.97039031982428, 23.481491088867244], [91.9696807861331, 23.481571197509766], [91.96694946289068, 23.481929779052734], [91.96375274658214, 23.482080459594727], [91.96234130859392, 23.478260040283146], [91.95738220214861, 23.477430343627987], [91.95659637451189, 23.47673988342285], [91.95533752441412, 23.475759506225643], [91.95424652099638, 23.47466850280773], [91.95291137695341, 23.47332954406744], [91.95223236084001, 23.47248077392578], [91.95182800292986, 23.470371246337947], [91.94850158691418, 23.470340728759822], [91.94384002685564, 23.47009086608898], [91.94181060791021, 23.4691104888916], [91.94248962402361, 23.46638107299816], [91.94203948974638, 23.464010238647404], [91.94151306152344, 23.461460113525504], [91.941390991211, 23.460830688476562], [91.94288635253923, 23.457639694213924], [91.94387054443365, 23.455898284912223], [91.94436645507812, 23.45456123352045], [91.94467926025402, 23.453899383544922], [91.94587707519526, 23.450452804565373], [91.94627380371094, 23.449432373046875], [91.94695281982428, 23.44768142700201], [91.94711303710943, 23.446269989013672], [91.94718933105497, 23.444049835205135], [91.94680023193388, 23.443399429321346], [91.94651794433594, 23.442930221557845], [91.9463195800783, 23.441730499267635], [91.94491577148466, 23.439769744873047], [91.94287109375017, 23.438350677490348], [91.94178009033209, 23.43758964538597], [91.93862152099638, 23.439821243286246], [91.936538696289, 23.44090843200695], [91.93382263183622, 23.439960479736328], [91.93054199218756, 23.439630508422965], [91.92900848388678, 23.440349578857422], [91.92614746093756, 23.441610336303768], [91.92507934570341, 23.442319869995117], [91.92241668701166, 23.4429607391358], [91.9203872680664, 23.442359924316406], [91.91892242431646, 23.441699981689453], [91.9157028198245, 23.44123077392578], [91.91230010986357, 23.440830230713004], [91.9106521606447, 23.440599441528434], [91.90744781494146, 23.44211006164562], [91.90351104736357, 23.441448211669865], [91.90242767334001, 23.43964958190918], [91.90216064453153, 23.438989639282227], [91.90161132812528, 23.438161849975813], [91.9010620117187, 23.437112808227766], [91.90042877197277, 23.43591117858898], [91.89778900146513, 23.434898376464844], [91.89663696289091, 23.435634613037337], [91.89498138427751, 23.435850143432674], [91.8940200805664, 23.435760498046932], [91.8927078247072, 23.435289382934513], [91.89179992675787, 23.433322906494197], [91.89163208007818, 23.432950973510742], [91.89057159423822, 23.43070030212408], [91.88997650146513, 23.429931640625], [91.8870468139649, 23.42682075500511], [91.8822631835938, 23.423301696777344], [91.88210296630865, 23.423284530639876], [91.88027191162104, 23.42309951782238], [91.87892913818354, 23.42130279541027], [91.87729644775396, 23.419170379638672], [91.87557983398443, 23.417898178100586], [91.87239074707043, 23.414751052856445], [91.86682128906256, 23.411760330200252], [91.86527252197271, 23.410070419311523], [91.86316680908203, 23.408571243286246], [91.86028289794939, 23.407081604003906], [91.85614776611334, 23.40525054931652], [91.85501861572271, 23.404769897460938], [91.85045623779308, 23.40276908874506], [91.84735870361334, 23.4002304077149], [91.8439331054688, 23.396520614624023], [91.84210205078153, 23.393850326538086], [91.8432083129884, 23.39233016967779], [91.84416961669933, 23.390871047973633], [91.84275054931658, 23.388889312744197], [91.8402404785158, 23.386501312255973], [91.83812713623047, 23.384492874145565], [91.83821105957037, 23.382699966430664], [91.83954620361334, 23.381959915161133], [91.84126281738287, 23.380790710449276], [91.84397125244152, 23.38037109375], [91.84190368652372, 23.377826690673885], [91.84053802490246, 23.376150131225643], [91.83740234375017, 23.372261047363395], [91.8343582153322, 23.368869781494197], [91.83193969726568, 23.366172790527457], [91.83065032959013, 23.365169525146484], [91.82697296142584, 23.362211227416992], [91.82373046875006, 23.35721969604498], [91.82144927978521, 23.351089477539176], [91.8184814453125, 23.348030090332145], [91.81835174560553, 23.347890853881836], [91.81668853759771, 23.345951080322266], [91.81449127197283, 23.34441947937006], [91.81343078613287, 23.34361076354992], [91.81053924560553, 23.34155082702631], [91.80821990966814, 23.338659286499137], [91.80516052246111, 23.332639694213867], [91.80252075195318, 23.328779220580998], [91.79873657226568, 23.322349548339844], [91.79596710205072, 23.317470550537053], [91.79531097412115, 23.316370010376033], [91.79161834716814, 23.31053924560547], [91.79203033447271, 23.312370300293082], [91.7902603149414, 23.309099197387695], [91.78987884521484, 23.308019638061523], [91.78932952880876, 23.306369781494254], [91.78839111328142, 23.304191589355582], [91.78810119628935, 23.303512573242188], [91.78676605224638, 23.30063056945795], [91.78630065917969, 23.299619674682617], [91.78533935546892, 23.2986297607423], [91.78524780273466, 23.29854011535639], [91.78305053710955, 23.294019699096793], [91.78231811523443, 23.29191017150879], [91.78176879882818, 23.29075050354004], [91.781059265137, 23.288490295410384], [91.7802124023438, 23.28779029846197], [91.77980041503923, 23.28708076477062], [91.77941131591814, 23.286769866943303], [91.77818298339872, 23.285129547119197], [91.77687072753935, 23.282470703124943], [91.7761459350586, 23.280071258545036], [91.7757568359375, 23.27947998046875], [91.77484893798845, 23.27806091308605], [91.77481079101562, 23.27602958679205], [91.77481842041033, 23.272888183593864], [91.77278137207037, 23.270090103149528], [91.77348327636736, 23.26815986633312], [91.77246856689482, 23.26573944091797], [91.77091217041021, 23.263759613037166], [91.77165222167974, 23.26122093200695], [91.77294158935564, 23.256349563598746], [91.773246765137, 23.25388908386236], [91.7727661132813, 23.251359939575252], [91.77320861816418, 23.24932098388672], [91.77507781982428, 23.24587059020996], [91.77732086181658, 23.242908477783203], [91.77851867675787, 23.240840911865234], [91.78301239013672, 23.237649917602653], [91.78724670410173, 23.233451843261662], [91.79200744628923, 23.229450225830305], [91.79216766357422, 23.22931289672863], [91.79202270507812, 23.229099273681697], [91.79187011718756, 23.22887039184576], [91.79158782958984, 23.228710174560604], [91.79093933105474, 23.22667121887207], [91.79058837890653, 23.2245712280274], [91.78988647460955, 23.222970962524528], [91.78954315185547, 23.22166061401373], [91.78753662109403, 23.220359802246094], [91.78868103027372, 23.218820571899357], [91.78797912597673, 23.218549728393555], [91.78740692138689, 23.217649459838924], [91.78739166259766, 23.217279434204045], [91.78781127929705, 23.21585083007824], [91.78842926025396, 23.214479446411133], [91.78691864013678, 23.211219787597713], [91.78556060791021, 23.207839965820426], [91.78643798828125, 23.207681655883846], [91.78781890869158, 23.20807075500494], [91.78942871093761, 23.208988189697266], [91.79136657714872, 23.21044158935547], [91.79210662841825, 23.209680557250977], [91.79273986816406, 23.209039688110465], [91.79284667968756, 23.208480834960938], [91.79299163818365, 23.207799911499137], [91.79347229003935, 23.205640792846737], [91.79389953613298, 23.201370239257926], [91.79496765136747, 23.20013809204113], [91.79615020751947, 23.199459075927734], [91.79686737060558, 23.19856071472168], [91.7971496582033, 23.19791030883789], [91.79940795898438, 23.196678161621094], [91.80011749267607, 23.19256019592285], [91.79994201660185, 23.192050933837947], [91.799301147461, 23.190219879150504], [91.79897308349638, 23.189220428466854], [91.79872131347662, 23.186969757080192], [91.80018615722673, 23.185400009155273], [91.80062866210943, 23.18344116210949], [91.80155944824219, 23.181789398193416], [91.80036926269531, 23.18038940429699], [91.79969024658209, 23.179571151733512], [91.7997589111331, 23.178531646728743], [91.80105590820324, 23.17648124694847], [91.8024673461914, 23.17370033264166], [91.80406951904303, 23.17177963256836], [91.80581665039068, 23.170288085937614], [91.80703735351562, 23.168989181518555], [91.80735015869152, 23.166669845581055], [91.80735015869152, 23.16456031799339], [91.80684661865234, 23.163490295410156], [91.80668640136736, 23.162418365478516], [91.80576324462896, 23.1600399017334], [91.80570983886719, 23.15860939025879], [91.8065795898438, 23.157869338989315], [91.80712127685553, 23.157569885253906], [91.80790710449224, 23.156860351562557], [91.80912780761713, 23.156841278076286], [91.81140136718778, 23.15481948852539], [91.81173706054699, 23.154510498046875], [91.81340789794928, 23.150888442993278], [91.81337738037126, 23.149980545043945], [91.81408691406244, 23.147319793701286], [91.81434631347662, 23.141929626464844], [91.81452178955095, 23.13871955871582], [91.81270599365263, 23.132770538330135], [91.81208038330084, 23.130689620971737], [91.81366729736357, 23.129699707031193], [91.81379699707037, 23.129608154297102], [91.81501007080107, 23.12938117980957], [91.81555938720714, 23.12938117980957], [91.81674957275385, 23.12897109985363], [91.81668853759771, 23.128288269043026], [91.81781768798834, 23.127681732177678], [91.8173217773437, 23.12611007690441], [91.81632232666027, 23.12481117248535], [91.81616210937528, 23.123630523681754], [91.81504821777344, 23.122730255126896], [91.81353759765642, 23.121482849121037], [91.81385803222685, 23.118579864501953], [91.81571960449224, 23.11882019042963], [91.81600952148438, 23.11911964416504], [91.81742858886724, 23.1205997467041], [91.8181762695313, 23.12170028686529], [91.81874847412115, 23.12221908569336], [91.81994628906261, 23.123031616210938], [91.8208618164063, 23.122659683227653], [91.8208618164063, 23.122400283813704], [91.8208618164063, 23.12221908569336], [91.82089233398449, 23.120889663696346], [91.82068634033209, 23.11833000183111], [91.81948089599626, 23.115930557251033], [91.8188705444336, 23.114681243896598], [91.81842803955107, 23.11375999450695], [91.81797027587896, 23.112260818481445], [91.81851959228533, 23.111841201782227], [91.81986236572283, 23.11179161071783], [91.82116699218767, 23.1117401123048], [91.82263183593778, 23.11164855957037], [91.82292938232428, 23.11066818237316], [91.82312774658209, 23.110149383544865], [91.8231964111331, 23.10890007019043], [91.82454681396513, 23.10733032226574], [91.82504272460943, 23.10672950744629], [91.82454681396513, 23.105638504028377], [91.82398986816435, 23.104459762573185], [91.82308197021501, 23.103790283203125], [91.82266235351557, 23.103490829467887], [91.82229614257812, 23.10276031494152], [91.82289886474626, 23.102060317993278], [91.82308197021501, 23.101499557495174], [91.82331085205084, 23.10082054138195], [91.82425689697266, 23.100339889526367], [91.82515716552734, 23.099889755248967], [91.8269271850586, 23.10015106201172], [91.82949829101591, 23.100679397583065], [91.83165740966814, 23.1000595092774], [91.83264160156267, 23.098751068115234], [91.834487915039, 23.09658050537115], [91.83542633056669, 23.095430374145508], [91.83550262451189, 23.093910217285213], [91.83451843261736, 23.091880798339957], [91.83381652832037, 23.09132957458496], [91.83220672607416, 23.089559555053825], [91.83061981201183, 23.08933067321783], [91.82990264892607, 23.089220046997298], [91.82823181152361, 23.085411071777457], [91.82758331298857, 23.084930419921875], [91.82572937011719, 23.083909988403434], [91.82480621337908, 23.084619522094783], [91.8240814208985, 23.0860595703125], [91.82289123535173, 23.086288452148494], [91.82212829589861, 23.085340499878043], [91.82134246826172, 23.0828800201416], [91.822982788086, 23.081420898437614], [91.8246688842774, 23.080320358276424], [91.82473754882841, 23.078348159790266], [91.82337951660168, 23.075662612915096], [91.8197784423831, 23.0745906829834], [91.81653594970732, 23.073770523071516], [91.816177368164, 23.07060050964361], [91.81532287597662, 23.070779800415153], [91.81513214111334, 23.069850921630973], [91.81289672851591, 23.0710906982423], [91.8125610351562, 23.071289062500114], [91.8095703125, 23.069549560546932], [91.80890655517607, 23.069040298462028], [91.8069458007813, 23.067550659179688], [91.80589294433594, 23.067449569702262], [91.8051071166995, 23.0670108795166], [91.79978942871094, 23.065679550170955], [91.79621887207031, 23.065704345703352], [91.79537200927763, 23.065710067749137], [91.79528045654303, 23.065818786621094], [91.79457092285168, 23.066642761230526], [91.79367828369135, 23.067680358886832], [91.79405212402338, 23.069301605224723], [91.79421997070341, 23.070030212402344], [91.79389953613298, 23.07048988342285], [91.79370117187517, 23.070791244506893], [91.79303741455084, 23.07100105285639], [91.78778839111345, 23.072660446166992], [91.78761291503923, 23.072492599487305], [91.78665924072283, 23.071018218994254], [91.78595733642584, 23.06958961486822], [91.78588104248064, 23.070070266723633], [91.7852172851563, 23.070690155029297], [91.78443908691412, 23.07007980346674], [91.78276062011747, 23.069271087646598], [91.78251647949224, 23.06919097900402], [91.78134155273438, 23.068807601928654], [91.78035736084001, 23.06852912902832], [91.77845764160173, 23.066659927368164], [91.77796936035162, 23.06492805480957], [91.7788696289063, 23.062770843505916], [91.78022766113287, 23.061258316039982], [91.78029632568388, 23.05968093872076], [91.77997589111345, 23.05891990661621], [91.77980804443376, 23.058490753173828], [91.78042602539068, 23.05636978149414], [91.78246307373064, 23.053268432617188], [91.78295898437528, 23.052829742431868], [91.78475189209001, 23.051210403442383], [91.78675079345714, 23.04894065856945], [91.78732299804699, 23.04576110839838], [91.78740692138689, 23.042089462280217], [91.78697967529325, 23.040277481079045], [91.78703308105486, 23.03664970397955], [91.7857513427735, 23.03347015380882], [91.78504180908214, 23.03170967102045], [91.78378295898455, 23.03154945373535], [91.78325653076178, 23.031480789184684], [91.78047943115263, 23.03112030029297], [91.77755737304693, 23.03635978698742], [91.77746582031244, 23.037918090820426], [91.77729034423828, 23.041130065918026], [91.77648162841825, 23.04417991638195], [91.7760009765625, 23.04482078552246], [91.7754211425783, 23.04549026489252], [91.7733764648438, 23.044059753417912], [91.77278137207037, 23.04296112060547], [91.77388000488298, 23.04084968566889], [91.77435302734386, 23.03996086120617], [91.77435302734386, 23.039762496948356], [91.77433776855474, 23.037210464477653], [91.77124023437506, 23.036779403686523], [91.76631164550787, 23.029270172119084], [91.76071166992205, 23.025249481201286], [91.75843811035173, 23.020719528198356], [91.7560501098634, 23.01561927795416], [91.75112152099638, 23.010040283203182], [91.74632263183605, 23.006620407104435], [91.7457122802735, 23.006191253662053], [91.74156951904325, 23.005109786987305], [91.739242553711, 23.004629135132063], [91.73368072509771, 23.0013427734375], [91.7289428710938, 22.99755096435547], [91.72811126709001, 22.99688911437994], [91.7274017333985, 22.994888305664062], [91.72731018066406, 22.994560241699446], [91.72706604003935, 22.99373054504406], [91.72690582275419, 22.992631912231445], [91.72614288330107, 22.989830017089957], [91.72557830810541, 22.989320755004996], [91.72403717041044, 22.98871040344244], [91.72338104248053, 22.989732742309513], [91.72128295898443, 22.98876953125], [91.72048187255876, 22.988216400146598], [91.71952056884783, 22.989791870117415], [91.71878051757812, 22.991500854492244], [91.71721649169939, 22.994632720947322], [91.71507263183622, 22.996910095214957], [91.7108688354495, 22.997787475585994], [91.71000671386719, 22.998199462890682], [91.7052307128908, 23.000480651855696], [91.7007293701173, 23.000850677490178], [91.69834136962908, 23.002641677856502], [91.69589996337896, 23.000768661499023], [91.69370269775419, 22.998430252075423], [91.69203186035156, 22.996931076049805], [91.69149017334001, 22.99580955505371], [91.69100189208996, 22.994361877441463], [91.69055938720709, 22.993297576904354], [91.69152069091803, 22.992002487182617], [91.68849945068365, 22.987939834594954], [91.68562316894537, 22.987859725952205], [91.68170928955072, 22.99002075195324], [91.68283081054716, 22.994541168213004], [91.68266296386713, 22.99572944641119], [91.68199920654303, 22.99616050720215], [91.6803970336914, 22.9959011077882], [91.67965698242205, 22.994691848754826], [91.68029022216803, 22.9935302734375], [91.6802825927735, 22.992321014404297], [91.67899322509777, 22.991291046142692], [91.67798614501959, 22.991210937499943], [91.6754379272461, 22.987890243530387], [91.67102813720697, 22.987680435180664], [91.66676330566412, 22.98781013488781], [91.66584014892607, 22.990570068359432], [91.66324615478533, 22.990560531616325], [91.66223907470732, 22.99002075195324], [91.66294097900396, 22.989410400390852], [91.66055297851562, 22.98808097839367], [91.65792846679705, 22.986820220947322], [91.65703582763678, 22.986667633056697], [91.65647125244146, 22.988210678100643], [91.65621185302751, 22.98994064331066], [91.65589141845709, 22.990369796753043], [91.65541076660156, 22.991050720214844], [91.65271759033197, 22.991859436035156], [91.65213775634794, 22.991950988769645], [91.65151214599615, 22.9906902313233], [91.65145874023443, 22.988700866699332], [91.65155792236357, 22.9876384735108], [91.65162658691423, 22.986951828003043], [91.65174102783232, 22.986499786377067], [91.65441894531278, 22.985879898071403], [91.65267944335966, 22.983102798461914], [91.650131225586, 22.979890823364258], [91.64602661132841, 22.9788494110108], [91.64579010009771, 22.97808074951172], [91.64405822753912, 22.97635078430187], [91.64208221435564, 22.97414016723627], [91.64157104492193, 22.973249435424748], [91.64071655273438, 22.972150802612305], [91.63942718505876, 22.970680236816406], [91.637260437012, 22.96977043151867], [91.63659667968756, 22.967559814453068], [91.63449096679693, 22.967540740966797], [91.63359832763683, 22.966421127319336], [91.63437652587919, 22.964679718017578], [91.63330078125017, 22.96296119689947], [91.63123321533203, 22.961349487304744], [91.62834167480486, 22.961191177368164], [91.6274185180664, 22.96016120910656], [91.62732696533232, 22.959409713745174], [91.62792205810541, 22.957950592041016], [91.62895965576178, 22.956871032714957], [91.6275711059572, 22.95494079589855], [91.6253280639649, 22.95251083374046], [91.62425994873075, 22.951311111450423], [91.6235580444336, 22.94803810119629], [91.61892700195341, 22.944330215454215], [91.61871337890636, 22.944150924682674], [91.61853790283232, 22.944351196289062], [91.61667633056635, 22.94649124145502], [91.61898803710955, 22.94998931884777], [91.61820983886719, 22.95276260375988], [91.61628723144526, 22.954839706421126], [91.61882019042986, 22.956720352172965], [91.61886596679693, 22.956840515136832], [91.61942291259771, 22.95788955688488], [91.61960601806646, 22.958879470825195], [91.61923980712896, 22.95977020263672], [91.61785888671892, 22.959999084472656], [91.61585235595714, 22.959341049194336], [91.61522674560553, 22.95898056030279], [91.6149978637697, 22.958852767944563], [91.61131286621122, 22.954851150512695], [91.60926818847673, 22.956039428711165], [91.60874176025396, 22.95634078979498], [91.60669708251964, 22.95604133605957], [91.60485076904291, 22.956039428711165], [91.60521697998075, 22.95780181884777], [91.60662841796875, 22.958852767944563], [91.60572052001959, 22.959930419921818], [91.6066513061524, 22.961799621582145], [91.60724639892584, 22.96330070495617], [91.60842895507841, 22.96475028991705], [91.6085281372072, 22.964790344238338], [91.60997772216825, 22.965549468994254], [91.6106796264649, 22.965900421142692], [91.60974121093756, 22.965990066528377], [91.60910034179705, 22.966051101684684], [91.60868835449236, 22.96657943725586], [91.60737609863298, 22.96833992004406], [91.60743713378912, 22.96843910217285], [91.6083602905274, 22.970041275024528], [91.61093139648466, 22.97137069702154], [91.6119995117188, 22.971920013427734], [91.61196136474626, 22.973350524902344], [91.6106033325197, 22.973632812500114], [91.60948944091797, 22.97333908081066], [91.60768127441435, 22.972850799560547], [91.60732269287104, 22.973600387573356], [91.6069564819336, 22.974590301513672], [91.60688018798834, 22.974679946899357], [91.6065216064456, 22.975090026855526], [91.60639190673828, 22.97494125366211], [91.60385131835966, 22.971902847290096], [91.60324096679693, 22.97157096862793], [91.59963989257824, 22.969608306884766], [91.59739685058622, 22.970281600952205], [91.5971069335938, 22.970369338989315], [91.59677124023443, 22.97047042846691], [91.59740447998041, 22.972520828247184], [91.59822082519548, 22.97516059875511], [91.5975189208985, 22.975780487060774], [91.59739685058622, 22.975740432739315], [91.59552764892595, 22.975040435791072], [91.59455108642572, 22.9735107421875], [91.59346771240234, 22.971691131591797], [91.59237670898443, 22.97035980224615], [91.59033203125028, 22.969551086425838], [91.58976745605497, 22.968301773071346], [91.58741760253912, 22.96397018432623], [91.58335113525408, 22.96322059631342], [91.58331298828125, 22.963819503784237], [91.58072662353521, 22.965959548950195], [91.57572174072283, 22.96846008300787], [91.56775665283209, 22.97228813171381], [91.56591033935575, 22.9744110107423], [91.56421661376947, 22.97541046142578], [91.56279754638678, 22.976451873779297], [91.56278991699224, 22.978630065917912], [91.56279754638678, 22.97904014587408], [91.56268310546903, 22.982990264892578], [91.56286621093778, 22.986150741577205], [91.56249237060575, 22.98871040344244], [91.56259918212896, 22.98968124389654], [91.55989074707048, 22.99212074279791], [91.55912780761736, 22.992799758911076], [91.55278015136713, 22.99253845214855], [91.5488891601563, 22.994762420654297], [91.54844665527361, 22.995521545410384], [91.54775238037115, 22.997589111328182], [91.54717254638678, 22.99875831604004], [91.54683685302763, 22.999429702758903], [91.54715728759771, 23.0010604858399], [91.54730987548828, 23.001789093017692], [91.54904174804693, 23.006250381469954], [91.55084991455107, 23.00963020324707], [91.5522232055664, 23.012969970703068], [91.55327606201178, 23.015758514404297], [91.5498809814456, 23.015380859375057], [91.5454864501956, 23.01488113403343], [91.54640197753912, 23.017362594604492], [91.54408264160162, 23.017869949340877], [91.54619598388678, 23.020950317382926], [91.54628753662104, 23.02112007141136], [91.54892730712919, 23.02570915222168], [91.55175018310553, 23.029512405395735], [91.55404663085943, 23.03222274780279], [91.55429840087885, 23.03294944763178], [91.55419921875006, 23.033779144287166], [91.55030822753906, 23.03396034240734], [91.54763793945312, 23.034090042114485], [91.53851318359392, 23.034719467163086], [91.53852844238298, 23.03570938110363], [91.5357284545899, 23.038772583007812], [91.53674316406278, 23.040830612182617], [91.5370101928711, 23.042161941528434], [91.5373611450197, 23.043859481811523], [91.53925323486328, 23.04768943786621], [91.54139709472656, 23.050420761108455], [91.5380325317384, 23.051429748535213], [91.53695678710938, 23.051748275756893], [91.53225708007818, 23.05311965942377], [91.53116607666027, 23.053260803222656], [91.52999877929693, 23.053432464599666], [91.52857971191423, 23.053640365600813], [91.5295181274414, 23.055521011352653], [91.53093719482428, 23.057260513305607], [91.53279113769548, 23.058050155639705], [91.53292083740263, 23.058105468750057], [91.53338623046875, 23.058269500732365], [91.53383636474621, 23.058500289916935], [91.53629302978521, 23.059740066528263], [91.53745269775396, 23.059471130371207], [91.53929138183611, 23.06205940246582], [91.53853607177734, 23.06321907043457], [91.53788757324247, 23.065288543701286], [91.53636169433622, 23.068622589111328], [91.53582763671892, 23.06919097900402], [91.53453063964844, 23.07055282592779], [91.53379058837896, 23.074541091919002], [91.53372192382812, 23.074901580810547], [91.53351593017572, 23.075229644775334], [91.5330429077149, 23.07645034790039], [91.5312576293947, 23.07933044433588], [91.53108978271501, 23.08121109008789], [91.53262329101562, 23.083749771118278], [91.53411102294939, 23.084260940551985], [91.53527832031267, 23.08704757690441], [91.53382873535162, 23.08925056457531], [91.53375244140642, 23.089530944824276], [91.53380584716803, 23.08966064453125], [91.533706665039, 23.08970069885254], [91.53318786621111, 23.09153747558588], [91.53083801269526, 23.0913982391358], [91.52854919433588, 23.09181976318365], [91.52635955810553, 23.092252731323185], [91.52516174316423, 23.093408584594954], [91.5248413085938, 23.0951385498048], [91.52584075927763, 23.09670066833496], [91.52606964111322, 23.09707069396984], [91.52648925781267, 23.100410461425838], [91.52458190917986, 23.1007404327392], [91.52243041992216, 23.101119995117188], [91.52133178710955, 23.102371215820426], [91.51902008056635, 23.102542877197266], [91.517562866211, 23.10316276550293], [91.51612854003935, 23.104829788208065], [91.51593780517607, 23.10505104064964], [91.51550292968756, 23.105560302734432], [91.51602935791016, 23.107791900634822], [91.51712799072266, 23.11042976379406], [91.51728057861357, 23.110599517822322], [91.5191268920899, 23.112659454345703], [91.52220916748058, 23.112380981445312], [91.5235214233399, 23.114250183105412], [91.52214813232428, 23.116849899292106], [91.52108764648466, 23.118080139160156], [91.52076721191423, 23.11972808837902], [91.51486206054705, 23.124921798706055], [91.51373291015642, 23.12537002563488], [91.51174926757841, 23.125450134277457], [91.51011657714844, 23.126239776611385], [91.50971221923845, 23.126480102539062], [91.50891113281244, 23.12721061706543], [91.50953674316423, 23.129711151123104], [91.51180267334001, 23.132009506225643], [91.51425170898432, 23.133209228515682], [91.51682281494146, 23.135440826416072], [91.52172088623064, 23.13910293579113], [91.52041625976562, 23.13920974731451], [91.5156860351563, 23.13656044006359], [91.51210021972668, 23.13731002807623], [91.50904083251964, 23.137960433960018], [91.506332397461, 23.141220092773494], [91.50396728515625, 23.141590118408317], [91.50263214111328, 23.143270492553768], [91.50276947021513, 23.14513015747076], [91.50499725341803, 23.146800994873047], [91.50563049316435, 23.14752960205101], [91.50615692138678, 23.148120880126953], [91.50845336914068, 23.1493301391601], [91.51029205322283, 23.150590896606445], [91.50672149658209, 23.14989089965826], [91.50531005859392, 23.149988174438477], [91.50183868408232, 23.150268554687614], [91.50145721435575, 23.150821685791016], [91.49960327148455, 23.150510787963924], [91.49829864501959, 23.150810241699332], [91.49749755859392, 23.153089523315543], [91.49742889404325, 23.153310775756836], [91.49759674072277, 23.155910491943303], [91.49828338623064, 23.158941268920955], [91.50097656250006, 23.161020278930607], [91.50309753417974, 23.164810180664062], [91.5037918090822, 23.165790557861442], [91.5013427734375, 23.16930961608881], [91.49994659423822, 23.169282913208008], [91.49829864501959, 23.169740676879996], [91.49832916259771, 23.16998291015625], [91.49839019775419, 23.170471191406364], [91.49803924560541, 23.172180175781364], [91.49826049804705, 23.173311233520565], [91.49858093261747, 23.173950195312443], [91.49913787841825, 23.175029754638672], [91.50048828125028, 23.176330566406477], [91.50263977050798, 23.177610397338924], [91.50540924072271, 23.178810119629134], [91.50739288330078, 23.179012298583984], [91.5085525512697, 23.179510116577205], [91.51093292236334, 23.182039260864258], [91.50971221923845, 23.182769775390625], [91.50817871093767, 23.183059692382926], [91.5068969726563, 23.183500289916992], [91.5063095092774, 23.184200286865234], [91.50634002685553, 23.185689926147575], [91.50636291503912, 23.186622619628963], [91.50074768066423, 23.18691062927246], [91.49562072753906, 23.187311172485465], [91.49192047119169, 23.18765258789074], [91.4905471801759, 23.187000274658146], [91.48870849609375, 23.18724060058605], [91.48712158203153, 23.18760108947754], [91.48385620117193, 23.188051223754996], [91.48149871826189, 23.18587112426752], [91.47891235351574, 23.18630981445324], [91.47477722167969, 23.188398361205998], [91.47424316406267, 23.188837051391715], [91.47689819335955, 23.19393539428711], [91.47704315185575, 23.19426918029785], [91.47741699218778, 23.19479942321783], [91.47867584228521, 23.195489883422965], [91.47941589355474, 23.195451736450423], [91.48046875000028, 23.19542121887207], [91.48220062255854, 23.195518493652344], [91.48417663574219, 23.19556045532238], [91.48597717285185, 23.19577980041504], [91.4888916015625, 23.198961257934684], [91.48918151855474, 23.200008392333984], [91.48951721191406, 23.20220947265625], [91.48792266845697, 23.205101013183594], [91.48815155029314, 23.206390380859375], [91.48779296875017, 23.208209991455078], [91.48683929443376, 23.2091007232666], [91.48597717285185, 23.212240219116154], [91.48580169677763, 23.21240043640148], [91.48503112792997, 23.213130950927678], [91.48396301269548, 23.214130401611328], [91.48300933837908, 23.21495056152338], [91.48243713378923, 23.21622085571289], [91.4785766601562, 23.215980529785213], [91.4737167358399, 23.214311599731502], [91.46714782714844, 23.21245193481451], [91.46559906005888, 23.21239280700695], [91.46428680419922, 23.2122097015382], [91.4638061523438, 23.212858200073242], [91.46215820312528, 23.213060379028434], [91.46177673339872, 23.214059829711914], [91.45989227294916, 23.214691162109432], [91.45932006835932, 23.21501922607422], [91.4586181640625, 23.215421676635856], [91.45789337158209, 23.217081069946403], [91.45857238769531, 23.218759536743278], [91.45932006835932, 23.21930122375511], [91.45997619628912, 23.21978187561035], [91.46186828613287, 23.220670700073242], [91.46338653564453, 23.22169113159191], [91.46457672119146, 23.221929550171012], [91.46576690673857, 23.222560882568416], [91.46752166748041, 23.222951889038086], [91.47100067138689, 23.2234401702882], [91.47450256347662, 23.22430992126465], [91.47480010986345, 23.225620269775447], [91.47441101074236, 23.22677040100109], [91.47348022460955, 23.228099822998104], [91.4706115722658, 23.232490539550724], [91.47045898437506, 23.232681274414006], [91.46801757812506, 23.234979629516715], [91.46673583984403, 23.238479614257812], [91.46434020996094, 23.24020957946783], [91.46205902099615, 23.241880416870174], [91.46060180664074, 23.242389678955078], [91.45825958251959, 23.242589950561523], [91.45670318603533, 23.242008209228516], [91.45574951171892, 23.24165916442871], [91.4537200927735, 23.24197006225586], [91.45168304443354, 23.2434597015382], [91.45194244384766, 23.245370864868164], [91.45201873779308, 23.246601104736385], [91.45213317871094, 23.248420715332088], [91.4541625976562, 23.248741149902344], [91.45468902587902, 23.2488307952882], [91.45699310302763, 23.250841140747184], [91.45897674560564, 23.252630233764762], [91.45926666259777, 23.253269195556697], [91.459716796875, 23.25471115112299], [91.45778656005854, 23.255899429321346], [91.45597076416021, 23.256130218505916], [91.45204925537138, 23.25665092468273], [91.44344329834013, 23.25810050964361], [91.43660736084013, 23.258420944213867], [91.43260955810541, 23.258384704589957], [91.42917633056635, 23.258354187011946], [91.42861175537104, 23.25834846496582], [91.42633819580078, 23.25832939147955], [91.425048828125, 23.2570095062257], [91.42368316650408, 23.255020141601562], [91.42177581787126, 23.25724029541027], [91.42201232910162, 23.259729385376204], [91.42202758789068, 23.263059616088924], [91.42227172851591, 23.264879226684798], [91.42237854003906, 23.265768051147518], [91.42316436767584, 23.270780563354435], [91.42321777343761, 23.271110534668026], [91.42447662353516, 23.273220062255803], [91.42369079589861, 23.275840759277344], [91.4190063476563, 23.280221939086857], [91.41863250732433, 23.276741027831974], [91.41770935058622, 23.268569946289062], [91.41810607910185, 23.254299163818473], [91.41499328613287, 23.25498962402355], [91.41461944580084, 23.25434112548851], [91.41221618652344, 23.25437927246105], [91.41011810302734, 23.255979537963867], [91.40927124023443, 23.25798988342291], [91.40908813476568, 23.259469985961914], [91.4077911376956, 23.260879516601676], [91.40770721435553, 23.253980636596793], [91.40770721435553, 23.25356292724615], [91.40849304199224, 23.252769470214844], [91.40908813476568, 23.25217247009283], [91.41104888916044, 23.25020980834961], [91.41316223144526, 23.248809814453352], [91.41567230224626, 23.24488258361822], [91.41485595703153, 23.244588851928768], [91.40725708007812, 23.24283027648937], [91.40303802490263, 23.23771095275879], [91.40612030029297, 23.231821060180664], [91.40647125244169, 23.231159210205135], [91.40400695800776, 23.226160049438704], [91.39582061767578, 23.2234401702882], [91.39697265625017, 23.21862030029297], [91.39701080322266, 23.213478088378906], [91.39292144775419, 23.20863914489746], [91.39303588867193, 23.20483016967779], [91.39383697509777, 23.204139709472656], [91.39388275146513, 23.20335006713873], [91.39331817626947, 23.20173072814947], [91.39317321777361, 23.200880050659237], [91.39338684082031, 23.193410873413086], [91.39048767089861, 23.188190460205078], [91.38883972167974, 23.179460525512752], [91.39029693603533, 23.176099777221907], [91.39035797119146, 23.17510986328125], [91.39293670654291, 23.167650222778434], [91.39084625244135, 23.157619476318473], [91.39089202880876, 23.15728950500494], [91.39147186279314, 23.152580261230412], [91.39319610595703, 23.150579452514762], [91.39435577392584, 23.149980545043945], [91.39583587646501, 23.14752006530773], [91.39775085449236, 23.14155769348139], [91.39813232421892, 23.140869140625057], [91.40119171142595, 23.135190963745117], [91.4031066894533, 23.12914276123047], [91.40325927734375, 23.125221252441634], [91.40349578857422, 23.119041442871094], [91.40380859374994, 23.117980957031307], [91.40503692626959, 23.11590003967291], [91.40541076660162, 23.11528968811035], [91.40666961669916, 23.1140193939209], [91.40748596191423, 23.113180160522518], [91.4088973999024, 23.11007118225109], [91.4099960327149, 23.106809616088867], [91.40902709960938, 23.104459762573185], [91.40930175781278, 23.103862762451172], [91.40805816650408, 23.09511947631836], [91.40801239013666, 23.094730377197266], [91.40821075439453, 23.094690322875977], [91.40943908691412, 23.094499588012695], [91.41240692138672, 23.094778060913086], [91.41297912597656, 23.093570709228516], [91.412162780762, 23.09166908264166], [91.41284942626959, 23.091159820556697], [91.41250610351568, 23.086570739746207], [91.4122619628908, 23.08337020874029], [91.4129104614259, 23.0827693939209], [91.41487121582026, 23.080940246582088], [91.4173889160158, 23.080301284790153], [91.41847229003935, 23.080022811889762], [91.4196090698245, 23.080261230468864], [91.42164611816412, 23.080690383911246], [91.42251586914062, 23.079240798950195], [91.42125701904303, 23.077360153198356], [91.4219360351562, 23.076339721679688], [91.42064666748064, 23.07423973083519], [91.42002105712885, 23.073221206665096], [91.41799926757818, 23.06913948059082], [91.4180526733399, 23.067710876464787], [91.41808319091825, 23.06661033630394], [91.41815185546892, 23.064050674438533], [91.41902160644543, 23.063249588012752], [91.41989135742205, 23.061410903930778], [91.4219970703125, 23.059249877929744], [91.41765594482428, 23.055610656738338], [91.41116333007818, 23.053699493408203], [91.4022827148437, 23.051799774169922], [91.3959426879884, 23.055408477783146], [91.38817596435541, 23.05831909179699], [91.37767791748041, 23.064050674438533], [91.3760833740235, 23.06872940063488], [91.37362670898449, 23.07121086120611], [91.37149810791021, 23.074129104614315], [91.37001037597685, 23.076169967651424], [91.36660003662138, 23.08186912536644], [91.36622619628935, 23.082439422607536], [91.36611938476568, 23.0826416015625], [91.36345672607428, 23.086700439453182], [91.35972595214872, 23.0905818939209], [91.3567123413086, 23.094619750976562], [91.35628509521513, 23.09518623352062], [91.35362243652372, 23.100160598754996], [91.35317230224615, 23.101350784301758], [91.35312652587908, 23.106069564819393], [91.35317993164068, 23.11098289489746], [91.35266113281278, 23.113849639892635], [91.35043334960955, 23.11613845825201], [91.34745788574224, 23.11674118041998], [91.3471984863283, 23.120008468627987], [91.34813690185547, 23.123630523681754], [91.34748077392584, 23.127479553222713], [91.34514617919928, 23.128690719604435], [91.34323883056646, 23.131320953369084], [91.34179687500028, 23.136209487915153], [91.341537475586, 23.141189575195312], [91.340103149414, 23.14459991455078], [91.33978271484392, 23.147689819335938], [91.33934020996088, 23.15101051330589], [91.33728027343767, 23.154399871826115], [91.33457183837885, 23.155670166015625], [91.33033752441435, 23.157672882080078], [91.33039093017578, 23.16083908081066], [91.33042907714861, 23.163658142089844], [91.33112335205107, 23.16884040832514], [91.33084869384771, 23.171649932861385], [91.33014678955107, 23.18330955505371], [91.32977294921903, 23.19001007080078], [91.32998657226591, 23.194509506225586], [91.3295288085938, 23.197151184082088], [91.3298416137697, 23.21091079711914], [91.33088684082037, 23.215789794921932], [91.33052062988293, 23.219278335571346], [91.32955932617199, 23.223709106445426], [91.32879638671886, 23.228748321533317], [91.32872009277361, 23.234979629516715], [91.3255462646485, 23.24067115783697], [91.32573699951178, 23.24591064453125], [91.33029174804693, 23.247039794921875], [91.3314666748048, 23.250431060791243], [91.33230590820312, 23.252750396728572], [91.32843017578153, 23.253080368041992], [91.32737731933611, 23.253179550170955], [91.32534027099615, 23.253749847412223], [91.32375335693376, 23.2562007904055], [91.32369995117182, 23.256561279296875], [91.3233871459961, 23.258720397949276], [91.3214416503908, 23.26333999633789], [91.31858062744158, 23.269018173217887], [91.3167572021485, 23.273900985717773], [91.31646728515625, 23.274681091308594], [91.31642913818388, 23.2748699188233], [91.31604766845732, 23.27668762207037], [91.31867218017584, 23.279569625854435], [91.31878662109392, 23.279701232910213], [91.32256317138666, 23.28210067749046], [91.31916809082048, 23.28338813781761], [91.31536102294939, 23.28544807434082], [91.31124877929699, 23.285739898681697], [91.30821228027372, 23.28828048706049], [91.30641937255865, 23.290559768676758], [91.30731964111328, 23.292989730835018], [91.30938720703153, 23.296699523925838], [91.31250000000017, 23.29947090148937], [91.31664276123041, 23.299629211425724], [91.32018280029303, 23.298900604248104], [91.32154846191418, 23.302169799804688], [91.31986999511747, 23.30599021911644], [91.31874847412104, 23.309619903564567], [91.31591796875017, 23.314281463623047], [91.3125610351563, 23.31524085998558], [91.31195831298834, 23.315410614013672], [91.3088684082033, 23.31475830078125], [91.30446624755876, 23.314430236816634], [91.30230712890653, 23.315719604492188], [91.29907989501982, 23.317672729492415], [91.29725646972656, 23.32098007202154], [91.29811859130888, 23.327169418335018], [91.29902648925787, 23.33006095886242], [91.3010864257813, 23.335372924804688], [91.30251312255888, 23.3411483764649], [91.30636596679688, 23.344179153442383], [91.31165313720732, 23.34482955932623], [91.31495666503923, 23.344739913940543], [91.31656646728521, 23.34777069091797], [91.3177108764649, 23.353281021118107], [91.32121276855497, 23.35454750061041], [91.3253631591798, 23.35712051391613], [91.32560729980463, 23.362310409546012], [91.32128143310564, 23.36174964904791], [91.31664276123041, 23.35994148254406], [91.31620025634771, 23.359680175781364], [91.3122863769533, 23.357379913330078], [91.30927276611328, 23.35523986816429], [91.30693817138672, 23.35473060607916], [91.3041610717774, 23.354129791259766], [91.2989730834961, 23.352033615112248], [91.29666900634783, 23.35447120666504], [91.29770660400402, 23.35647010803234], [91.29827880859386, 23.357549667358512], [91.29988861084001, 23.36230278015148], [91.29640960693388, 23.362922668457145], [91.29479217529303, 23.363309860229492], [91.29323577880876, 23.364891052246094], [91.29207611084001, 23.366069793701286], [91.29206085205078, 23.368158340454045], [91.29206085205078, 23.369319915771598], [91.29171752929705, 23.37005996704113], [91.29090881347656, 23.371810913085994], [91.29399108886736, 23.372182846069393], [91.29691314697271, 23.37284088134777], [91.2982864379884, 23.373140335083008], [91.29843902587896, 23.37570953369152], [91.29811096191435, 23.37874984741211], [91.29637145996105, 23.37829971313488], [91.2948760986331, 23.377920150756893], [91.29135131835943, 23.376890182495117], [91.29048919677763, 23.3770809173584], [91.28649902343778, 23.377990722656364], [91.28501129150408, 23.381750106811637], [91.28402709960932, 23.38437080383295], [91.28383636474604, 23.385280609131087], [91.28343963623075, 23.38644981384283], [91.28334808349615, 23.388210296630973], [91.28312683105486, 23.391969680786246], [91.28250122070307, 23.397132873535156], [91.2825698852539, 23.40249061584467], [91.28253936767595, 23.405290603637752], [91.28328704833984, 23.41040992736839], [91.2821197509765, 23.41615104675293], [91.28053283691412, 23.418830871582145], [91.27719116210955, 23.42012023925787], [91.27245330810564, 23.42397117614746], [91.27102661132841, 23.426349639892692], [91.27372741699213, 23.42982101440424], [91.27355194091797, 23.43375968933111], [91.27078247070318, 23.43692016601574], [91.2674102783206, 23.438898086547965], [91.26611328125, 23.439659118652344], [91.26348876953142, 23.441181182861385], [91.26158905029297, 23.444040298462028], [91.26088714599615, 23.445829391479606], [91.25985717773455, 23.4484806060791], [91.25903320312528, 23.454851150512923], [91.2574996948245, 23.464551925659293], [91.2559204101563, 23.46762084960949], [91.25702667236334, 23.470670700073185], [91.25641632080095, 23.474571228027344], [91.25650024414068, 23.4820499420166], [91.25377655029303, 23.48971939086914], [91.25106811523455, 23.491279602050895], [91.24501037597662, 23.491678237915096], [91.23932647705084, 23.493818283081055], [91.23739624023443, 23.49458122253418], [91.2387313842774, 23.495531082153434], [91.23900604248075, 23.495740890502987], [91.23771667480486, 23.50006294250511], [91.23902130126947, 23.50311088562006], [91.23683166503912, 23.503219604492188], [91.2347259521485, 23.50230979919445], [91.23108673095709, 23.500419616699276], [91.22824859619146, 23.499750137329215], [91.22651672363287, 23.50060081481945], [91.22445678710943, 23.502370834350586], [91.22348022460943, 23.504909515380973], [91.22469329834013, 23.50687980651867], [91.22618865966808, 23.510490417480526], [91.22711944580084, 23.514009475708065], [91.22286224365251, 23.5139102935791], [91.2179565429688, 23.513410568237248], [91.21541595459001, 23.512390136718807], [91.21096038818388, 23.513891220093], [91.20878601074224, 23.516180038452376], [91.20687866210943, 23.51777076721197], [91.20517730712896, 23.52056121826172], [91.2051086425783, 23.520790100097713], [91.20419311523443, 23.52422904968273], [91.20654296875011, 23.527940750122184], [91.20675659179716, 23.528280258178654], [91.2085800170899, 23.53337287902832], [91.2095565795899, 23.53483963012701], [91.21135711669916, 23.537040710449276], [91.21161651611328, 23.53809356689453], [91.21186828613287, 23.541271209716797], [91.21282958984386, 23.54204940795904], [91.21483612060564, 23.543649673461914], [91.21801757812528, 23.54836082458496], [91.21753692626959, 23.549171447753906], [91.21673583984392, 23.54931259155296], [91.21546936035162, 23.54952049255371], [91.21414184570318, 23.548809051513786], [91.21331024169939, 23.54836082458496], [91.21230316162138, 23.547821044921875], [91.210746765137, 23.54679107666027], [91.2091903686524, 23.546890258789062], [91.20832061767578, 23.547090530395508], [91.2064819335938, 23.548160552978572], [91.20572662353521, 23.548589706420955], [91.20471191406267, 23.548139572143555], [91.20401763916021, 23.547838211059513], [91.20218658447294, 23.547428131103572], [91.199447631836, 23.547981262206974], [91.19848632812506, 23.549079895019645], [91.19870758056646, 23.551870346069393], [91.19879150390625, 23.55410957336437], [91.19885253906256, 23.556039810180607], [91.19908905029303, 23.55911064147955], [91.1985626220706, 23.561870574951172], [91.19889068603521, 23.565692901611385], [91.19480895996111, 23.57088279724121], [91.19362640380854, 23.574739456176758], [91.18589019775396, 23.581130981445426], [91.18231201171886, 23.5846004486084], [91.17959594726568, 23.58576011657715], [91.17935943603533, 23.58798980712902], [91.18058013916021, 23.590589523315487], [91.18208312988287, 23.593740463256836], [91.18020629882818, 23.594432830810547], [91.17810058593756, 23.593812942504883], [91.17749023437506, 23.593641281127987], [91.17472839355497, 23.593540191650447], [91.17302703857416, 23.59359169006359], [91.16900634765653, 23.595132827758732], [91.16716766357439, 23.597860336303825], [91.16657257080095, 23.598739624023438], [91.16581726074236, 23.602251052856445], [91.16658782959001, 23.604568481445426], [91.1663360595706, 23.608289718627987], [91.16458892822294, 23.612052917480412], [91.16439056396496, 23.615198135375977], [91.16446685791033, 23.619361877441406], [91.16316223144548, 23.623001098632812], [91.16259002685564, 23.628269195556697], [91.1633377075197, 23.63167953491211], [91.16472625732428, 23.635410308838004], [91.16272735595697, 23.639230728149414], [91.1627426147461, 23.643501281738395], [91.16294097900408, 23.64412117004406], [91.16440582275419, 23.647750854492188], [91.16452789306646, 23.654659271240348], [91.16436004638678, 23.65879058837885], [91.16377258300787, 23.661760330200195], [91.16217803955095, 23.663761138916243], [91.16113281250006, 23.665090560913086], [91.1603622436524, 23.66808128356928], [91.16127777099615, 23.670600891113395], [91.16332244873064, 23.66814041137718], [91.1649017333985, 23.665340423584098], [91.1681213378908, 23.664039611816634], [91.17163848876964, 23.662349700927734], [91.1721801757813, 23.66176986694336], [91.17392730712902, 23.659879684448185], [91.17616271972662, 23.657190322875977], [91.18094635009771, 23.656351089477482], [91.18152618408209, 23.65625190734869], [91.1860427856447, 23.656120300292912], [91.19062042236345, 23.656110763549805], [91.19522857666021, 23.655279159546012], [91.19535827636719, 23.651899337768555], [91.19539642334001, 23.65112113952631], [91.19531250000028, 23.648721694946232], [91.19629669189447, 23.648239135742244], [91.19889068603521, 23.646970748901367], [91.20207214355486, 23.648189544677848], [91.20419311523443, 23.64932823181158], [91.20654296875011, 23.65102577209467], [91.20690917968756, 23.651292800903377], [91.20707702636724, 23.65142250061035], [91.20836639404314, 23.654010772705135], [91.20989990234375, 23.656587600708008], [91.20770263671903, 23.658029556274528], [91.2061386108399, 23.660230636596793], [91.20601654052729, 23.665390014648494], [91.20675659179716, 23.668188095093], [91.20709991455084, 23.669469833374023], [91.20793151855463, 23.67178916931158], [91.20832061767578, 23.67578125], [91.20815277099626, 23.67978096008312], [91.2084426879884, 23.682680130004826], [91.20900726318365, 23.68443870544445], [91.21006011962908, 23.68755149841303], [91.20675659179716, 23.68804168701172], [91.20513153076172, 23.69008064270031], [91.20101165771496, 23.69243049621582], [91.19724273681635, 23.692308425903377], [91.19335937500006, 23.690811157226676], [91.18773651123064, 23.691890716552678], [91.18496704101568, 23.69145011901861], [91.18073272705084, 23.691970825195256], [91.17664337158197, 23.69202041625988], [91.17228698730486, 23.691520690918026], [91.16747283935575, 23.691591262817496], [91.16324615478527, 23.691139221191463], [91.15828704833996, 23.691221237182617], [91.15614318847662, 23.694419860839957], [91.15667724609392, 23.699092864990348], [91.15589904785173, 23.703741073608512], [91.15448760986357, 23.709831237793026], [91.15479278564459, 23.716449737548942], [91.15585327148432, 23.723440170288086], [91.15818023681658, 23.729152679443416], [91.1597518920899, 23.734590530395508], [91.16043090820307, 23.739429473876953], [91.16166687011724, 23.74266052246105], [91.16394042968756, 23.746240615844727], [91.1670684814456, 23.74851036071783], [91.16844177246088, 23.74949073791504], [91.17236328125006, 23.75205993652338], [91.1780014038086, 23.751560211181754], [91.18295288085938, 23.75114059448248], [91.18759155273443, 23.75113105773937], [91.18929290771501, 23.751659393310604], [91.19486999511724, 23.753160476684798], [91.19551849365263, 23.753250122070312], [91.20009613037138, 23.75312042236351], [91.2054672241211, 23.752229690551815], [91.21038818359403, 23.75162124633789], [91.21090698242193, 23.751560211181754], [91.21430206298834, 23.750101089477596], [91.21496582031278, 23.748670578002987], [91.21578216552751, 23.746971130371094], [91.21708679199213, 23.743680953979492], [91.21996307373047, 23.741189956665153], [91.22306060791016, 23.739730834960938], [91.22461700439459, 23.740100860595817], [91.2259368896485, 23.743429183959904], [91.22624206542963, 23.744831085205135], [91.22680664062494, 23.74529838562023], [91.22759246826172, 23.749599456787166], [91.22940063476568, 23.752580642700252], [91.22984313964872, 23.755941390991268], [91.23034667968756, 23.759639739990234], [91.23256683349626, 23.76369285583496], [91.23409271240251, 23.769359588623047], [91.23429870605486, 23.773530960083008], [91.23438262939464, 23.777347564697266], [91.23423767089872, 23.782331466674748], [91.23398590087896, 23.78576087951666], [91.23197937011719, 23.789300918579045], [91.23100280761713, 23.791730880737305], [91.23206329345709, 23.797010421753043], [91.23513031005865, 23.802120208740178], [91.23738098144537, 23.808401107788143], [91.23761749267584, 23.811531066894645], [91.240531921387, 23.81533813476574], [91.24368286132818, 23.819650650024414], [91.24472808837919, 23.821922302246094], [91.24503326416021, 23.82229042053217], [91.24645996093744, 23.825290679931697], [91.24877929687517, 23.828359603881836], [91.25177001953153, 23.833080291748047], [91.25434112548828, 23.836200714111385], [91.25760650634771, 23.839651107788143], [91.25689697265636, 23.84452056884777], [91.25499725341825, 23.84954833984375], [91.25209045410162, 23.852260589599723], [91.24723052978516, 23.858390808105526], [91.2452926635745, 23.862331390380916], [91.24340820312494, 23.865989685058594], [91.24230194091814, 23.870300292968864], [91.24034881591791, 23.87367248535162], [91.23951721191412, 23.87665939331066], [91.2376861572265, 23.879909515380973], [91.23609161376959, 23.880931854248047], [91.23250579834013, 23.88320159912132], [91.23242950439459, 23.885700225830078], [91.23242187500006, 23.88605117797846], [91.23233032226591, 23.888402938842773], [91.23207092285162, 23.893550872802734], [91.23223114013678, 23.8957195281983], [91.23216247558594, 23.899490356445256], [91.23410797119158, 23.901441574096737], [91.2356262207033, 23.902059555053768], [91.23826599121094, 23.903150558471737], [91.24120330810553, 23.904039382934798], [91.24434661865263, 23.906000137329215], [91.2488632202149, 23.908912658691406], [91.24901580810553, 23.910160064697322], [91.24945068359386, 23.91329002380394], [91.24812316894543, 23.91652107238764], [91.24682617187528, 23.918960571289006], [91.24604034423857, 23.92161178588873], [91.24430084228527, 23.923889160156364], [91.2396011352539, 23.92613029479992], [91.23887634277361, 23.92634010314947], [91.23558807373041, 23.927358627319336], [91.23522186279297, 23.928600311279297], [91.23645782470709, 23.92965126037609], [91.23947143554693, 23.929510116577205], [91.2468490600586, 23.928379058838004], [91.2518386840822, 23.928987503051758], [91.25443267822294, 23.92753982543968], [91.25712585449247, 23.927299499511832], [91.2623062133789, 23.92646026611328], [91.26724243164057, 23.927072525024414], [91.27205657959001, 23.926980972290153], [91.27263641357439, 23.926969528198242], [91.27626800537126, 23.92624092102045], [91.27797698974626, 23.9281902313233], [91.27758789062517, 23.929740905761946], [91.27587127685564, 23.93601036071783], [91.27401733398443, 23.940299987793082], [91.2722473144533, 23.942062377929688], [91.27015686035173, 23.943269729614258], [91.26686859130854, 23.94462013244629], [91.26608276367216, 23.948640823364315], [91.26782989501953, 23.95301055908226], [91.26796722412138, 23.953254699707145], [91.26832580566412, 23.95391082763672], [91.2688293457033, 23.95557975769043], [91.26940155029314, 23.957050323486328], [91.26995849609392, 23.95837974548334], [91.2705688476563, 23.959821701050032], [91.27184295654297, 23.96361160278326], [91.27326965332037, 23.966659545898438], [91.27590179443365, 23.970010757446346], [91.27876281738287, 23.97387123107916], [91.27986907959001, 23.976812362670955], [91.28156280517578, 23.98018836975109], [91.28367614746111, 23.983102798461914], [91.28557586669922, 23.983102798461914], [91.28502655029314, 23.980440139770508], [91.28501129150408, 23.980201721191406], [91.28482818603533, 23.97838020324707], [91.28447723388672, 23.97565078735363], [91.28626251220714, 23.971031188964787], [91.2894897460938, 23.968030929565657], [91.29306030273438, 23.969469070434627], [91.29418945312517, 23.970279693603572], [91.29596710205084, 23.971540451049748], [91.29965972900419, 23.972721099853572], [91.30062866210932, 23.975019454956055], [91.30045318603516, 23.97869110107422], [91.3007431030274, 23.9833602905274], [91.30192565917997, 23.985019683838004], [91.30285644531261, 23.986328125], [91.30404663085966, 23.989490509033203], [91.30477905273466, 23.993812561035213], [91.30557250976591, 23.995500564575195], [91.30573272705107, 23.996330261230526], [91.3058700561524, 23.997079849243164], [91.30631256103544, 23.99786949157709], [91.30641174316406, 23.998569488525504], [91.31884002685553, 23.99371910095215], [91.32341766357428, 23.995389938354435], [91.32707214355474, 23.994581222534293], [91.32990264892584, 23.99373054504406], [91.33212280273455, 23.99273109436058], [91.33474731445341, 23.991840362548885], [91.33629608154291, 23.989950180053768], [91.3389968872072, 23.98612022399908], [91.34435272216814, 23.984390258789062], [91.34813690185547, 23.985111236572266], [91.35130310058605, 23.984598159790153], [91.3549194335938, 23.984529495239485], [91.35771179199236, 23.985290527343864], [91.36007690429699, 23.986297607421875], [91.36058044433594, 23.98651123046875], [91.36173248291021, 23.98586654663086], [91.36190795898455, 23.985765457153263], [91.36241912841791, 23.985481262207145], [91.36276245117216, 23.985290527343864], [91.36380767822283, 23.984699249267578], [91.36412811279325, 23.984516143798828], [91.36580657958996, 23.983568191528548], [91.36975097656256, 23.98079109191889], [91.37043762207026, 23.98028373718273], [91.37301635742193, 23.97838020324707], [91.37535095214872, 23.977428436279297], [91.37819671630871, 23.976879119873047], [91.3790283203125, 23.97869110107422], [91.37787628173822, 23.984701156616154], [91.37713623046892, 23.987649917602653], [91.37687683105497, 23.990068435669002], [91.37722778320318, 23.994871139526367], [91.3743286132813, 23.997331619262752], [91.3738784790039, 24.000970840454215], [91.3743286132813, 24.00789070129389], [91.37715148925798, 24.012149810791016], [91.38098907470703, 24.01793289184576], [91.38831329345714, 24.024780273437614], [91.39083099365263, 24.029052734375], [91.3924331665039, 24.03386116027832], [91.39424896240263, 24.040639877319336], [91.39554595947271, 24.045700073242415], [91.39650726318371, 24.051351547241268], [91.39483642578153, 24.0559406280517], [91.38823699951172, 24.064500808715934], [91.38463592529303, 24.070409774780273], [91.38098144531267, 24.07525062561035], [91.37841033935575, 24.077760696411133], [91.37708282470732, 24.08125114440918], [91.37631225585966, 24.08908271789562], [91.37660217285156, 24.093891143798885], [91.37565612792974, 24.09931945800787], [91.3752212524414, 24.104440689086914], [91.37542724609392, 24.107530593872127], [91.37802124023466, 24.109500885009993], [91.38356018066435, 24.108959197998104], [91.38600158691412, 24.108770370483455], [91.38630676269548, 24.108747482299805], [91.38768768310553, 24.109228134155387], [91.38942718505865, 24.109849929809627], [91.39161682128906, 24.109870910644474], [91.39483642578153, 24.109252929687614], [91.39789581298822, 24.109029769897575], [91.39985656738298, 24.11079978942871], [91.40349578857422, 24.110889434814567], [91.41031646728516, 24.111110687255803], [91.4180297851563, 24.10981178283697], [91.42192840576166, 24.109237670898494], [91.42218780517578, 24.109199523925838], [91.42531585693371, 24.107942581176815], [91.42845153808611, 24.108001708984375], [91.43044281005865, 24.107578277587947], [91.43083953857433, 24.104240417480526], [91.43192291259771, 24.10202026367199], [91.43476104736345, 24.101119995117188], [91.43641662597685, 24.101860046386662], [91.43873596191406, 24.103149414062614], [91.4405364990235, 24.103040695190487], [91.44207000732428, 24.100839614868164], [91.44412231445312, 24.09796905517601], [91.44551086425787, 24.098260879516715], [91.44785308837919, 24.100019454956282], [91.45018768310564, 24.100839614868164], [91.45289611816406, 24.099779129028434], [91.45520019531256, 24.098030090332145], [91.45794677734403, 24.098049163818416], [91.46125793457048, 24.09810066223139], [91.4638061523438, 24.09761047363287], [91.46459960937511, 24.098140716552678], [91.46537017822277, 24.09864044189453], [91.46729278564482, 24.09955024719244], [91.47338104248058, 24.100019454956282], [91.47550964355497, 24.100111007690373], [91.47814178466808, 24.098260879516715], [91.47920989990251, 24.09750938415533], [91.4797668457033, 24.09717941284191], [91.48152160644537, 24.096160888671875], [91.48490905761736, 24.096441268921012], [91.48737335205078, 24.096870422363395], [91.49048614501959, 24.09780120849615], [91.492416381836, 24.09650993347168], [91.49269866943354, 24.094379425048828], [91.49343872070341, 24.09033966064476], [91.49642944335943, 24.088680267333984], [91.49887847900396, 24.088308334350586], [91.50755310058622, 24.087009429931697], [91.51291656494135, 24.086879730224723], [91.51722717285162, 24.086610794067496], [91.51908874511724, 24.086309432983455], [91.52182769775402, 24.08455085754389], [91.52498626709001, 24.08397293090826], [91.536117553711, 24.08121109008789], [91.53697204589861, 24.080711364746094], [91.53781890869146, 24.080230712890852], [91.54049682617193, 24.078760147094783], [91.54296112060553, 24.076370239257812], [91.5451965332033, 24.076120376587028], [91.54796600341825, 24.07802009582531], [91.54811859130865, 24.078010559082145], [91.55072021484392, 24.077867507934684], [91.55310058593761, 24.076572418213004], [91.55509948730486, 24.07644271850586], [91.55713653564482, 24.078491210937557], [91.55977630615246, 24.078910827636776], [91.56352233886719, 24.078540802001953], [91.56764221191435, 24.078340530395565], [91.57126617431669, 24.07837104797386], [91.57198333740246, 24.07864952087425], [91.5736923217774, 24.079320907592717], [91.57640075683622, 24.07979011535639], [91.57872009277338, 24.07977294921875], [91.58103942871111, 24.078531265258846], [91.58460998535185, 24.076110839843693], [91.5874786376956, 24.076950073242188], [91.58841705322294, 24.07723045349121], [91.59327697753906, 24.079290390014762], [91.59619903564459, 24.080209732055664], [91.59607696533197, 24.082910537719727], [91.59674835205084, 24.08507156372076], [91.59912872314447, 24.086469650268782], [91.59926605224621, 24.08813095092779], [91.59545898437528, 24.09068107604986], [91.59426879882818, 24.094690322875977], [91.59686279296892, 24.09637069702154], [91.60021209716808, 24.09843063354498], [91.60295867919922, 24.098270416259822], [91.60585021972673, 24.097471237182617], [91.60900878906278, 24.09601974487316], [91.60954284667974, 24.0957927703858], [91.61192321777344, 24.0946102142334], [91.61405944824236, 24.09555053710949], [91.61550140380888, 24.09620285034191], [91.61811065673834, 24.097078323364315], [91.62256622314482, 24.097370147705192], [91.62570190429688, 24.0988006591798], [91.62786865234386, 24.099582672119368], [91.6302261352539, 24.10053062438965], [91.63407897949236, 24.102569580078182], [91.63823699951172, 24.105680465698242], [91.6403121948245, 24.108360290527287], [91.64148712158203, 24.11188125610346], [91.64227294921892, 24.116319656372298], [91.64160156250011, 24.123180389404297], [91.63960266113298, 24.12961769104004], [91.6392669677735, 24.133020401000977], [91.63719940185553, 24.136831283569563], [91.63594818115234, 24.139339447021428], [91.64032745361322, 24.146989822387695], [91.64315795898466, 24.151069641113224], [91.64536285400396, 24.153690338134766], [91.64631652832037, 24.155319213867188], [91.64673614501959, 24.157770156860465], [91.64668273925781, 24.158140182495117], [91.64591979980469, 24.162740707397518], [91.64508056640653, 24.16597938537609], [91.64449310302763, 24.16938972473156], [91.64608764648455, 24.1750106811524], [91.6476669311524, 24.17799186706543], [91.64988708496111, 24.177040100097656], [91.65349578857422, 24.175479888916072], [91.65647888183605, 24.17622947692871], [91.65717315673828, 24.178670883178825], [91.65763854980497, 24.180721282959098], [91.65818023681646, 24.18293952941906], [91.65866851806658, 24.184211730957145], [91.6588363647461, 24.184640884399528], [91.66023254394537, 24.187570571899414], [91.65927886962896, 24.19122123718273], [91.65882110595697, 24.193300247192383], [91.65276336669939, 24.196109771728572], [91.65354919433594, 24.19952964782715], [91.6539306640625, 24.20220947265625], [91.65258789062517, 24.205419540405273], [91.6518325805664, 24.20791053771984], [91.65003967285185, 24.210960388183537], [91.64808654785168, 24.214370727539176], [91.65470123291021, 24.221750259399414], [91.65612030029325, 24.224971771240348], [91.65905761718767, 24.227439880371094], [91.66214752197271, 24.228519439697493], [91.66452789306669, 24.229360580444393], [91.66752624511724, 24.230400085449332], [91.66874694824213, 24.227199554443416], [91.66867065429693, 24.221569061279297], [91.66909027099638, 24.21875190734886], [91.66728210449219, 24.21507835388195], [91.6685867309572, 24.212511062622184], [91.66832733154325, 24.209770202636832], [91.67073059082037, 24.207611083984432], [91.67363739013678, 24.204219818115234], [91.67402648925793, 24.200599670410213], [91.67698669433611, 24.198650360107536], [91.67736053466814, 24.194610595703125], [91.67949676513678, 24.192239761352766], [91.68010711669928, 24.187040328979606], [91.68231964111345, 24.18214988708496], [91.68257141113287, 24.177141189575252], [91.68422698974626, 24.17146110534668], [91.68493652343778, 24.169370651245117], [91.68836975097685, 24.165279388427678], [91.69043731689464, 24.162740707397518], [91.692398071289, 24.159328460693473], [91.69477081298834, 24.159072875976676], [91.69930267334001, 24.160789489746207], [91.70088195800787, 24.16162109375], [91.70276641845709, 24.162611007690543], [91.70426177978533, 24.161020278930778], [91.70568084716803, 24.1595211029055], [91.70585632324224, 24.156932830810547], [91.7100677490235, 24.151952743530387], [91.71325683593756, 24.15080070495617], [91.72064971923845, 24.149539947509822], [91.72531890869146, 24.14764022827154], [91.72712707519531, 24.14499092102062], [91.73175811767584, 24.14241027832054], [91.73684692382812, 24.142850875854492], [91.73844146728521, 24.143421173095703], [91.74032592773455, 24.141218185425032], [91.74288177490246, 24.140670776367244], [91.74754333496111, 24.141189575195312], [91.75255584716803, 24.142940521240348], [91.75531768798857, 24.14289093017578], [91.75580596923834, 24.142789840698356], [91.76119995117199, 24.141582489013786], [91.76158905029325, 24.142269134521484], [91.76222991943376, 24.143430709838867], [91.7605285644533, 24.151990890502873], [91.75897979736328, 24.16346931457531], [91.75743865966791, 24.170240402221793], [91.75705718994135, 24.17531013488781], [91.7550659179688, 24.183080673217717], [91.75464630126959, 24.189640045166072], [91.75277709960943, 24.19717025756836], [91.75237274169928, 24.204191207885856], [91.74913787841803, 24.21830940246582], [91.74346923828153, 24.247127532958984], [91.749496459961, 24.244310379028548], [91.7845764160158, 24.22442054748535], [91.78859710693365, 24.222089767456282], [91.79110717773443, 24.22096252441412], [91.79666900634777, 24.220581054687557], [91.79992675781278, 24.220790863037053], [91.80320739746088, 24.221019744873047], [91.80481719970709, 24.219631195068473], [91.80774688720732, 24.219350814819336], [91.80992889404314, 24.216449737548828], [91.81105041503906, 24.213939666748047], [91.81555938720714, 24.2089519500733], [91.81807708740263, 24.2091903686524], [91.8219299316408, 24.211000442504996], [91.82660675048834, 24.213119506835938], [91.83061981201183, 24.214340209960994], [91.83075714111334, 24.214530944824276], [91.83290863037121, 24.217582702636776], [91.8374099731447, 24.21969985961914], [91.837699890137, 24.224220275878963], [91.83991241455084, 24.227228164672795], [91.8439559936524, 24.22908973693859], [91.84748840332048, 24.22832107543951], [91.84446716308611, 24.225570678711165], [91.84284210205107, 24.222248077392635], [91.84258270263678, 24.221740722656307], [91.84353637695318, 24.220729827880916], [91.84660339355474, 24.22048950195324], [91.8514022827149, 24.221511840820312], [91.85257720947294, 24.21877098083496], [91.85478210449224, 24.21640968322754], [91.85685729980486, 24.21417808532715], [91.85321807861345, 24.21450042724632], [91.85086822509794, 24.21470069885254], [91.84913635253935, 24.213968276977596], [91.84771728515625, 24.206960678100586], [91.8487167358399, 24.207010269164982], [91.85043334960943, 24.20709037780773], [91.84999084472673, 24.202280044555664], [91.84964752197271, 24.201980590820426], [91.84742736816435, 24.199970245361442], [91.84667968750028, 24.19993972778326], [91.84467315673834, 24.203689575195426], [91.84137725830078, 24.20164108276373], [91.84175109863281, 24.197719573974553], [91.84700012207037, 24.193960189819336], [91.8506622314456, 24.189630508422965], [91.85228729248064, 24.188350677490348], [91.85456085205095, 24.186149597168082], [91.85504913330107, 24.182279586792106], [91.85795593261713, 24.1814804077149], [91.86252593994135, 24.18159294128418], [91.865463256836, 24.178949356079215], [91.86929321289068, 24.17662048339855], [91.87197875976568, 24.17411041259777], [91.87265014648438, 24.171209335327262], [91.87317657470732, 24.16574096679699], [91.8746109008789, 24.16189193725586], [91.87531280517572, 24.15715980529791], [91.87728881835943, 24.154209136963004], [91.87822723388689, 24.150560379028263], [91.87853240966825, 24.14784812927246], [91.88154602050793, 24.145439147949276], [91.88324737548834, 24.142040252685547], [91.88825225830107, 24.137029647827205], [91.89186096191435, 24.137861251830998], [91.8930206298831, 24.13878059387207], [91.8944702148438, 24.13994026184082], [91.89566040039074, 24.14001083374029], [91.89850616455084, 24.138986587524414], [91.9005203247072, 24.138261795044173], [91.90216064453153, 24.137933731079215], [91.90262603759783, 24.137838363647575], [91.90600585937528, 24.14023971557623], [91.90986633300798, 24.142269134521484], [91.91127777099615, 24.145370483398438], [91.91131591796903, 24.147550582885856], [91.90989685058594, 24.15019035339361], [91.91168212890636, 24.153221130371094], [91.91269683837885, 24.15496063232422], [91.91249847412104, 24.158121109008846], [91.91427612304705, 24.160120010375977], [91.91472625732428, 24.16372108459467], [91.91484832763689, 24.167400360107422], [91.91301727294933, 24.16957283020031], [91.9119262695312, 24.17168807983421], [91.92209625244158, 24.203781127929688], [91.92777252197266, 24.222730636596793], [91.93221282958984, 24.239490509033146], [91.9371414184572, 24.253698348999023], [91.94185638427763, 24.267578125000114], [91.94108581542997, 24.27065086364746], [91.93450164794922, 24.291170120239258], [91.92920684814459, 24.307800292968807], [91.92492675781267, 24.320829391479492], [91.92043304443365, 24.335750579834098], [91.92607879638689, 24.337249755859375], [91.9266967773438, 24.337659835815487], [91.93057250976574, 24.34021949768072], [91.93598175048828, 24.341970443725586], [91.94033050537138, 24.34353065490734], [91.94156646728521, 24.345390319824332], [91.94210052490251, 24.34616088867199], [91.94365692138672, 24.348501205444336], [91.94828033447271, 24.350450515747013], [91.95258331298845, 24.353660583496094], [91.9571075439456, 24.356250762939453], [91.95758819580084, 24.355930328369368], [91.96614074707048, 24.35032081604004], [91.97107696533203, 24.348751068115348], [91.97173309326178, 24.34799766540533], [91.97403717041021, 24.34535980224615], [91.97540283203153, 24.341461181640625], [91.97498321533209, 24.34122848510748], [91.97083282470732, 24.33900070190441], [91.9745178222658, 24.331558227539062], [91.97910308837908, 24.331792831421012], [91.9828414916995, 24.331119537353572], [91.98607635498058, 24.3260498046875], [91.99121093750006, 24.323379516601562], [91.99542999267607, 24.32126045227045], [91.99767303466803, 24.32353019714361], [91.99626922607439, 24.327890396118278], [91.99611663818365, 24.329410552978572], [91.99585723876947, 24.33204078674339], [91.99949645996094, 24.334472656250227], [91.99830627441435, 24.339290618896484], [91.99288940429693, 24.34346008300787], [91.98908996582037, 24.346481323242244], [91.98622894287115, 24.35061073303234], [91.98355102539068, 24.354618072509822], [91.97997283935558, 24.35798072814964], [91.98152923584013, 24.360210418701115], [91.9849395751956, 24.360771179199276], [91.98179626464861, 24.364389419555664], [91.97937011718756, 24.36706924438488], [91.97805786132824, 24.37074279785162], [91.97355651855469, 24.37114906311058], [91.97186279296892, 24.37449073791504], [91.96962738037115, 24.378770828247298], [91.96658325195318, 24.37922859191906], [91.96457672119135, 24.381839752197266], [91.96689605712908, 24.38438034057623], [91.970199584961, 24.386314392089844], [91.9703979492188, 24.386432647705135], [91.97409057617216, 24.388639450073356], [91.97709655761724, 24.386150360107365], [91.97824096679693, 24.385200500488338], [91.9784393310548, 24.380540847778434], [91.98163604736334, 24.379270553588924], [91.98406982421892, 24.37659072875988], [91.98636627197283, 24.37610054016136], [91.98533630371122, 24.381708145141715], [91.98587036132818, 24.384361267089844], [91.98609924316435, 24.385461807251033], [91.98979187011736, 24.38894081115734], [91.99365997314459, 24.387380599975586], [91.9940872192384, 24.387210845947493], [91.99857330322283, 24.39111137390148], [92.00004577636713, 24.392030715942326], [92.00092315673834, 24.390670776367188], [92.0038375854495, 24.38884162902832], [92.00668334960966, 24.38677024841303], [92.00668334960966, 24.383031845092773], [92.01013183593778, 24.38198089599615], [92.01291656494146, 24.383651733398438], [92.01786804199224, 24.384719848632756], [92.02166748046875, 24.38302040100109], [92.02501678466825, 24.380020141601562], [92.02832031250017, 24.379480361938477], [92.03201293945318, 24.380409240722656], [92.03433990478544, 24.37947082519537], [92.03508758544933, 24.379592895507812], [92.03732299804693, 24.379930496215877], [92.04094696044928, 24.37853050231945], [92.04112243652344, 24.378410339355582], [92.04457855224615, 24.375959396362305], [92.048568725586, 24.376831054687557], [92.05629730224638, 24.376010894775504], [92.06418609619158, 24.375749588012752], [92.07189178466803, 24.375329971313533], [92.07521057128906, 24.37585258483898], [92.07618713378923, 24.376010894775504], [92.08039855957048, 24.37585258483898], [92.08273315429693, 24.376640319824276], [92.08370971679693, 24.376970291137695], [92.08509063720732, 24.375839233398494], [92.08574676513689, 24.375289916992415], [92.08904266357428, 24.373420715332145], [92.09366607666044, 24.374280929565487], [92.09654998779325, 24.375480651855696], [92.09992980957037, 24.378499984741268], [92.10003662109392, 24.37861061096197], [92.10308837890642, 24.38280105590826], [92.10531616210966, 24.38351058959961], [92.10820770263672, 24.382131576538143], [92.11193084716803, 24.382720947265682], [92.11596679687511, 24.3843994140625], [92.1192092895509, 24.383810043335018], [92.1237182617188, 24.387300491333008], [92.12383270263666, 24.390449523925724], [92.1216659545899, 24.392320632934798], [92.12300109863287, 24.395019531249943], [92.12541961669939, 24.39707183837902], [92.12792968750006, 24.39919090270996], [92.12963104248053, 24.40284919738781], [92.13183593750028, 24.404190063476506], [92.13269042968756, 24.406112670898438], [92.13581085205107, 24.408170700073242], [92.13755035400419, 24.410221099853516], [92.13571166992205, 24.413339614868278], [92.13569641113298, 24.415519714355526], [92.13697052001982, 24.418819427490234], [92.1375198364259, 24.42027091979986], [92.13912963867205, 24.42444992065441], [92.14045715332048, 24.424608230590934], [92.14277648925798, 24.42488098144554], [92.14795684814459, 24.424209594726506], [92.1521606445313, 24.425180435180778], [92.15573120117205, 24.426422119140682], [92.15599822998053, 24.42637062072754], [92.15979766845709, 24.42486953735346], [92.16377258300787, 24.421722412109318], [92.16687011718756, 24.422109603881836], [92.1675796508789, 24.423070907592773], [92.1700515747072, 24.426460266113395], [92.17166900634794, 24.42908096313471], [92.1727981567384, 24.430891036987305], [92.17044067382812, 24.4326496124267], [92.1695175170899, 24.433521270751953], [92.1660232543947, 24.436790466308537], [92.16313934326172, 24.43919944763195], [92.16281890869146, 24.443809509277457], [92.16520690917997, 24.445632934570312], [92.16680908203142, 24.446861267089957], [92.16452026367205, 24.452121734619254], [92.16445159912138, 24.45551109313965], [92.162826538086, 24.45621109008789], [92.16063690185575, 24.457160949707145], [92.15976715087896, 24.459600448608512], [92.15779113769526, 24.460376739501953], [92.15764617919939, 24.46076965332037], [92.15780639648438, 24.46277999877941], [92.15966796875028, 24.465919494628963], [92.1599426269533, 24.466110229492244], [92.16352081298828, 24.46864128112793], [92.16095733642584, 24.47137832641613], [92.15970611572266, 24.472829818725586], [92.15969848632807, 24.473100662231445], [92.15936279296892, 24.4746608734132], [92.15943908691412, 24.476961135864258], [92.15878295898455, 24.47735023498535], [92.1551284790039, 24.479539871215934], [92.15383148193376, 24.483560562133903], [92.15306854248064, 24.48812294006359], [92.15619659423834, 24.489137649536133], [92.15629577636736, 24.489719390869084], [92.15703582763672, 24.494100570678768], [92.15643310546903, 24.498220443725586], [92.15528106689482, 24.498809814453125], [92.15239715576183, 24.50027084350586], [92.15409851074224, 24.50419807434082], [92.15439605712908, 24.504890441894474], [92.156059265137, 24.50764083862316], [92.16057586669928, 24.507741928100586], [92.16146087646501, 24.512300491333065], [92.15912628173822, 24.513248443603516], [92.156059265137, 24.51589965820324], [92.15541839599615, 24.51820945739746], [92.15511322021479, 24.519319534301815], [92.15587615966791, 24.524229049682674], [92.15782928466814, 24.52485084533697], [92.1613159179688, 24.525972366333008], [92.16335296630876, 24.528129577636832], [92.16417694091803, 24.52901077270502], [92.16651916503935, 24.5293807983399], [92.16970825195318, 24.531419754028434], [92.17336273193365, 24.533969879150334], [92.17758178710966, 24.530639648437443], [92.1795425415039, 24.528551101684684], [92.17916870117188, 24.52658081054699], [92.17858123779291, 24.523479461669865], [92.18150329589844, 24.523019790649528], [92.18519592285168, 24.522872924804688]]]}}]}